time,open,high,low,close
2025-04-25T13:35:00Z,25.40997459,25.40997459,25.40997459,25.40997459
2025-04-25T13:50:00Z,25.24997475,25.24997475,25.24997475,25.24997475
2025-04-25T14:10:00Z,26.15997384,26.15997384,26.15997384,26.15997384
2025-04-25T14:25:00Z,25.70997429,25.70997429,25.70997429,25.70997429
2025-04-25T14:55:00Z,26.06997393,26.06997393,26.06997393,26.06997393
2025-04-25T15:20:00Z,25.88997411,25.88997411,25.88997411,25.88997411
2025-04-25T15:35:00Z,25.999974,25.999974,25.999974,25.999974
2025-04-25T15:50:00Z,25.86997413,25.86997413,25.81997418,25.81997418
2025-04-25T15:55:00Z,25.88997411,25.999974,25.88997411,25.999974
2025-04-25T16:40:00Z,26.77997322,26.77997322,26.77997322,26.77997322
2025-04-25T17:20:00Z,26.7999732,26.7999732,26.7999732,26.7999732
2025-04-25T17:25:00Z,26.83997316,26.83997316,26.83997316,26.83997316
2025-04-25T17:35:00Z,26.7999732,26.7999732,26.7999732,26.7999732
2025-04-25T17:50:00Z,26.34997365,26.34997365,26.26997373,26.27997372
2025-04-25T18:15:00Z,26.55997344,26.55997344,26.53997346,26.53997346
2025-04-25T18:40:00Z,26.86997313,26.86997313,26.86997313,26.86997313
2025-04-25T19:30:00Z,26.82997317,26.82997317,26.82997317,26.82997317
2025-04-25T19:35:00Z,26.55997344,26.55997344,26.55997344,26.55997344
2025-04-28T13:30:00Z,27.34997265,27.34997265,26.66997333,26.66997333
2025-04-28T13:45:00Z,27.70997229,27.70997229,27.63997236,27.63997236
2025-04-28T13:50:00Z,27.38997261,27.38997261,27.38997261,27.38997261
2025-04-28T13:55:00Z,27.34997265,27.34997265,26.91997308,26.91997308
2025-04-28T14:00:00Z,26.4999735,26.8999731,26.4999735,26.8999731
2025-04-28T14:10:00Z,27.74997225,27.74997225,27.74997225,27.74997225
2025-04-28T14:15:00Z,27.85997214,28.0999719,27.85997214,28.0999719
2025-04-28T14:20:00Z,28.04997195,28.04997195,27.999972,27.999972
2025-04-28T14:25:00Z,28.04997195,28.04997195,28.04997195,28.04997195
2025-04-28T14:30:00Z,27.77097223,27.77097223,27.77097223,27.77097223
2025-04-28T14:35:00Z,27.85997214,27.85997214,27.85997214,27.85997214
2025-04-28T14:40:00Z,28.43997156,28.43997156,28.07997192,28.11997188
2025-04-28T14:50:00Z,28.38997161,28.38997161,27.98997201,27.98997201
2025-04-28T15:05:00Z,27.5999724,27.5999724,27.44997255,27.45997254
2025-04-28T15:10:00Z,27.45997254,27.45997254,27.45997254,27.45997254
2025-04-28T15:20:00Z,26.999973,26.999973,26.6999733,26.6999733
2025-04-28T15:25:00Z,26.6999733,26.6999733,26.63997336,26.63997336
2025-04-28T15:45:00Z,26.71997328,26.71997328,26.71997328,26.71997328
2025-04-28T16:00:00Z,27.10997289,27.10997289,26.999973,26.999973
2025-04-28T16:55:00Z,27.31997268,27.31997268,27.31997268,27.31997268
2025-04-28T17:20:00Z,27.34997265,27.34997265,27.34997265,27.34997265
2025-04-28T17:40:00Z,27.51997248,27.51997248,27.51997248,27.51997248
2025-04-28T18:45:00Z,27.73997226,27.73997226,27.73997226,27.73997226
2025-04-28T18:55:00Z,27.74997225,27.74997225,27.74997225,27.74997225
2025-04-28T19:10:00Z,27.999972,28.04997195,27.999972,28.04997195
2025-04-28T19:35:00Z,28.25997174,28.27997172,28.25997174,28.27997172
2025-04-28T19:45:00Z,28.2999717,28.36997163,28.2999717,28.36997163
2025-04-28T19:55:00Z,28.3999716,28.3999716,28.3999716,28.3999716
2025-04-29T13:30:00Z,28.6999713,28.6999713,28.6999713,28.6999713
2025-04-29T13:45:00Z,28.5999714,28.5999714,28.5999714,28.5999714
2025-04-29T13:55:00Z,28.3999716,28.81997118,28.3999716,28.61997138
2025-04-29T14:00:00Z,28.61997138,29.27997072,28.61997138,29.27997072
2025-04-29T14:10:00Z,28.999971,28.999971,28.77997122,28.77997122
2025-04-29T14:15:00Z,28.999971,28.999971,28.999971,28.999971
2025-04-29T14:25:00Z,28.3999716,28.3999716,28.2999717,28.2999717
2025-04-29T14:40:00Z,28.999971,28.999971,28.95997104,28.95997104
2025-04-29T14:45:00Z,28.87997112,28.87997112,28.87997112,28.87997112
2025-04-29T14:50:00Z,28.70997129,28.70997129,28.70997129,28.70997129
2025-04-29T15:00:00Z,28.75997124,28.75997124,28.75997124,28.75997124
2025-04-29T15:10:00Z,28.25997174,28.25997174,28.1999718,28.1999718
2025-04-29T15:30:00Z,28.32997167,28.32997167,28.32997167,28.32997167
2025-04-29T16:15:00Z,28.3999716,28.3999716,28.3999716,28.3999716
2025-04-29T16:20:00Z,28.3999716,28.3999716,28.3999716,28.3999716
2025-04-29T16:25:00Z,28.3999716,28.3999716,28.3999716,28.3999716
2025-04-29T16:45:00Z,28.0999719,28.0999719,28.0999719,28.0999719
2025-04-29T16:55:00Z,27.7999722,27.7999722,27.7999722,27.7999722
2025-04-29T17:40:00Z,28.08997191,28.08997191,28.08997191,28.08997191
2025-04-29T18:05:00Z,28.4999715,28.4999715,28.4999715,28.4999715
2025-04-29T19:00:00Z,28.51997148,28.51997148,28.51997148,28.51997148
2025-04-29T19:35:00Z,28.67997132,28.67997132,28.67997132,28.67997132
2025-04-29T19:40:00Z,28.84997115,28.84997115,28.84997115,28.84997115
2025-04-29T19:45:00Z,28.94997105,28.999971,28.94997105,28.999971
2025-04-30T13:30:00Z,21.4999785,22.1999778,21.4999785,22.1999778
2025-04-30T13:40:00Z,22.3999776,22.3999776,22.3999776,22.3999776
2025-04-30T13:45:00Z,23.5999764,24.27997572,23.5999764,24.11997588
2025-04-30T14:00:00Z,23.5999764,23.5999764,23.5999764,23.5999764
2025-04-30T14:05:00Z,23.42997657,23.42997657,23.42997657,23.42997657
2025-04-30T14:10:00Z,24.27997572,24.27997572,24.27997572,24.27997572
2025-04-30T14:15:00Z,24.4999755,24.4999755,24.21997578,24.21997578
2025-04-30T14:25:00Z,24.68997531,24.68997531,24.55997544,24.55997544
2025-04-30T14:30:00Z,24.75997524,24.75997524,24.75997524,24.75997524
2025-04-30T14:35:00Z,24.64997535,24.64997535,24.54997545,24.54997545
2025-04-30T14:50:00Z,25.03997496,25.03997496,24.64997535,24.64997535
2025-04-30T15:00:00Z,24.74997525,24.74997525,24.74997525,24.74997525
2025-04-30T15:15:00Z,24.94997505,24.94997505,24.88997511,24.88997511
2025-04-30T15:20:00Z,24.93997506,24.93997506,24.74997525,24.74997525
2025-04-30T15:35:00Z,24.91997508,24.91997508,24.91997508,24.91997508
2025-04-30T15:40:00Z,24.84997515,24.84997515,24.84997515,24.84997515
2025-04-30T15:45:00Z,25.06997493,25.06997493,25.06997493,25.06997493
2025-04-30T16:10:00Z,25.6999743,25.6999743,25.65997434,25.65997434
2025-04-30T16:15:00Z,25.65997434,25.65997434,25.61997438,25.61997438
2025-04-30T16:40:00Z,25.8999741,25.8999741,25.7999742,25.7999742
2025-04-30T16:50:00Z,25.46997453,25.46997453,25.46997453,25.46997453
2025-04-30T17:05:00Z,25.45997454,25.45997454,25.3999746,25.3999746
2025-04-30T17:20:00Z,24.93997506,24.93997506,24.93997506,24.93997506
2025-04-30T17:45:00Z,25.4999745,25.4999745,25.4999745,25.4999745
2025-04-30T17:50:00Z,25.30997469,25.30997469,25.20997479,25.20997479
2025-04-30T18:25:00Z,25.50997449,25.50997449,25.50997449,25.50997449
2025-04-30T18:30:00Z,25.37997462,25.37997462,25.37997462,25.37997462
2025-04-30T18:35:00Z,25.37997462,25.37997462,25.37997462,25.37997462
2025-04-30T18:55:00Z,25.33997466,25.33997466,25.33997466,25.33997466
2025-04-30T19:20:00Z,25.13997486,25.13997486,24.90997509,24.90997509
2025-04-30T19:30:00Z,25.11997488,25.11997488,25.0999749,25.0999749
2025-04-30T19:50:00Z,25.10997489,25.10997489,25.10997489,25.10997489
2025-05-01T13:30:00Z,27.0999729,27.0999729,26.73997326,26.73997326
2025-05-01T13:35:00Z,26.8999731,26.8999731,26.4999735,26.4999735
2025-05-01T13:55:00Z,26.95497305,26.95497305,26.81497319,26.83997316
2025-05-01T14:00:00Z,26.4999735,26.4999735,26.30997369,26.31997368
2025-05-01T14:35:00Z,28.52997147,28.52997147,28.52997147,28.52997147
2025-05-01T14:40:00Z,27.999972,27.999972,27.999972,27.999972
2025-05-01T14:45:00Z,27.999972,27.999972,27.999972,27.999972
2025-05-01T15:25:00Z,27.88997211,27.88997211,27.88997211,27.88997211
2025-05-01T15:50:00Z,28.2999717,28.2999717,28.2999717,28.2999717
2025-05-01T16:15:00Z,27.6999723,27.6999723,27.6999723,27.6999723
2025-05-01T16:25:00Z,27.45997254,27.45997254,27.45997254,27.45997254
2025-05-01T16:30:00Z,27.54997245,27.54997245,27.54997245,27.54997245
2025-05-01T16:50:00Z,26.999973,26.999973,26.999973,26.999973
2025-05-01T17:25:00Z,27.31997268,27.31997268,27.31997268,27.31997268
2025-05-01T17:45:00Z,27.01997298,27.01997298,27.01997298,27.01997298
2025-05-01T18:20:00Z,27.20997279,27.20997279,27.20997279,27.20997279
2025-05-01T19:00:00Z,27.0999729,27.0999729,27.0999729,27.0999729
2025-05-01T19:10:00Z,27.17997282,27.17997282,27.17997282,27.17997282
2025-05-01T19:40:00Z,27.17997282,27.17997282,27.11997288,27.13997286
2025-05-01T19:50:00Z,27.00997299,27.00997299,27.00997299,27.00997299
2025-05-01T19:55:00Z,26.999973,26.999973,26.74997325,26.74997325
2025-05-02T13:35:00Z,29.74997025,29.77997022,29.74997025,29.77997022
2025-05-02T13:40:00Z,29.57997042,29.62997037,29.57997042,29.62997037
2025-05-02T13:45:00Z,30.3999696,30.3999696,30.3999696,30.3999696
2025-05-02T13:50:00Z,29.99997,29.99997,29.84997015,29.8999701
2025-05-02T14:00:00Z,30.33996966,30.4999695,30.33996966,30.4999695
2025-05-02T14:20:00Z,30.37996962,30.37996962,30.37996962,30.37996962
2025-05-02T14:25:00Z,31.0999689,31.0999689,31.0999689,31.0999689
2025-05-02T14:40:00Z,31.0999689,31.0999689,31.0999689,31.0999689
2025-05-02T14:55:00Z,30.999969,30.999969,30.95996904,30.999969
2025-05-02T15:05:00Z,30.4999695,30.51996948,30.4999695,30.51996948
2025-05-02T15:15:00Z,31.14996885,31.17996882,31.14996885,31.17996882
2025-05-02T15:20:00Z,30.7999692,30.7999692,30.78996921,30.78996921
2025-05-02T15:25:00Z,30.67996932,30.67996932,30.67996932,30.67996932
2025-05-02T15:35:00Z,30.76996923,30.76996923,30.76996923,30.76996923
2025-05-02T15:40:00Z,30.78996921,30.78996921,30.78996921,30.78996921
2025-05-02T15:55:00Z,31.37996862,31.37996862,31.37996862,31.37996862
2025-05-02T16:05:00Z,31.5999684,31.5999684,31.5999684,31.5999684
2025-05-02T16:10:00Z,31.73996826,31.73996826,31.73996826,31.73996826
2025-05-02T16:15:00Z,32.01996798,32.01996798,32.01996798,32.01996798
2025-05-02T16:40:00Z,32.20996779,32.20996779,32.18996781,32.18996781
2025-05-02T17:40:00Z,32.08996791,32.08996791,32.08996791,32.08996791
2025-05-02T18:05:00Z,32.65996734,32.65996734,32.65996734,32.65996734
2025-05-02T18:15:00Z,32.18996781,32.18996781,32.17996782,32.17996782
2025-05-02T18:20:00Z,32.18996781,32.18996781,32.17996782,32.17996782
2025-05-02T18:25:00Z,32.22996777,32.22996777,32.22996777,32.22996777
2025-05-02T18:35:00Z,32.27996772,32.27996772,32.27996772,32.27996772
2025-05-02T18:55:00Z,32.48996751,32.4999675,32.48996751,32.4999675
2025-05-02T19:10:00Z,32.53996746,32.53996746,32.53996746,32.53996746
2025-05-02T19:20:00Z,32.25996774,32.25996774,32.25996774,32.25996774
2025-05-05T13:30:00Z,30.52996947,30.5999694,30.52996947,30.5999694
2025-05-05T13:35:00Z,30.21996978,30.21996978,30.16996983,30.16996983
2025-05-05T13:40:00Z,30.12996987,30.12996987,29.99997,29.99997
2025-05-05T13:50:00Z,31.3999686,31.3999686,31.3999686,31.3999686
2025-05-05T13:55:00Z,31.7999682,31.7999682,31.7999682,31.7999682
2025-05-05T14:00:00Z,31.93996806,31.93996806,31.72996827,31.72996827
2025-05-05T14:05:00Z,31.61996838,31.61996838,31.61996838,31.61996838
2025-05-05T14:30:00Z,30.6999693,30.6999693,30.6999693,30.6999693
2025-05-05T14:35:00Z,30.48996951,30.48996951,30.48996951,30.48996951
2025-05-05T14:40:00Z,30.8999691,31.04996895,30.8999691,31.04996895
2025-05-05T15:00:00Z,31.56996843,31.56996843,31.56996843,31.56996843
2025-05-05T15:10:00Z,31.66996833,31.67996832,31.66996833,31.67996832
2025-05-05T16:25:00Z,31.48996851,31.4999685,31.48996851,31.4999685
2025-05-05T16:35:00Z,31.4999685,31.55996844,31.4999685,31.55996844
2025-05-05T16:40:00Z,31.77996822,31.77996822,31.77996822,31.77996822
2025-05-05T16:45:00Z,31.6999683,31.6999683,31.6999683,31.6999683
2025-05-05T16:50:00Z,31.55996844,31.55996844,31.55996844,31.55996844
2025-05-05T16:55:00Z,31.72996827,31.72996827,31.72996827,31.72996827
2025-05-05T18:50:00Z,31.8999681,31.8999681,31.8999681,31.8999681
2025-05-05T19:20:00Z,31.66996833,31.66996833,31.66996833,31.66996833
2025-05-05T19:25:00Z,31.5999684,31.5999684,31.54996845,31.54996845
2025-05-05T19:30:00Z,31.54996845,31.54996845,31.54996845,31.54996845
2025-05-05T19:35:00Z,31.63996836,31.63996836,31.63996836,31.63996836
2025-05-05T19:50:00Z,31.3999686,31.3999686,31.3999686,31.3999686
2025-05-06T13:30:00Z,29.1999708,29.64997035,29.1999708,29.53997046
2025-05-06T13:45:00Z,30.14996985,30.14996985,30.14996985,30.14996985
2025-05-06T13:50:00Z,30.12996987,30.12996987,30.12996987,30.12996987
2025-05-06T14:00:00Z,29.54997045,29.99997,29.4999705,29.99997
2025-05-06T14:10:00Z,30.52996947,30.52996947,30.52996947,30.52996947
2025-05-06T14:25:00Z,30.7999692,30.7999692,30.7999692,30.7999692
2025-05-06T14:30:00Z,30.72996927,30.72996927,30.72996927,30.72996927
2025-05-06T15:05:00Z,31.1999688,31.1999688,31.1999688,31.1999688
2025-05-06T15:10:00Z,31.30996869,31.30996869,31.2999687,31.2999687
2025-05-06T16:00:00Z,31.0999689,31.0999689,31.0999689,31.0999689
2025-05-06T16:15:00Z,31.48996851,31.48996851,31.48996851,31.48996851
2025-05-06T16:40:00Z,31.30996869,31.30996869,31.30996869,31.30996869
2025-05-06T17:00:00Z,30.5999694,30.5999694,30.5999694,30.5999694
2025-05-06T17:15:00Z,30.74996925,30.74996925,30.71996928,30.71996928
2025-05-06T17:40:00Z,30.7999692,30.7999692,30.7999692,30.7999692
2025-05-06T18:25:00Z,31.47996852,31.47996852,31.47996852,31.47996852
2025-05-06T18:35:00Z,31.65996834,31.65996834,31.65996834,31.65996834
2025-05-06T18:40:00Z,31.51996848,31.51996848,31.51996848,31.51996848
2025-05-06T18:45:00Z,31.51996848,31.51996848,31.51996848,31.51996848
2025-05-06T18:50:00Z,31.4999685,31.4999685,31.4999685,31.4999685
2025-05-06T19:00:00Z,31.88996811,31.88996811,31.88996811,31.88996811
2025-05-06T19:10:00Z,31.8999681,31.8999681,31.8999681,31.8999681
2025-05-06T19:20:00Z,31.94996805,31.94996805,31.94996805,31.94996805
2025-05-06T19:35:00Z,31.94996805,31.94996805,31.94996805,31.94996805
2025-05-06T19:55:00Z,31.6999683,31.72996827,31.6999683,31.72996827
2025-05-07T13:30:00Z,30.1999698,30.1999698,30.1999698,30.1999698
2025-05-07T13:35:00Z,30.4999695,30.58996941,30.4999695,30.58996941
2025-05-07T13:40:00Z,31.02996897,31.02996897,30.4999695,30.7999692
2025-05-07T13:45:00Z,30.4999695,30.92996907,30.4999695,30.92996907
2025-05-07T13:50:00Z,30.42996957,30.42996957,30.0999699,30.0999699
2025-05-07T13:55:00Z,30.0999699,30.40996959,29.99997,30.3999696
2025-05-07T14:00:00Z,30.2999697,30.3999696,30.2999697,30.3999696
2025-05-07T14:05:00Z,30.54996945,30.54996945,30.54996945,30.54996945
2025-05-07T14:10:00Z,30.7999692,30.7999692,30.54996945,30.54996945
2025-05-07T14:15:00Z,30.43996956,30.43996956,30.43996956,30.43996956
2025-05-07T14:20:00Z,30.00996999,30.47996952,29.99997,30.25996974
2025-05-07T14:30:00Z,30.77996922,30.77996922,30.67996932,30.67996932
2025-05-07T14:35:00Z,30.75996924,30.75996924,30.75996924,30.75996924
2025-05-07T14:40:00Z,30.8999691,30.8999691,30.8999691,30.8999691
2025-05-07T14:45:00Z,30.70996929,30.88996911,30.54996945,30.54996945
2025-05-07T14:50:00Z,30.47996952,30.47996952,30.47996952,30.47996952
2025-05-07T14:55:00Z,29.99997,29.99997,29.98997001,29.98997001
2025-05-07T15:00:00Z,29.5999704,29.74997025,29.4999705,29.74997025
2025-05-07T15:05:00Z,29.5999704,29.63997036,29.5999704,29.63997036
2025-05-07T15:10:00Z,29.74997025,29.74997025,29.74997025,29.74997025
2025-05-07T15:20:00Z,29.71997028,29.71997028,29.71997028,29.71997028
2025-05-07T15:25:00Z,29.6999703,29.6999703,29.6999703,29.6999703
2025-05-07T15:35:00Z,29.99997,29.99997,29.99997,29.99997
2025-05-07T15:45:00Z,30.22996977,30.22996977,29.86997013,29.86997013
2025-05-07T16:00:00Z,29.7999702,29.7999702,29.7999702,29.7999702
2025-05-07T16:05:00Z,29.6999703,29.8999701,29.6999703,29.8999701
2025-05-07T16:10:00Z,29.8999701,29.8999701,29.87997012,29.87997012
2025-05-07T16:15:00Z,29.6999703,29.6999703,29.6999703,29.6999703
2025-05-07T16:20:00Z,29.68997031,29.68997031,29.54997045,29.54997045
2025-05-07T16:30:00Z,29.4999705,29.4999705,29.4999705,29.4999705
2025-05-07T17:05:00Z,30.50996949,30.66996933,30.50996949,30.66996933
2025-05-07T17:10:00Z,30.6999693,30.6999693,30.6999693,30.6999693
2025-05-07T17:15:00Z,30.999969,30.999969,30.96996903,30.96996903
2025-05-07T18:00:00Z,30.11996988,30.11996988,30.11996988,30.11996988
2025-05-07T18:05:00Z,30.0999699,30.0999699,29.5999704,29.68997031
2025-05-07T18:15:00Z,29.4999705,29.4999705,29.45997054,29.45997054
2025-05-07T18:30:00Z,30.0999699,30.31996968,30.0999699,30.31996968
2025-05-07T18:55:00Z,30.73996926,30.73996926,30.72996927,30.72996927
2025-05-07T19:00:00Z,30.73996926,30.73996926,30.73996926,30.73996926
2025-05-07T19:05:00Z,30.64996935,31.00996899,30.64996935,31.00996899
2025-05-07T19:10:00Z,30.97996902,30.97996902,30.82996917,30.83996916
2025-05-07T19:20:00Z,30.71996928,30.71996928,30.71996928,30.71996928
2025-05-07T19:25:00Z,30.55996944,30.55996944,30.40996959,30.40996959
2025-05-07T19:35:00Z,30.64496936,30.64496936,30.64496936,30.64496936
2025-05-07T19:40:00Z,30.5999694,30.5999694,30.5999694,30.5999694
2025-05-07T19:45:00Z,31.32996867,31.32996867,30.999969,30.999969
2025-05-07T19:50:00Z,30.77996922,30.84996915,30.77996922,30.84996915
2025-05-07T19:55:00Z,31.23996876,31.5999684,31.23996876,31.5999684
2025-05-08T13:30:00Z,39.8999601,39.99996,38.87996112,38.999961
2025-05-08T13:35:00Z,39.99996,40.7999592,39.45996054,40.7999592
2025-05-08T13:40:00Z,41.27995872,42.1999578,40.74995925,40.74995925
2025-05-08T13:45:00Z,41.17995882,41.17995882,39.99996,39.99996
2025-05-08T13:50:00Z,40.01995998,40.01995998,39.4999605,39.4999605
2025-05-08T13:55:00Z,39.67996032,41.10995889,39.67996032,40.92995907
2025-05-08T14:00:00Z,41.03995896,42.4999575,41.03995896,42.4999575
2025-05-08T14:05:00Z,41.90995809,42.27995772,41.90995809,42.27995772
2025-05-08T14:10:00Z,41.999958,42.12995787,41.7999582,41.999958
2025-05-08T14:15:00Z,41.2999587,41.2999587,40.27995972,40.76995923
2025-05-08T14:25:00Z,40.46995953,40.51995948,40.00995999,40.00995999
2025-05-08T14:30:00Z,39.99996,39.99996,39.99996,39.99996
2025-05-08T14:35:00Z,39.41996058,39.41996058,39.24996075,39.24996075
2025-05-08T14:40:00Z,39.95996004,39.95996004,39.95996004,39.95996004
2025-05-08T14:45:00Z,39.5999604,39.5999604,39.5999604,39.5999604
2025-05-08T14:50:00Z,39.64996035,39.7999602,39.3999606,39.3999606
2025-05-08T14:55:00Z,39.02996097,39.02996097,38.91996108,38.92996107
2025-05-08T15:00:00Z,39.11996088,39.11996088,39.11996088,39.11996088
2025-05-08T15:05:00Z,39.26996073,39.4999605,39.26996073,39.4999605
2025-05-08T15:20:00Z,40.13995986,40.8999591,40.13995986,40.8999591
2025-05-08T15:25:00Z,41.12995887,41.12995887,41.12995887,41.12995887
2025-05-08T15:30:00Z,40.77995922,40.77995922,40.77995922,40.77995922
2025-05-08T15:35:00Z,40.72995927,40.72995927,40.4999595,40.4999595
2025-05-08T15:40:00Z,40.34995965,40.34995965,40.34995965,40.34995965
2025-05-08T15:45:00Z,40.34995965,40.34995965,40.2999597,40.2999597
2025-05-08T15:50:00Z,40.2999597,40.2999597,39.99996,40.02995997
2025-05-08T15:55:00Z,39.94996005,39.95996004,39.94996005,39.95996004
2025-05-08T16:10:00Z,39.90996009,39.90996009,39.86996013,39.86996013
2025-05-08T16:15:00Z,39.93996006,39.97996002,39.77996022,39.77996022
2025-05-08T16:20:00Z,39.4999605,39.4999605,39.0999609,39.0999609
2025-05-08T16:25:00Z,39.04996095,39.0999609,38.74996125,38.999961
2025-05-08T16:30:00Z,38.80996119,38.85996114,38.80996119,38.85996114
2025-05-08T16:50:00Z,39.50996049,39.50996049,39.50996049,39.50996049
2025-05-08T17:00:00Z,39.99996,39.99996,39.98996001,39.98996001
2025-05-08T17:05:00Z,40.02995997,40.08995991,40.02995997,40.08995991
2025-05-08T17:15:00Z,40.00995999,40.4999595,40.00995999,40.4999595
2025-05-08T17:25:00Z,40.45995954,40.45995954,40.45995954,40.45995954
2025-05-08T17:35:00Z,40.1999598,40.1999598,40.10995989,40.10995989
2025-05-08T17:45:00Z,39.96996003,40.24995975,39.96996003,40.24995975
2025-05-08T17:55:00Z,40.13995986,40.13995986,40.13995986,40.13995986
2025-05-08T18:20:00Z,39.99996,39.99996,39.99996,39.99996
2025-05-08T18:30:00Z,40.02995997,40.08995991,40.02995997,40.08995991
2025-05-08T18:35:00Z,40.17995982,40.17995982,39.99996,40.07995992
2025-05-08T18:45:00Z,39.99996,39.99996,39.99996,39.99996
2025-05-08T19:10:00Z,39.47996052,39.47996052,39.47996052,39.47996052
2025-05-08T19:15:00Z,38.93996106,38.93996106,38.93996106,38.93996106
2025-05-08T19:25:00Z,38.82096118,38.82096118,38.82096118,38.82096118
2025-05-08T19:35:00Z,38.62996137,38.62996137,38.1999618,38.1999618
2025-05-08T19:55:00Z,38.999961,38.999961,38.999961,38.999961
2025-05-09T13:30:00Z,39.82996017,39.82996017,39.82996017,39.82996017
2025-05-09T13:35:00Z,40.76995923,41.1999588,40.76995923,41.16995883
2025-05-09T13:40:00Z,40.5999594,40.999959,40.4999595,40.999959
2025-05-09T13:45:00Z,40.5999594,40.5999594,40.2999597,40.2999597
2025-05-09T13:50:00Z,39.99996,39.99996,39.64996035,39.65996034
2025-05-09T13:55:00Z,39.98996001,39.99996,39.98996001,39.99996
2025-05-09T14:00:00Z,39.65996034,39.65996034,39.64996035,39.64996035
2025-05-09T14:05:00Z,38.999961,38.999961,38.999961,38.999961
2025-05-09T14:10:00Z,39.4999605,39.4999605,39.4999605,39.4999605
2025-05-09T14:15:00Z,39.64996035,39.64996035,39.64996035,39.64996035
2025-05-09T14:20:00Z,39.4999605,39.4999605,39.4999605,39.4999605
2025-05-09T14:25:00Z,39.07996092,39.07996092,38.38996161,38.38996161
2025-05-09T14:30:00Z,39.13996086,39.2999607,39.13996086,39.2999607
2025-05-09T14:35:00Z,38.999961,38.999961,38.44996155,38.44996155
2025-05-09T14:40:00Z,37.999962,37.999962,37.4999625,37.4999625
2025-05-09T14:45:00Z,37.5999624,37.5999624,37.58996241,37.58996241
2025-05-09T14:50:00Z,37.4999625,37.4999625,37.4999625,37.4999625
2025-05-09T14:55:00Z,37.40996259,37.40996259,37.40996259,37.40996259
2025-05-09T15:00:00Z,37.2999627,37.4999625,36.87996312,37.4999625
2025-05-09T15:10:00Z,37.1999628,37.28996271,36.999963,36.999963
2025-05-09T15:15:00Z,36.999963,36.999963,36.999963,36.999963
2025-05-09T15:20:00Z,37.13996286,37.13996286,37.13996286,37.13996286
2025-05-09T15:25:00Z,37.27996272,37.27996272,37.27996272,37.27996272
2025-05-09T15:35:00Z,37.64996235,37.64996235,37.23996276,37.23996276
2025-05-09T15:40:00Z,37.1999628,37.1999628,36.56996343,36.56996343
2025-05-09T15:45:00Z,36.55996344,36.55996344,36.55096345,36.55096345
2025-05-09T15:50:00Z,36.92996307,36.92996307,36.91996308,36.91996308
2025-05-09T15:55:00Z,37.1999628,37.1999628,37.1999628,37.1999628
2025-05-09T16:00:00Z,37.4999625,37.4999625,37.4999625,37.4999625
2025-05-09T16:10:00Z,37.04996295,37.04996295,37.04996295,37.04996295
2025-05-09T16:25:00Z,37.01996298,37.01996298,37.01996298,37.01996298
2025-05-09T16:55:00Z,36.7999632,36.7999632,36.7999632,36.7999632
2025-05-09T17:45:00Z,37.63996236,37.63996236,37.63996236,37.63996236
2025-05-09T17:50:00Z,37.4999625,37.4999625,37.4999625,37.4999625
2025-05-09T18:10:00Z,37.12996287,37.12996287,37.12996287,37.12996287
2025-05-09T18:15:00Z,36.83996316,36.83996316,36.83996316,36.83996316
2025-05-09T18:20:00Z,36.56996343,36.56996343,36.56996343,36.56996343
2025-05-09T18:40:00Z,36.999963,37.06996293,36.999963,36.999963
2025-05-09T18:55:00Z,36.8999631,36.8999631,36.8999631,36.8999631
2025-05-09T19:00:00Z,36.77996322,36.77996322,36.6999633,36.6999633
2025-05-09T19:05:00Z,36.4999635,36.4999635,36.4999635,36.4999635
2025-05-09T19:25:00Z,36.75996324,36.75996324,36.75996324,36.75996324
2025-05-09T19:45:00Z,36.6999633,36.6999633,36.6999633,36.6999633
2025-05-12T13:30:00Z,42.2999577,42.35995764,41.999958,42.35995764
2025-05-12T13:35:00Z,41.7999582,42.0999579,40.95995904,41.34995865
2025-05-12T13:40:00Z,41.32995867,41.32995867,41.32995867,41.32995867
2025-05-12T13:45:00Z,40.999959,41.24995875,40.999959,41.24995875
2025-05-12T13:50:00Z,41.2999587,41.2999587,41.2999587,41.2999587
2025-05-12T14:00:00Z,40.0999599,40.0999599,39.7999602,40.0999599
2025-05-12T14:05:00Z,39.93996006,40.24995975,39.93996006,40.24995975
2025-05-12T14:10:00Z,40.28995971,40.45995954,40.27995972,40.45995954
2025-05-12T14:15:00Z,40.999959,40.999959,40.999959,40.999959
2025-05-12T14:20:00Z,40.78995921,40.7999592,40.74995925,40.74995925
2025-05-12T14:25:00Z,40.82995917,40.82995917,40.71995928,40.71995928
2025-05-12T14:30:00Z,40.44995955,40.44995955,40.44995955,40.44995955
2025-05-12T14:35:00Z,40.27995972,40.999959,40.27995972,40.999959
2025-05-12T14:40:00Z,41.2999587,41.999958,41.2999587,41.999958
2025-05-12T14:50:00Z,41.1999588,41.1999588,41.1999588,41.1999588
2025-05-12T14:55:00Z,41.46995853,41.46995853,41.45995854,41.45995854
2025-05-12T15:00:00Z,41.999958,41.999958,41.97995802,41.999958
2025-05-12T15:05:00Z,42.25995774,42.25995774,41.95995804,41.95995804
2025-05-12T15:15:00Z,42.04995795,42.04995795,42.04995795,42.04995795
2025-05-12T15:20:00Z,41.90995809,41.90995809,41.90995809,41.90995809
2025-05-12T15:35:00Z,41.83995816,41.83995816,41.51995848,41.51995848
2025-05-12T15:55:00Z,41.26995873,41.26995873,41.1999588,41.1999588
2025-05-12T16:00:00Z,40.999959,41.26995873,40.999959,41.26995873
2025-05-12T16:05:00Z,41.12995887,41.12995887,41.12995887,41.12995887
2025-05-12T16:15:00Z,41.44995855,41.58995841,41.44995855,41.58995841
2025-05-12T16:20:00Z,41.60995839,41.60995839,41.58995841,41.58995841
2025-05-12T16:30:00Z,41.61995838,41.61995838,41.3999586,41.3999586
2025-05-12T16:50:00Z,40.70995929,40.70995929,40.6999593,40.70995929
2025-05-12T16:55:00Z,40.4999595,40.4999595,40.4999595,40.4999595
2025-05-12T18:15:00Z,41.2999587,41.2999587,41.2999587,41.2999587
2025-05-12T18:20:00Z,41.3999586,41.3999586,41.3999586,41.3999586
2025-05-12T18:35:00Z,41.2999587,41.2999587,41.2999587,41.2999587
2025-05-12T19:05:00Z,41.12995887,41.12995887,41.12995887,41.12995887
2025-05-12T19:10:00Z,40.4999595,40.4999595,40.4999595,40.4999595
2025-05-12T19:35:00Z,40.52995947,40.52995947,40.52995947,40.52995947
2025-05-13T13:30:00Z,40.8999591,40.8999591,40.8999591,40.8999591
2025-05-13T13:35:00Z,41.26995873,42.999957,41.26995873,42.999957
2025-05-13T13:40:00Z,42.999957,43.57995642,42.999957,43.57995642
2025-05-13T13:45:00Z,43.6999563,43.75995624,43.4999565,43.4999565
2025-05-13T13:55:00Z,44.24995575,44.24995575,44.24995575,44.24995575
2025-05-13T14:00:00Z,44.41995558,44.41995558,44.07995592,44.07995592
2025-05-13T14:05:00Z,43.96995603,43.96995603,43.94995605,43.95995604
2025-05-13T14:10:00Z,44.45995554,44.90995509,44.45995554,44.90995509
2025-05-13T14:15:00Z,44.6999553,44.88995511,44.60995539,44.82995517
2025-05-13T14:20:00Z,44.999955,45.14995485,44.999955,45.14995485
2025-05-13T14:25:00Z,44.44995555,44.73995526,44.44995555,44.73995526
2025-05-13T14:30:00Z,45.15995484,45.15995484,45.15995484,45.15995484
2025-05-13T14:35:00Z,45.30995469,45.37995462,45.30995469,45.37995462
2025-05-13T14:40:00Z,44.999955,45.03995496,44.999955,44.999955
2025-05-13T14:45:00Z,45.00995499,45.00995499,45.00995499,45.00995499
2025-05-13T14:50:00Z,45.48995451,45.8999541,45.48995451,45.8999541
2025-05-13T15:00:00Z,45.999954,45.999954,45.999954,45.999954
2025-05-13T15:05:00Z,46.0999539,46.32995367,46.0999539,46.32995367
2025-05-13T15:10:00Z,46.45995354,46.51995348,46.45995354,46.51995348
2025-05-13T15:15:00Z,46.3999536,46.80995319,46.2999537,46.80995319
2025-05-13T15:20:00Z,46.6999533,46.6999533,46.5999534,46.5999534
2025-05-13T15:40:00Z,47.47995252,47.81995218,47.47995252,47.81995218
2025-05-13T15:45:00Z,47.999952,47.999952,47.98995201,47.98995201
2025-05-13T15:50:00Z,47.94995205,47.94995205,47.72995227,47.72995227
2025-05-13T16:00:00Z,47.64995235,47.64995235,47.64095236,47.64095236
2025-05-13T16:05:00Z,47.999952,47.999952,47.999952,47.999952
2025-05-13T16:10:00Z,47.74995225,47.74995225,47.71995228,47.71995228
2025-05-13T16:20:00Z,47.70995229,47.71995228,47.63995236,47.63995236
2025-05-13T16:25:00Z,47.58995241,47.85995214,47.58995241,47.85995214
2025-05-13T16:30:00Z,47.60995239,47.60995239,47.47995252,47.47995252
2025-05-13T16:35:00Z,47.37995262,47.44995255,47.37995262,47.44995255
2025-05-13T16:40:00Z,47.54995245,47.54995245,47.54995245,47.54995245
2025-05-13T16:45:00Z,47.1999528,47.34995265,47.1999528,47.34995265
2025-05-13T16:50:00Z,47.14495286,47.14495286,47.14495286,47.14495286
2025-05-13T16:55:00Z,47.20995279,47.20995279,47.20995279,47.20995279
2025-05-13T17:00:00Z,46.999953,46.999953,46.80995319,46.80995319
2025-05-13T17:10:00Z,47.53995246,47.53995246,47.31995268,47.31995268
2025-05-13T17:25:00Z,47.67995232,47.67995232,47.67995232,47.67995232
2025-05-13T17:35:00Z,47.13995286,47.13995286,47.13995286,47.13995286
2025-05-13T17:45:00Z,47.08995291,47.08995291,47.08995291,47.08995291
2025-05-13T18:25:00Z,47.04995295,47.04995295,47.04995295,47.04995295
2025-05-13T18:30:00Z,46.76995323,46.76995323,46.76995323,46.76995323
2025-05-13T18:45:00Z,46.4999535,46.4999535,46.4999535,46.4999535
2025-05-13T19:10:00Z,46.999953,46.999953,46.999953,46.999953
2025-05-13T19:30:00Z,46.4999535,46.58995341,46.4999535,46.58995341
2025-05-13T19:35:00Z,45.999954,45.999954,45.999954,45.999954
2025-05-13T19:40:00Z,45.67995432,45.67995432,45.65995434,45.65995434
2025-05-13T19:45:00Z,45.4999545,45.4999545,45.4999545,45.4999545
2025-05-13T19:50:00Z,45.3999546,45.44995455,45.3999546,45.44995455
2025-05-13T19:55:00Z,45.60995439,45.92995407,45.60995439,45.8999541
2025-05-14T13:30:00Z,47.23995276,47.23995276,47.1999528,47.1999528
2025-05-14T13:35:00Z,46.999953,46.999953,46.82995317,46.82995317
2025-05-14T13:40:00Z,46.48995351,46.48995351,45.92995407,45.999954
2025-05-14T13:45:00Z,45.80995419,45.80995419,45.63995436,45.63995436
2025-05-14T13:50:00Z,45.5999544,45.5999544,45.4999545,45.4999545
2025-05-14T13:55:00Z,45.5999544,45.5999544,45.5999544,45.5999544
2025-05-14T14:00:00Z,46.00995399,46.00995399,46.00995399,46.00995399
2025-05-14T14:25:00Z,46.26995373,46.26995373,45.999954,45.999954
2025-05-14T14:55:00Z,46.25995374,46.25995374,46.25995374,46.25995374
2025-05-14T15:00:00Z,45.999954,45.999954,45.84995415,45.84995415
2025-05-14T15:05:00Z,45.999954,45.999954,45.999954,45.999954
2025-05-14T15:15:00Z,46.00995399,46.00995399,45.999954,45.999954
2025-05-14T15:25:00Z,46.3999536,46.3999536,46.3999536,46.3999536
2025-05-14T15:30:00Z,46.5999534,46.5999534,46.5999534,46.5999534
2025-05-14T15:45:00Z,46.2999537,46.2999537,46.2999537,46.2999537
2025-05-14T16:00:00Z,46.3999536,46.3999536,46.3999536,46.3999536
2025-05-14T16:10:00Z,46.1999538,46.1999538,46.10995389,46.10995389
2025-05-14T16:20:00Z,45.999954,45.999954,45.999954,45.999954
2025-05-14T16:25:00Z,46.21995378,46.21995378,46.21995378,46.21995378
2025-05-14T16:30:00Z,47.00995299,47.00995299,47.00995299,47.00995299
2025-05-14T16:45:00Z,46.77995322,46.77995322,46.77995322,46.77995322
2025-05-14T17:45:00Z,47.27995272,47.27995272,47.1999528,47.1999528
2025-05-14T18:25:00Z,46.90995309,46.90995309,46.90995309,46.90995309
2025-05-14T18:35:00Z,47.21995278,47.35995264,47.21995278,47.33995266
2025-05-14T18:40:00Z,47.47995252,47.47995252,47.47995252,47.47995252
2025-05-14T18:50:00Z,47.24995275,47.24995275,47.24995275,47.24995275
2025-05-14T18:55:00Z,46.90995309,46.94995305,46.90995309,46.94995305
2025-05-14T19:20:00Z,46.97995302,46.999953,46.97995302,46.999953
2025-05-14T19:30:00Z,47.2999527,47.2999527,47.2999527,47.2999527
2025-05-15T13:50:00Z,44.8999551,44.8999551,44.8999551,44.8999551
2025-05-15T13:55:00Z,44.5999554,44.64995535,44.24995575,44.64995535
2025-05-15T14:00:00Z,45.21995478,45.21995478,45.21995478,45.21995478
2025-05-15T14:10:00Z,44.94995505,44.94995505,44.94995505,44.94995505
2025-05-15T14:15:00Z,44.4999555,44.4999555,44.4999555,44.4999555
2025-05-15T14:25:00Z,44.999955,44.999955,44.999955,44.999955
2025-05-15T14:30:00Z,43.999956,43.999956,43.83995616,43.83995616
2025-05-15T14:55:00Z,44.12995587,44.12995587,44.12995587,44.12995587
2025-05-15T15:00:00Z,44.10995589,44.10995589,44.10995589,44.10995589
2025-05-15T15:20:00Z,44.44995555,44.44995555,44.07995592,44.07995592
2025-05-15T15:25:00Z,43.999956,43.999956,43.999956,43.999956
2025-05-15T15:30:00Z,43.81995618,43.81995618,43.81995618,43.81995618
2025-05-15T15:35:00Z,43.999956,43.999956,43.999956,43.999956
2025-05-15T15:55:00Z,44.1999558,44.1999558,44.18995581,44.18995581
2025-05-15T16:10:00Z,43.999956,43.999956,43.74995625,43.74995625
2025-05-15T16:15:00Z,43.7999562,43.87995612,43.7999562,43.87995612
2025-05-15T16:20:00Z,43.86995613,43.86995613,43.78995621,43.7999562
2025-05-15T16:25:00Z,43.65995634,43.74995625,43.5999564,43.5999564
2025-05-15T16:45:00Z,44.999955,44.999955,44.999955,44.999955
2025-05-15T16:50:00Z,44.85995514,44.85995514,44.85995514,44.85995514
2025-05-15T17:10:00Z,44.94995505,44.94995505,44.72995527,44.72995527
2025-05-15T17:20:00Z,45.26995473,45.32995467,45.26995473,45.32995467
2025-05-15T17:30:00Z,45.04995495,45.04995495,45.04995495,45.04995495
2025-05-15T17:35:00Z,45.2999547,45.2999547,45.02995497,45.02995497
2025-05-15T17:50:00Z,44.999955,44.999955,44.8999551,44.8999551
2025-05-15T17:55:00Z,44.86995513,44.86995513,44.86995513,44.86995513
2025-05-15T18:25:00Z,44.999955,44.999955,44.999955,44.999955
2025-05-15T19:25:00Z,44.37995562,44.37995562,44.2999557,44.2999557
2025-05-16T13:30:00Z,45.77995422,45.82995417,45.77995422,45.82995417
2025-05-16T13:40:00Z,46.3999536,46.3999536,45.97995402,45.999954
2025-05-16T13:45:00Z,45.57995442,45.57995442,45.57995442,45.57995442
2025-05-16T13:55:00Z,44.999955,44.999955,44.999955,44.999955
2025-05-16T14:00:00Z,44.74995525,44.74995525,44.74995525,44.74995525
2025-05-16T14:05:00Z,44.6999553,44.6999553,44.50995549,44.50995549
2025-05-16T14:10:00Z,44.4999555,44.4999555,44.2999557,44.2999557
2025-05-16T14:15:00Z,44.02995597,44.02995597,44.02995597,44.02995597
2025-05-16T14:35:00Z,43.999956,43.999956,43.8999561,43.8999561
2025-05-16T14:40:00Z,43.74995625,43.74995625,43.22995677,43.22995677
2025-05-16T14:45:00Z,43.54995645,43.54995645,43.54995645,43.54995645
2025-05-16T14:50:00Z,43.54995645,43.90995609,43.54995645,43.90995609
2025-05-16T15:00:00Z,43.7999562,43.7999562,43.7999562,43.7999562
2025-05-16T15:10:00Z,44.01995598,44.01995598,43.999956,43.999956
2025-05-16T15:15:00Z,43.95995604,43.95995604,43.95995604,43.95995604
2025-05-16T15:45:00Z,43.74995625,43.74995625,43.74995625,43.74995625
2025-05-16T15:50:00Z,43.63995636,43.63995636,43.63995636,43.63995636
2025-05-16T15:55:00Z,43.63995636,43.63995636,43.63995636,43.63995636
2025-05-16T16:10:00Z,43.4999565,43.4999565,43.4999565,43.4999565
2025-05-16T16:15:00Z,43.5999564,43.5999564,43.5999564,43.5999564
2025-05-16T16:20:00Z,43.4999565,43.4999565,43.4999565,43.4999565
2025-05-16T16:25:00Z,43.83995616,43.83995616,43.83995616,43.83995616
2025-05-16T16:40:00Z,43.3999566,43.3999566,43.35995664,43.35995664
2025-05-16T16:50:00Z,43.2999567,43.2999567,43.2999567,43.2999567
2025-05-16T16:55:00Z,42.96995703,43.00995699,42.96995703,43.00995699
2025-05-16T17:00:00Z,42.92995707,43.28995671,42.92995707,43.28995671
2025-05-16T17:20:00Z,43.20995679,43.20995679,43.14995685,43.14995685
2025-05-16T17:25:00Z,43.34995665,43.38995661,43.34995665,43.38995661
2025-05-16T17:35:00Z,43.64995635,43.64995635,43.64995635,43.64995635
2025-05-16T17:40:00Z,43.53995646,43.53995646,43.53995646,43.53995646
2025-05-16T18:00:00Z,43.3999566,43.3999566,43.3999566,43.3999566
2025-05-16T18:15:00Z,43.3999566,43.3999566,43.3999566,43.3999566
2025-05-16T18:30:00Z,43.3999566,43.3999566,43.3999566,43.3999566
2025-05-16T19:00:00Z,43.52995647,43.52995647,43.52995647,43.52995647
2025-05-16T19:05:00Z,43.63995636,43.63995636,43.55995644,43.55995644
2025-05-16T19:15:00Z,43.5999564,43.63995636,43.5999564,43.63995636
2025-05-16T19:45:00Z,43.54995645,43.54995645,43.54995645,43.54995645
2025-05-19T13:35:00Z,44.3999556,44.3999556,44.3999556,44.3999556
2025-05-19T13:40:00Z,44.34995565,44.84995515,44.34995565,44.84995515
2025-05-19T13:45:00Z,44.84995515,45.34995465,44.84995515,45.34995465
2025-05-19T13:50:00Z,44.80995519,44.80995519,44.6999553,44.6999553
2025-05-19T13:55:00Z,44.42995557,44.42995557,44.42995557,44.42995557
2025-05-19T14:00:00Z,44.75995524,44.75995524,44.41995558,44.41995558
2025-05-19T14:05:00Z,44.7999552,45.36995463,44.7999552,45.0999549
2025-05-19T14:10:00Z,45.04995495,45.04995495,45.04995495,45.04995495
2025-05-19T14:15:00Z,45.03995496,45.03995496,44.82995517,44.82995517
2025-05-19T14:35:00Z,44.6999553,44.6999553,44.57995542,44.57995542
2025-05-19T14:50:00Z,44.55995544,44.55995544,44.55995544,44.55995544
2025-05-19T14:55:00Z,44.24995575,44.24995575,44.1999558,44.1999558
2025-05-19T15:00:00Z,43.999956,43.999956,43.999956,43.999956
2025-05-19T15:15:00Z,44.46995553,44.46995553,44.46995553,44.46995553
2025-05-19T15:25:00Z,43.999956,43.999956,43.999956,43.999956
2025-05-19T16:35:00Z,45.00995499,45.00995499,44.999955,44.999955
2025-05-19T16:40:00Z,45.47995452,45.47995452,45.47995452,45.47995452
2025-05-19T16:45:00Z,45.48995451,45.48995451,45.48995451,45.48995451
2025-05-19T16:50:00Z,45.4999545,45.5999544,45.4999545,45.5999544
2025-05-19T16:55:00Z,45.74995425,45.78995421,45.74995425,45.78995421
2025-05-19T17:00:00Z,45.7999542,46.0999539,45.7999542,46.0999539
2025-05-19T17:05:00Z,46.18995381,46.1999538,46.18995381,46.1999538
2025-05-19T17:10:00Z,46.26995373,46.36995363,46.26995373,46.36995363
2025-05-19T17:20:00Z,46.28995371,46.28995371,46.28995371,46.28995371
2025-05-19T17:30:00Z,46.54995345,46.54995345,46.4999535,46.4999535
2025-05-19T17:35:00Z,46.55995344,46.55995344,46.55995344,46.55995344
2025-05-19T17:40:00Z,46.88995311,46.88995311,46.88995311,46.88995311
2025-05-19T17:45:00Z,46.7999532,46.7999532,46.7999532,46.7999532
2025-05-19T17:50:00Z,46.77995322,46.77995322,46.70995329,46.70995329
2025-05-19T17:55:00Z,46.6999533,46.6999533,46.6999533,46.6999533
2025-05-19T18:00:00Z,46.71995328,46.71995328,46.71995328,46.71995328
2025-05-19T18:05:00Z,46.62995337,46.62995337,46.4999535,46.4999535
2025-05-19T18:10:00Z,46.24995375,46.24995375,46.24995375,46.24995375
2025-05-19T18:15:00Z,45.8999541,45.8999541,45.74995425,45.74995425
2025-05-19T18:25:00Z,45.90995409,45.90995409,45.80995419,45.80995419
2025-05-19T18:30:00Z,45.73995426,45.73995426,45.70995429,45.70995429
2025-05-19T18:55:00Z,45.95995404,45.95995404,45.95995404,45.95995404
2025-05-19T19:35:00Z,46.46995353,46.46995353,46.46995353,46.46995353
2025-05-19T19:55:00Z,45.78995421,45.84995415,45.73995426,45.84995415
2025-05-20T13:30:00Z,45.50995449,45.50995449,44.74995525,44.78995521
2025-05-20T13:40:00Z,44.999955,44.999955,44.4999555,44.78995521
2025-05-20T13:45:00Z,44.24995575,44.31995568,43.999956,43.999956
2025-05-20T13:50:00Z,43.71995628,43.71995628,43.71995628,43.71995628
2025-05-20T13:55:00Z,43.999956,43.999956,43.999956,43.999956
2025-05-20T14:00:00Z,43.86995613,43.86995613,43.61995638,43.71995628
2025-05-20T14:05:00Z,43.74995625,43.74995625,43.71995628,43.71995628
2025-05-20T14:10:00Z,43.43995656,43.43995656,43.43995656,43.43995656
2025-05-20T14:15:00Z,43.82995617,43.82995617,43.76995623,43.76995623
2025-05-20T14:20:00Z,43.5999564,43.5999564,43.5999564,43.5999564
2025-05-20T14:25:00Z,43.70995629,43.71995628,43.52995647,43.52995647
2025-05-20T14:30:00Z,43.75995624,43.75995624,43.75995624,43.75995624
2025-05-20T14:45:00Z,44.63995536,44.63995536,44.63995536,44.63995536
2025-05-20T14:55:00Z,44.6999553,44.6999553,44.6999553,44.6999553
2025-05-20T15:10:00Z,44.2999557,44.2999557,44.26995573,44.26995573
2025-05-20T15:20:00Z,44.04995595,44.04995595,44.04995595,44.04995595
2025-05-20T15:45:00Z,43.999956,44.08995591,43.999956,44.08995591
2025-05-20T15:50:00Z,44.0999559,44.0999559,44.0999559,44.0999559
2025-05-20T15:55:00Z,44.27995572,44.74995525,44.27995572,44.74995525
2025-05-20T16:35:00Z,44.93995506,44.93995506,44.93995506,44.93995506
2025-05-20T17:10:00Z,45.52995447,45.52995447,45.52995447,45.52995447
2025-05-20T17:15:00Z,45.64995435,45.64995435,45.64995435,45.64995435
2025-05-20T17:40:00Z,45.38995461,45.38995461,45.38995461,45.38995461
2025-05-20T17:50:00Z,45.0999549,45.0999549,45.0999549,45.0999549
2025-05-20T18:20:00Z,44.92995507,44.94995505,44.92995507,44.94995505
2025-05-20T18:30:00Z,44.97095503,45.03995496,44.97095503,45.03995496
2025-05-20T18:35:00Z,45.14995485,45.14995485,45.14995485,45.14995485
2025-05-20T18:40:00Z,44.71995528,44.71995528,44.71995528,44.71995528
2025-05-20T19:10:00Z,44.88995511,44.88995511,44.88995511,44.88995511
2025-05-20T19:20:00Z,45.1999548,45.1999548,45.1999548,45.1999548
2025-05-20T19:30:00Z,45.4999545,45.4999545,45.4999545,45.4999545
2025-05-20T19:45:00Z,45.41995458,45.41995458,45.41995458,45.41995458
2025-05-20T19:50:00Z,45.27995472,45.27995472,45.27995472,45.27995472
2025-05-20T19:55:00Z,44.56995543,44.57995542,43.85995614,43.93995606
2025-05-21T13:40:00Z,45.27995472,45.27995472,45.18995481,45.18995481
2025-05-21T13:45:00Z,45.22995477,45.53995446,45.22995477,45.53995446
2025-05-21T13:50:00Z,45.23995476,45.23995476,45.0999549,45.0999549
2025-05-21T13:55:00Z,45.53995446,45.53995446,45.53995446,45.53995446
2025-05-21T14:00:00Z,45.04995495,45.04995495,45.04995495,45.04995495
2025-05-21T14:20:00Z,44.999955,45.13995486,44.999955,45.13995486
2025-05-21T14:30:00Z,45.5999544,45.5999544,45.48995451,45.48995451
2025-05-21T14:35:00Z,45.63995436,45.63995436,45.63995436,45.63995436
2025-05-21T14:40:00Z,45.999954,46.14995385,45.999954,46.0999539
2025-05-21T14:45:00Z,45.92995407,45.92995407,45.55995444,45.55995444
2025-05-21T14:50:00Z,45.45995454,45.45995454,45.45995454,45.45995454
2025-05-21T14:55:00Z,45.34995465,45.34995465,45.34995465,45.34995465
2025-05-21T15:00:00Z,45.60995439,45.74995425,45.60995439,45.74995425
2025-05-21T15:05:00Z,45.77995422,45.77995422,45.77995422,45.77995422
2025-05-21T15:30:00Z,45.6999543,45.6999543,45.6999543,45.6999543
2025-05-21T15:40:00Z,45.67995432,45.67995432,45.67995432,45.67995432
2025-05-21T15:45:00Z,45.74995425,45.74995425,45.74995425,45.74995425
2025-05-21T15:50:00Z,45.58995441,45.71995428,45.58995441,45.71995428
2025-05-21T15:55:00Z,45.46995453,45.46995453,45.46995453,45.46995453
2025-05-21T16:05:00Z,45.62995437,45.62995437,45.62995437,45.62995437
2025-05-21T16:15:00Z,45.42995457,45.42995457,45.42995457,45.42995457
2025-05-21T16:40:00Z,45.999954,46.14995385,45.999954,46.14995385
2025-05-21T17:10:00Z,45.4999545,45.4999545,45.4999545,45.4999545
2025-05-21T17:15:00Z,45.3009547,45.3009547,45.3009547,45.3009547
2025-05-21T17:20:00Z,44.48995551,44.48995551,44.3999556,44.3999556
2025-05-21T17:25:00Z,44.01995598,44.01995598,43.7999562,43.7999562
2025-05-21T17:30:00Z,43.92895607,43.92895607,43.92895607,43.92895607
2025-05-21T17:45:00Z,44.95995504,44.95995504,44.95995504,44.95995504
2025-05-21T17:55:00Z,44.85995514,44.85995514,44.85995514,44.85995514
2025-05-21T18:05:00Z,44.999955,44.999955,44.999955,44.999955
2025-05-21T18:30:00Z,44.82995517,44.82995517,44.82995517,44.82995517
2025-05-21T18:35:00Z,44.8999551,44.8999551,44.8999551,44.8999551
2025-05-21T18:45:00Z,44.4999555,44.4999555,44.4999555,44.4999555
2025-05-21T18:50:00Z,44.3009557,44.43495557,44.26995573,44.26995573
2025-05-21T18:55:00Z,43.999956,43.999956,43.999956,43.999956
2025-05-21T19:05:00Z,43.78095622,43.78095622,43.51995648,43.51995648
2025-05-21T19:15:00Z,43.32995667,43.32995667,43.24995675,43.24995675
2025-05-21T19:25:00Z,43.14995685,43.14995685,43.14995685,43.14995685
2025-05-21T19:40:00Z,43.86995613,43.86995613,43.86995613,43.86995613
2025-05-21T19:45:00Z,43.64995635,43.64995635,43.64995635,43.64995635
2025-05-21T19:50:00Z,43.65995634,43.65995634,42.999957,42.999957
2025-05-21T19:55:00Z,42.87995712,42.87995712,42.5999574,42.5999574
2025-05-22T13:35:00Z,42.42995757,42.65995734,42.42995757,42.65995734
2025-05-22T13:50:00Z,42.82995717,43.4999565,42.82995717,43.4999565
2025-05-22T14:05:00Z,44.23995576,44.23995576,44.23995576,44.23995576
2025-05-22T14:10:00Z,43.999956,43.999956,43.999956,43.999956
2025-05-22T14:30:00Z,44.24995575,44.70995529,44.24995575,44.70995529
2025-05-22T14:40:00Z,43.999956,43.999956,43.999956,43.999956
2025-05-22T14:45:00Z,44.34995565,44.38995561,44.34995565,44.34995565
2025-05-22T15:00:00Z,43.74995625,43.74995625,43.74995625,43.74995625
2025-05-22T15:05:00Z,43.87995612,43.95995604,43.87995612,43.95995604
2025-05-22T15:30:00Z,43.4999565,43.6999563,43.4999565,43.6999563
2025-05-22T15:35:00Z,43.6999563,43.6999563,43.6999563,43.6999563
2025-05-22T15:40:00Z,43.24995675,43.24995675,43.24995675,43.24995675
2025-05-22T15:45:00Z,43.4999565,43.4999565,43.4999565,43.4999565
2025-05-22T15:50:00Z,42.999957,42.999957,42.999957,42.999957
2025-05-22T16:00:00Z,43.08995691,43.08995691,43.08995691,43.08995691
2025-05-22T16:15:00Z,43.57995642,43.57995642,43.57995642,43.57995642
2025-05-22T16:25:00Z,43.0999569,43.0999569,43.0999569,43.0999569
2025-05-22T16:40:00Z,42.81995718,42.81995718,42.81995718,42.81995718
2025-05-22T17:15:00Z,42.54995745,42.54995745,42.54995745,42.54995745
2025-05-22T17:30:00Z,42.50995749,42.50995749,42.50995749,42.50995749
2025-05-22T17:35:00Z,42.45995754,42.45995754,42.45995754,42.45995754
2025-05-22T17:40:00Z,42.45995754,42.50995749,42.45995754,42.50995749
2025-05-22T18:05:00Z,42.45995754,42.45995754,42.45995754,42.45995754
2025-05-22T18:10:00Z,42.4999575,42.4999575,42.4999575,42.4999575
2025-05-22T18:25:00Z,42.35995764,42.35995764,42.35995764,42.35995764
2025-05-22T18:30:00Z,42.39095761,42.39095761,42.39095761,42.39095761
2025-05-22T18:45:00Z,42.36995763,42.36995763,42.36995763,42.36995763
2025-05-22T19:10:00Z,42.25995774,42.25995774,42.25995774,42.25995774
2025-05-22T19:15:00Z,42.0999579,42.0999579,42.08995791,42.08995791
2025-05-22T19:35:00Z,41.999958,41.999958,41.8999581,41.8999581
2025-05-22T19:45:00Z,41.4999585,41.4999585,41.4999585,41.4999585
2025-05-22T19:50:00Z,41.28995871,41.28995871,41.25995874,41.25995874
2025-05-22T19:55:00Z,41.13995886,41.13995886,40.92995907,40.92995907
2025-05-23T13:30:00Z,39.06996093,39.10996089,39.06996093,39.10996089
2025-05-23T13:35:00Z,39.62996037,39.74996025,39.4999605,39.5999604
2025-05-23T13:40:00Z,39.4999605,39.4999605,39.4999605,39.4999605
2025-05-23T13:45:00Z,39.26996073,39.26996073,38.999961,38.999961
2025-05-23T13:50:00Z,39.07996092,39.07996092,39.07996092,39.07996092
2025-05-23T14:00:00Z,40.01995998,40.01995998,40.01995998,40.01995998
2025-05-23T14:05:00Z,40.4999595,40.4999595,40.4999595,40.4999595
2025-05-23T14:10:00Z,40.8999591,41.28995871,40.8999591,41.28995871
2025-05-23T14:15:00Z,41.20995879,41.20995879,40.999959,40.999959
2025-05-23T14:20:00Z,40.68995931,40.68995931,40.68995931,40.68995931
2025-05-23T14:35:00Z,41.10995889,41.22995877,41.10995889,41.22995877
2025-05-23T14:45:00Z,40.8999591,40.8999591,40.8999591,40.8999591
2025-05-23T14:50:00Z,41.15995884,41.15995884,41.15995884,41.15995884
2025-05-23T15:00:00Z,41.3999586,41.3999586,41.3999586,41.3999586
2025-05-23T15:05:00Z,41.15995884,41.15995884,41.15995884,41.15995884
2025-05-23T15:10:00Z,41.4999585,41.4999585,41.31995868,41.31995868
2025-05-23T15:30:00Z,41.63995836,41.63995836,41.63995836,41.63995836
2025-05-23T15:50:00Z,41.61995838,41.62995837,41.61995838,41.62995837
2025-05-23T16:00:00Z,41.52995847,41.67995832,41.51995848,41.67995832
2025-05-23T16:05:00Z,41.45995854,41.45995854,41.45995854,41.45995854
2025-05-23T16:35:00Z,41.74995825,41.74995825,41.74995825,41.74995825
2025-05-23T16:45:00Z,41.84995815,41.84995815,41.84995815,41.84995815
2025-05-23T17:00:00Z,41.7999582,41.7999582,41.7999582,41.7999582
2025-05-23T17:05:00Z,41.91995808,41.91995808,41.91995808,41.91995808
2025-05-23T17:10:00Z,42.11995788,42.11995788,42.05995794,42.05995794
2025-05-23T17:25:00Z,41.65095835,41.65095835,41.65095835,41.65095835
2025-05-23T17:30:00Z,41.65995834,41.65995834,41.65995834,41.65995834
2025-05-23T17:35:00Z,41.67995832,41.67995832,41.67995832,41.67995832
2025-05-23T17:50:00Z,41.60995839,41.60995839,41.60995839,41.60995839
2025-05-23T18:20:00Z,41.26995873,41.48995851,41.26995873,41.48995851
2025-05-23T18:40:00Z,41.64995835,41.64995835,41.64995835,41.64995835
2025-05-23T19:10:00Z,41.999958,41.999958,41.999958,41.999958
2025-05-23T19:15:00Z,41.93995806,41.93995806,41.93995806,41.93995806
2025-05-27T13:30:00Z,43.24995675,43.24995675,42.999957,42.999957
2025-05-27T13:35:00Z,42.5999574,42.5999574,41.999958,41.999958
2025-05-27T13:40:00Z,42.52995747,42.52995747,42.35995764,42.37995762
2025-05-27T13:45:00Z,42.76995723,42.76995723,42.76995723,42.76995723
2025-05-27T13:55:00Z,43.44995655,43.7999562,43.44995655,43.7999562
2025-05-27T14:05:00Z,44.23995576,44.25995574,44.23995576,44.25995574
2025-05-27T14:10:00Z,44.46995553,44.51995548,44.38995561,44.40995559
2025-05-27T14:15:00Z,44.56995543,44.999955,44.56995543,44.999955
2025-05-27T14:25:00Z,45.45995454,45.45995454,45.45995454,45.45995454
2025-05-27T14:30:00Z,45.61995438,45.85995414,45.61995438,45.83995416
2025-05-27T14:35:00Z,45.35995464,45.35995464,45.35995464,45.35995464
2025-05-27T14:45:00Z,44.7999552,44.80995519,44.7999552,44.7999552
2025-05-27T14:50:00Z,44.54995545,44.54995545,44.54995545,44.54995545
2025-05-27T14:55:00Z,44.43995556,44.50995549,44.43995556,44.50995549
2025-05-27T15:00:00Z,44.67995532,44.67995532,44.67995532,44.67995532
2025-05-27T15:35:00Z,44.85995514,44.8999551,44.85995514,44.8999551
2025-05-27T15:40:00Z,44.73995526,44.73995526,44.73995526,44.73995526
2025-05-27T15:45:00Z,45.01995498,45.01995498,45.01995498,45.01995498
2025-05-27T15:50:00Z,45.1999548,45.1999548,45.1999548,45.1999548
2025-05-27T15:55:00Z,45.23995476,45.23995476,45.23995476,45.23995476
2025-05-27T16:00:00Z,45.44995455,45.44995455,45.44995455,45.44995455
2025-05-27T16:05:00Z,45.72995427,45.72995427,45.72995427,45.72995427
2025-05-27T16:10:00Z,45.68995431,45.68995431,45.68995431,45.68995431
2025-05-27T16:15:00Z,45.4999545,45.4999545,45.4999545,45.4999545
2025-05-27T16:20:00Z,45.58995441,45.999954,45.58995441,45.999954
2025-05-27T16:30:00Z,46.05995394,46.05995394,46.05995394,46.05995394
2025-05-27T16:45:00Z,46.25995374,46.34995365,46.25995374,46.2999537
2025-05-27T16:50:00Z,46.3999536,46.43995356,46.22995377,46.22995377
2025-05-27T17:00:00Z,45.94995405,46.17995382,45.94995405,46.17995382
2025-05-27T17:05:00Z,46.2999537,46.2999537,46.2999537,46.2999537
2025-05-27T17:10:00Z,46.999953,46.999953,46.999953,46.999953
2025-05-27T17:25:00Z,47.10995289,47.10995289,46.95995304,46.95995304
2025-05-27T17:45:00Z,46.999953,46.999953,46.999953,46.999953
2025-05-27T18:05:00Z,46.83995316,47.15995284,46.82995317,47.15995284
2025-05-27T18:10:00Z,46.93995306,46.999953,46.93995306,46.999953
2025-05-27T18:15:00Z,46.92995307,46.92995307,46.92995307,46.92995307
2025-05-27T18:25:00Z,46.98995301,46.98995301,46.97995302,46.98995301
2025-05-27T18:35:00Z,47.04995295,47.04995295,47.04995295,47.04995295
2025-05-27T18:45:00Z,47.21995278,47.38995261,47.21995278,47.38995261
2025-05-27T18:50:00Z,47.4999525,47.4999525,47.4999525,47.4999525
2025-05-27T19:00:00Z,47.3999526,47.3999526,47.3999526,47.3999526
2025-05-27T19:10:00Z,47.86995213,47.89095211,47.86995213,47.89095211
2025-05-27T19:20:00Z,47.999952,48.21995178,47.999952,48.21995178
2025-05-27T19:25:00Z,48.23995176,48.23995176,48.23995176,48.23995176
2025-05-27T19:35:00Z,48.04995195,48.04995195,48.03995196,48.03995196
2025-05-27T19:40:00Z,48.23995176,48.23995176,48.23995176,48.23995176
2025-05-27T19:45:00Z,48.4999515,48.55995144,48.46995153,48.46995153
2025-05-27T19:50:00Z,47.91995208,47.91995208,47.55995244,47.55995244
2025-05-27T19:55:00Z,47.97995202,47.97995202,47.97995202,47.97995202
2025-05-28T13:30:00Z,49.99995,49.99995,49.99995,49.99995
2025-05-28T13:35:00Z,49.32995067,49.32995067,48.64995135,48.64995135
2025-05-28T13:40:00Z,48.55995144,48.55995144,48.1999518,48.30995169
2025-05-28T13:45:00Z,48.17995182,48.17995182,48.17995182,48.17995182
2025-05-28T13:50:00Z,47.76995223,47.999952,47.76995223,47.90995209
2025-05-28T13:55:00Z,47.32995267,47.32995267,46.91995308,46.91995308
2025-05-28T14:00:00Z,47.42995257,47.42995257,47.1999528,47.1999528
2025-05-28T14:10:00Z,46.74995325,46.74995325,46.4999535,46.4999535
2025-05-28T14:20:00Z,47.17995282,47.17995282,47.17995282,47.17995282
2025-05-28T14:25:00Z,47.35995264,47.35995264,47.35995264,47.35995264
2025-05-28T14:30:00Z,47.40995259,47.40995259,47.40995259,47.40995259
2025-05-28T14:35:00Z,47.54995245,47.54995245,47.54995245,47.54995245
2025-05-28T14:45:00Z,47.10995289,47.10995289,47.10995289,47.10995289
2025-05-28T15:00:00Z,47.24995275,47.24995275,47.24995275,47.24995275
2025-05-28T15:05:00Z,47.30995269,47.30995269,47.30995269,47.30995269
2025-05-28T15:20:00Z,47.83995216,47.83995216,47.83995216,47.83995216
2025-05-28T15:25:00Z,48.05995194,48.05995194,48.05995194,48.05995194
2025-05-28T15:30:00Z,47.91995208,47.91995208,47.91995208,47.91995208
2025-05-28T15:35:00Z,47.999952,47.999952,47.999952,47.999952
2025-05-28T15:40:00Z,48.24995175,48.45995154,48.23995176,48.40995159
2025-05-28T15:45:00Z,48.40995159,48.40995159,48.31995168,48.31995168
2025-05-28T15:55:00Z,48.41995158,48.41995158,48.41995158,48.41995158
2025-05-28T16:05:00Z,47.57995242,47.57995242,47.57995242,47.57995242
2025-05-28T16:15:00Z,47.68995231,47.68995231,47.68995231,47.68995231
2025-05-28T16:40:00Z,47.73995226,47.73995226,47.73995226,47.73995226
2025-05-28T16:45:00Z,47.80995219,47.80995219,47.80995219,47.80995219
2025-05-28T16:50:00Z,47.68995231,47.68995231,47.68995231,47.68995231
2025-05-28T17:00:00Z,48.16995183,48.16995183,48.14995185,48.14995185
2025-05-28T17:15:00Z,48.23995176,48.23995176,48.23995176,48.23995176
2025-05-28T17:30:00Z,48.43995156,48.43995156,48.43995156,48.43995156
2025-05-28T17:35:00Z,48.57995142,48.57995142,48.51995148,48.51995148
2025-05-28T17:40:00Z,48.68995131,48.68995131,48.61995138,48.61995138
2025-05-28T17:45:00Z,48.74995125,48.74995125,48.74995125,48.74995125
2025-05-28T17:50:00Z,48.3999516,48.3999516,48.3999516,48.3999516
2025-05-28T17:55:00Z,48.71995128,48.71995128,48.71995128,48.71995128
2025-05-28T18:05:00Z,48.80995119,48.93995106,48.73995126,48.93995106
2025-05-28T18:10:00Z,49.10995089,49.48995051,49.10995089,49.48995051
2025-05-28T18:15:00Z,49.70995029,49.70995029,49.58995041,49.67995032
2025-05-28T18:20:00Z,49.57995042,49.66995033,49.57995042,49.61995038
2025-05-28T18:25:00Z,49.52995047,49.52995047,49.52995047,49.52995047
2025-05-28T18:35:00Z,49.54995045,49.61995038,49.54995045,49.60995039
2025-05-28T18:45:00Z,49.67995032,49.67995032,49.67995032,49.67995032
2025-05-28T18:50:00Z,49.55995044,49.55995044,49.55995044,49.55995044
2025-05-28T19:00:00Z,49.94995005,50.18994981,49.84995015,50.18994981
2025-05-28T19:05:00Z,50.28994971,50.4999495,50.28994971,50.4999495
2025-05-28T19:10:00Z,50.5999494,50.65994934,50.4999495,50.4999495
2025-05-28T19:15:00Z,50.2999497,50.2999497,50.2999497,50.2999497
2025-05-28T19:25:00Z,50.31994968,50.31994968,50.24994975,50.30994969
2025-05-28T19:35:00Z,50.28994971,50.28994971,50.01994998,50.01994998
2025-05-28T19:40:00Z,49.94995005,50.05994994,49.93995006,50.05994994
2025-05-28T19:50:00Z,50.2999497,50.2999497,50.22994977,50.22994977
2025-05-28T19:55:00Z,50.11994988,50.44994955,50.11994988,50.30994969
2025-05-29T13:30:00Z,52.7999472,52.7999472,50.98994901,50.98994901
2025-05-29T13:35:00Z,50.53994946,50.53994946,49.81995018,49.81995018
2025-05-29T13:40:00Z,50.48994951,50.48994951,48.999951,48.999951
2025-05-29T13:45:00Z,48.8999511,49.70995029,48.8999511,49.6999503
2025-05-29T13:50:00Z,50.2999497,50.32994967,50.22994977,50.22994977
2025-05-29T13:55:00Z,50.4999495,50.4999495,49.99995,49.99995
2025-05-29T14:00:00Z,49.84995015,49.84995015,49.84995015,49.84995015
2025-05-29T14:05:00Z,49.71995028,49.71995028,49.04995095,49.04995095
2025-05-29T14:10:00Z,48.93995106,48.93995106,48.93995106,48.93995106
2025-05-29T14:15:00Z,49.1999508,49.1999508,48.42995157,48.42995157
2025-05-29T14:20:00Z,48.28995171,48.31995168,48.13995186,48.31995168
2025-05-29T14:25:00Z,48.83995116,48.8999511,48.83995116,48.8999511
2025-05-29T14:30:00Z,49.01995098,49.32995067,48.8999511,49.32995067
2025-05-29T14:40:00Z,49.02995097,49.02995097,48.50995149,48.64995135
2025-05-29T14:45:00Z,49.14995085,49.14995085,49.14995085,49.14995085
2025-05-29T14:50:00Z,48.999951,49.1999508,48.95995104,49.1999508
2025-05-29T14:55:00Z,49.35995064,49.42995057,49.35995064,49.42995057
2025-05-29T15:00:00Z,49.40995059,49.45995054,49.2999507,49.2999507
2025-05-29T15:10:00Z,49.71995028,49.71995028,49.4999505,49.4999505
2025-05-29T15:20:00Z,49.40995059,49.40995059,49.40995059,49.40995059
2025-05-29T15:25:00Z,49.32995067,49.32995067,49.32995067,49.32995067
2025-05-29T15:30:00Z,49.50995049,49.50995049,49.4999505,49.4999505
2025-05-29T15:45:00Z,49.1999508,49.1999508,49.1999508,49.1999508
2025-05-29T15:50:00Z,49.4999505,49.4999505,49.4999505,49.4999505
2025-05-29T15:55:00Z,49.11995088,49.11995088,48.7999512,48.7999512
2025-05-29T16:00:00Z,48.60995139,48.60995139,48.46995153,48.4999515
2025-05-29T16:10:00Z,48.4999515,48.4999515,48.4999515,48.4999515
2025-05-29T16:35:00Z,49.43995056,49.60995039,49.38995061,49.60995039
2025-05-29T16:40:00Z,49.72995027,49.72995027,49.72995027,49.72995027
2025-05-29T16:45:00Z,49.48995051,49.4999505,49.48995051,49.4999505
2025-05-29T16:50:00Z,49.42995057,49.46995053,49.42995057,49.46995053
2025-05-29T17:00:00Z,49.43995056,49.43995056,49.43995056,49.43995056
2025-05-29T17:15:00Z,48.999951,48.999951,48.999951,48.999951
2025-05-29T17:20:00Z,49.24995075,49.24995075,49.24995075,49.24995075
2025-05-29T18:05:00Z,49.08995091,49.08995091,49.08995091,49.08995091
2025-05-29T18:10:00Z,48.84995115,48.84995115,48.84995115,48.84995115
2025-05-29T18:15:00Z,48.3999516,48.3999516,48.3999516,48.3999516
2025-05-29T18:20:00Z,48.1999518,48.34995165,48.13995186,48.34995165
2025-05-29T18:45:00Z,48.34995165,48.35995164,48.24995175,48.24995175
2025-05-29T19:00:00Z,48.04995195,48.10995189,48.04995195,48.10995189
2025-05-29T19:05:00Z,47.999952,47.999952,47.999952,47.999952
2025-05-29T19:10:00Z,48.10995189,48.10995189,48.10995189,48.10995189
2025-05-29T19:15:00Z,48.2999517,48.2999517,48.2999517,48.2999517
2025-05-29T19:30:00Z,48.46995153,48.46995153,48.46995153,48.46995153
2025-05-29T19:45:00Z,48.53995146,48.53995146,48.53995146,48.53995146
2025-05-30T13:30:00Z,49.96995003,49.96995003,49.42995057,49.6999503
2025-05-30T13:35:00Z,49.84995015,49.86995013,49.50995049,49.50995049
2025-05-30T13:40:00Z,48.58995141,48.58995141,48.58995141,48.58995141
2025-05-30T13:45:00Z,47.6999523,47.6999523,47.6999523,47.6999523
2025-05-30T13:55:00Z,47.64995235,47.64995235,47.38995261,47.38995261
2025-05-30T14:10:00Z,48.81995118,48.81995118,48.81995118,48.81995118
2025-05-30T14:20:00Z,48.80995119,48.80995119,48.53995146,48.55995144
2025-05-30T14:25:00Z,48.61995138,49.0999509,48.61995138,49.0999509
2025-05-30T14:30:00Z,49.40995059,49.40995059,49.40995059,49.40995059
2025-05-30T14:35:00Z,49.30995069,49.68995031,49.30995069,49.68995031
2025-05-30T15:05:00Z,48.999951,48.999951,48.999951,48.999951
2025-05-30T15:10:00Z,49.14995085,49.14995085,49.14995085,49.14995085
2025-05-30T16:05:00Z,48.32995167,48.32995167,48.32995167,48.32995167
2025-05-30T16:15:00Z,48.25995174,48.25995174,48.25995174,48.25995174
2025-05-30T16:25:00Z,47.62995237,47.62995237,47.04995295,47.04995295
2025-05-30T16:30:00Z,46.999953,46.999953,46.76995323,46.76995323
2025-05-30T16:35:00Z,46.33995366,46.33995366,46.33995366,46.33995366
2025-05-30T16:40:00Z,46.78995321,46.78995321,46.78995321,46.78995321
2025-05-30T16:50:00Z,46.35995364,46.35995364,46.06995393,46.06995393
2025-05-30T16:55:00Z,45.999954,45.999954,45.999954,45.999954
2025-05-30T17:45:00Z,46.999953,46.999953,46.999953,46.999953
2025-05-30T17:55:00Z,46.74995325,46.74995325,46.74995325,46.74995325
2025-05-30T18:40:00Z,47.73995226,47.73995226,47.52995247,47.52995247
2025-05-30T19:05:00Z,47.999952,48.14995185,47.999952,48.14995185
2025-05-30T19:10:00Z,48.07995192,48.07995192,48.07995192,48.07995192
2025-05-30T19:40:00Z,48.50995149,48.50995149,48.50995149,48.50995149
2025-05-30T19:50:00Z,48.6999513,49.78995021,48.6999513,49.78995021
2025-05-30T19:55:00Z,50.24994975,50.90994909,50.24994975,50.6999493
2025-06-02T13:30:00Z,50.75994924,51.88994811,50.75994924,51.83994816
2025-06-02T13:35:00Z,52.1999478,52.999947,52.1999478,52.999947
2025-06-02T13:40:00Z,51.95994804,52.04994795,50.95994904,51.33994866
2025-06-02T13:45:00Z,50.77994922,50.77994922,49.99995,49.99995
2025-06-02T13:50:00Z,49.77995022,49.77995022,49.48995051,49.52995047
2025-06-02T13:55:00Z,48.999951,48.999951,48.76995123,48.76995123
2025-06-02T14:00:00Z,48.60995139,48.72995127,48.4999515,48.72995127
2025-06-02T14:10:00Z,48.70995129,48.70995129,48.20995179,48.24995175
2025-06-02T14:15:00Z,48.0999519,48.0999519,47.999952,47.999952
2025-06-02T14:20:00Z,48.34995165,48.34995165,48.34995165,48.34995165
2025-06-02T14:25:00Z,48.84995115,48.999951,48.84995115,48.8999511
2025-06-02T14:30:00Z,48.999951,48.999951,48.999951,48.999951
2025-06-02T14:45:00Z,49.99995,49.99995,49.99995,49.99995
2025-06-02T14:50:00Z,50.4999495,50.54994945,50.4999495,50.54994945
2025-06-02T15:00:00Z,51.24994875,51.24994875,51.1999488,51.1999488
2025-06-02T15:05:00Z,51.0999489,51.0999489,51.0999489,51.0999489
2025-06-02T15:20:00Z,51.67994832,51.67994832,51.54994845,51.54994845
2025-06-02T15:30:00Z,51.31994868,51.31994868,51.31994868,51.31994868
2025-06-02T15:50:00Z,51.56994843,51.56994843,51.55994844,51.55994844
2025-06-02T15:55:00Z,51.42994857,51.42994857,51.33994866,51.34994865
2025-06-02T16:00:00Z,51.58994841,51.58994841,51.58994841,51.58994841
2025-06-02T16:05:00Z,51.52994847,51.52994847,51.52994847,51.52994847
2025-06-02T16:30:00Z,51.5999484,51.5999484,51.5999484,51.5999484
2025-06-02T17:00:00Z,51.5999484,51.5999484,51.5999484,51.5999484
2025-06-02T17:05:00Z,51.60994839,51.60994839,51.60994839,51.60994839
2025-06-02T17:20:00Z,51.97994802,51.97994802,51.97994802,51.97994802
2025-06-02T17:30:00Z,51.3999486,51.3999486,51.3999486,51.3999486
2025-06-02T17:40:00Z,51.65994834,51.65994834,51.64994835,51.64994835
2025-06-02T18:10:00Z,50.999949,50.999949,50.999949,50.999949
2025-06-02T18:45:00Z,51.87994812,51.90994809,51.87994812,51.90994809
2025-06-02T19:00:00Z,51.93094807,51.93094807,51.92994807,51.92994807
2025-06-02T19:15:00Z,51.94994805,51.95994804,51.94994805,51.95994804
2025-06-02T19:25:00Z,52.46994753,52.4999475,52.46994753,52.4999475
2025-06-02T19:35:00Z,52.7999472,52.7999472,52.7999472,52.7999472
2025-06-02T19:50:00Z,52.97994702,53.10994689,52.97994702,53.00994699
2025-06-02T19:55:00Z,52.98994701,53.07994692,52.98994701,53.07994692
2025-06-03T13:30:00Z,53.92994607,53.92994607,52.5999474,52.5999474
2025-06-03T13:35:00Z,52.94994705,52.94994705,52.94994705,52.94994705
2025-06-03T13:40:00Z,52.96994703,52.96994703,52.96994703,52.96994703
2025-06-03T13:45:00Z,52.85994714,52.85994714,51.999948,51.999948
2025-06-03T13:50:00Z,51.67994832,51.70994829,51.67994832,51.70994829
2025-06-03T14:00:00Z,52.45994754,52.45994754,52.45994754,52.45994754
2025-06-03T14:05:00Z,52.17994782,52.17994782,52.17994782,52.17994782
2025-06-03T14:10:00Z,53.36994663,53.36994663,53.36994663,53.36994663
2025-06-03T14:20:00Z,52.34994765,52.34994765,51.999948,51.999948
2025-06-03T14:30:00Z,52.16994783,52.16994783,51.91994808,51.91994808
2025-06-03T14:35:00Z,51.55994844,51.55994844,51.55994844,51.55994844
2025-06-03T14:40:00Z,51.4999485,51.4999485,51.42994857,51.42994857
2025-06-03T14:45:00Z,51.34994865,51.37994862,51.24994875,51.37994862
2025-06-03T14:50:00Z,51.5999484,51.5999484,51.5999484,51.5999484
2025-06-03T14:55:00Z,51.58994841,51.58994841,51.36994863,51.36994863
2025-06-03T15:05:00Z,50.999949,50.999949,50.4999495,50.4999495
2025-06-03T15:10:00Z,50.4999495,50.4999495,50.24994975,50.26994973
2025-06-03T15:15:00Z,50.47994952,50.47994952,50.47994952,50.47994952
2025-06-03T15:20:00Z,50.93994906,50.999949,50.93994906,50.97994902
2025-06-03T15:25:00Z,50.7999492,50.7999492,50.78994921,50.78994921
2025-06-03T15:50:00Z,51.28994871,51.28994871,51.28994871,51.28994871
2025-06-03T15:55:00Z,51.26994873,51.37994862,51.26994873,51.37994862
2025-06-03T16:05:00Z,51.47994852,51.47994852,51.47994852,51.47994852
2025-06-03T16:10:00Z,51.23994876,51.23994876,51.23994876,51.23994876
2025-06-03T16:15:00Z,50.999949,50.999949,50.999949,50.999949
2025-06-03T16:20:00Z,51.1999488,51.1999488,51.1999488,51.1999488
2025-06-03T16:25:00Z,50.87994912,50.87994912,50.87994912,50.87994912
2025-06-03T16:45:00Z,50.999949,50.999949,50.999949,50.999949
2025-06-03T17:15:00Z,51.999948,51.999948,51.999948,51.999948
2025-06-03T17:20:00Z,51.97994802,51.97994802,51.97994802,51.97994802
2025-06-03T17:35:00Z,52.34994765,52.34994765,52.34994765,52.34994765
2025-06-03T18:00:00Z,51.999948,51.999948,51.84994815,51.84994815
2025-06-03T18:10:00Z,51.33994866,51.33994866,51.33994866,51.33994866
2025-06-03T18:40:00Z,52.01994798,52.07994792,52.01994798,52.07994792
2025-06-03T18:50:00Z,52.24994775,52.24994775,52.24994775,52.24994775
2025-06-03T19:05:00Z,52.5999474,52.5999474,52.5999474,52.5999474
2025-06-03T19:25:00Z,52.999947,52.999947,52.8999471,52.8999471
2025-06-03T19:40:00Z,52.35994764,52.35994764,52.34994765,52.34994765
2025-06-03T19:50:00Z,52.1999478,52.1999478,52.1999478,52.1999478
2025-06-03T19:55:00Z,52.33994766,52.33994766,52.33994766,52.33994766
2025-06-04T13:30:00Z,52.26994773,53.999946,52.26994773,53.999946
2025-06-04T13:35:00Z,54.18994581,54.18994581,53.71994628,53.71994628
2025-06-04T13:40:00Z,52.999947,52.999947,52.999947,52.999947
2025-06-04T13:45:00Z,53.57994642,53.57994642,53.57994642,53.57994642
2025-06-04T13:55:00Z,53.02994697,53.2999467,53.02994697,53.2999467
2025-06-04T14:00:00Z,52.72994727,52.72994727,52.72994727,52.72994727
2025-06-04T14:10:00Z,53.60994639,54.11994588,53.60994639,54.11994588
2025-06-04T14:15:00Z,54.60994539,55.0999449,54.60994539,55.06994493
2025-06-04T14:20:00Z,55.10994489,55.11994488,54.94994505,54.94994505
2025-06-04T14:25:00Z,55.04994495,55.14994485,55.04994495,55.14994485
2025-06-04T14:35:00Z,55.4999445,55.78994421,55.4999445,55.76994423
2025-06-04T14:40:00Z,55.80994419,55.80994419,55.4999445,55.4999445
2025-06-04T14:45:00Z,55.6999443,55.73994426,55.57994442,55.73994426
2025-06-04T14:55:00Z,55.999944,56.30994369,55.999944,56.30994369
2025-06-04T15:00:00Z,56.40994359,56.54994345,56.40994359,56.54994345
2025-06-04T15:10:00Z,56.40994359,56.40994359,56.40994359,56.40994359
2025-06-04T15:20:00Z,56.1999438,56.1999438,56.1999438,56.1999438
2025-06-04T15:25:00Z,56.33994366,56.33994366,56.33994366,56.33994366
2025-06-04T15:35:00Z,56.28994371,56.43994356,56.28994371,56.34994365
2025-06-04T15:40:00Z,55.83994416,55.83994416,55.73994426,55.73994426
2025-06-04T15:45:00Z,55.62994437,55.85994414,55.62994437,55.85994414
2025-06-04T16:00:00Z,55.40994459,55.40994459,55.40994459,55.40994459
2025-06-04T16:05:00Z,55.2999447,55.2999447,55.2999447,55.2999447
2025-06-04T16:40:00Z,55.88994411,55.88994411,55.88994411,55.88994411
2025-06-04T17:05:00Z,56.38994361,56.38994361,56.38994361,56.38994361
2025-06-04T17:20:00Z,55.92994407,55.93994406,55.92994407,55.93994406
2025-06-04T17:40:00Z,56.0999439,56.20994379,56.0999439,56.20994379
2025-06-04T18:00:00Z,56.62994337,56.999943,56.62994337,56.999943
2025-06-04T18:10:00Z,56.7999432,56.7999432,56.7999432,56.7999432
2025-06-04T18:20:00Z,57.04994295,57.04994295,57.04994295,57.04994295
2025-06-04T18:30:00Z,56.95994304,56.95994304,56.95994304,56.95994304
2025-06-04T18:35:00Z,56.71994328,56.71994328,56.71994328,56.71994328
2025-06-04T19:25:00Z,56.73994326,56.73994326,56.64994335,56.64994335
2025-06-04T19:30:00Z,56.54994345,56.54994345,56.54994345,56.54994345
2025-06-04T19:35:00Z,56.60994339,56.60994339,56.60994339,56.60994339
2025-06-04T19:45:00Z,56.80994319,56.80994319,56.75994324,56.75994324
2025-06-04T19:55:00Z,56.80994319,56.80994319,56.80994319,56.80994319
2025-06-05T13:35:00Z,57.87994212,58.22994177,57.87994212,58.22994177
2025-06-05T13:40:00Z,58.42994157,58.42994157,58.42994157,58.42994157
2025-06-05T13:45:00Z,58.38994161,58.38994161,56.32994367,56.32994367
2025-06-05T13:50:00Z,58.00994199,58.00994199,58.00994199,58.00994199
2025-06-05T13:55:00Z,57.84994215,57.85994214,57.84994215,57.84994215
2025-06-05T14:00:00Z,58.15994184,58.20994179,58.15994184,58.1999418
2025-06-05T14:05:00Z,57.4999425,57.4999425,57.13994286,57.28994271
2025-06-05T14:15:00Z,57.54994245,57.74994225,57.54994245,57.74994225
2025-06-05T14:20:00Z,57.999942,58.45994154,57.999942,58.45994154
2025-06-05T14:25:00Z,58.65994134,58.65994134,58.4999415,58.4999415
2025-06-05T14:30:00Z,58.4999415,58.61994138,58.4999415,58.4999415
2025-06-05T14:35:00Z,58.999941,58.999941,58.97994102,58.97994102
2025-06-05T14:40:00Z,59.14994085,59.99994,59.14994085,59.8999401
2025-06-05T14:45:00Z,59.74994025,59.74994025,59.74994025,59.74994025
2025-06-05T14:50:00Z,59.46994053,59.47994052,59.3999406,59.3999406
2025-06-05T14:55:00Z,59.47994052,59.47994052,59.47994052,59.47994052
2025-06-05T15:00:00Z,59.68994031,59.68994031,59.27994072,59.27994072
2025-06-05T15:05:00Z,58.60994139,58.74994125,58.60994139,58.74994125
2025-06-05T15:10:00Z,58.83994116,58.83994116,58.83994116,58.83994116
2025-06-05T15:20:00Z,58.7999412,58.7999412,58.7999412,58.7999412
2025-06-05T15:25:00Z,58.54994145,58.54994145,58.54994145,58.54994145
2025-06-05T15:30:00Z,57.999942,57.999942,57.999942,57.999942
2025-06-05T15:45:00Z,57.999942,57.999942,57.999942,57.999942
2025-06-05T15:55:00Z,58.6999413,58.70994129,58.62994137,58.62994137
2025-06-05T16:00:00Z,58.75994124,58.77994122,58.75994124,58.77994122
2025-06-05T16:05:00Z,58.87994112,58.98994101,58.7999412,58.7999412
2025-06-05T16:15:00Z,58.2999417,58.2999417,58.2999417,58.2999417
2025-06-05T16:35:00Z,57.95994204,57.95994204,57.95994204,57.95994204
2025-06-05T16:45:00Z,56.66994333,56.66994333,56.66994333,56.66994333
2025-06-05T16:50:00Z,56.53994346,56.63994336,56.53994346,56.63994336
2025-06-05T17:00:00Z,56.4999435,57.08994291,56.4999435,57.08994291
2025-06-05T17:10:00Z,57.62994237,57.62994237,57.62994237,57.62994237
2025-06-05T17:20:00Z,57.54994245,57.54994245,57.54994245,57.54994245
2025-06-05T17:25:00Z,57.4999425,57.4999425,57.4999425,57.4999425
2025-06-05T17:35:00Z,57.44994255,57.44994255,57.44994255,57.44994255
2025-06-05T17:40:00Z,57.55994244,57.7999422,57.55994244,57.7999422
2025-06-05T17:45:00Z,57.5999424,57.5999424,57.5999424,57.5999424
2025-06-05T17:50:00Z,57.66994233,57.68994231,57.66994233,57.68994231
2025-06-05T17:55:00Z,57.46994253,57.46994253,57.46994253,57.46994253
2025-06-05T18:05:00Z,57.55994244,57.55994244,57.55994244,57.55994244
2025-06-05T18:15:00Z,57.04994295,57.04994295,56.4999435,56.4999435
2025-06-05T18:20:00Z,57.000943,57.000943,57.000943,57.000943
2025-06-05T18:25:00Z,56.7999432,56.7999432,56.7999432,56.7999432
2025-06-05T18:30:00Z,56.60994339,56.60994339,56.54994345,56.54994345
2025-06-05T18:35:00Z,56.50994349,56.50994349,55.97994402,55.97994402
2025-06-05T18:40:00Z,55.54994445,55.54994445,55.4999445,55.4999445
2025-06-05T18:55:00Z,55.7999442,55.7999442,55.7999442,55.7999442
2025-06-05T19:00:00Z,55.4999445,55.4999445,55.000945,55.000945
2025-06-05T19:05:00Z,54.999945,54.999945,54.999945,54.999945
2025-06-05T19:15:00Z,54.74994525,54.74994525,54.4999455,54.4999455
2025-06-05T19:20:00Z,54.45094555,54.58994541,54.45094555,54.58994541
2025-06-05T19:25:00Z,54.90994509,54.90994509,54.90994509,54.90994509
2025-06-05T19:30:00Z,55.63994436,55.89494411,55.63994436,55.89494411
2025-06-05T19:55:00Z,56.45994354,56.45994354,56.45994354,56.45994354
2025-06-06T13:30:00Z,58.6999413,58.6999413,57.74994225,57.74994225
2025-06-06T13:35:00Z,57.53994246,57.54994245,57.53994246,57.54994245
2025-06-06T13:40:00Z,58.68994131,58.68994131,58.4999415,58.4999415
2025-06-06T13:45:00Z,57.84994215,58.999941,57.84994215,58.999941
2025-06-06T13:50:00Z,59.38994061,59.38994061,59.24994075,59.24994075
2025-06-06T13:55:00Z,58.14994185,58.4999415,58.14994185,58.4999415
2025-06-06T14:00:00Z,58.02994197,58.02994197,57.21994278,57.62994237
2025-06-06T14:05:00Z,57.0999429,57.0999429,56.42994357,56.42994357
2025-06-06T14:10:00Z,56.55994344,56.55994344,56.22994377,56.22994377
2025-06-06T14:15:00Z,56.999943,57.2999427,56.999943,57.18994281
2025-06-06T14:20:00Z,57.27994272,57.27994272,57.27994272,57.27994272
2025-06-06T14:25:00Z,57.70994229,57.77994222,57.70994229,57.77994222
2025-06-06T14:35:00Z,57.98994201,57.98994201,57.98994201,57.98994201
2025-06-06T14:50:00Z,58.5999414,58.5999414,58.3999416,58.3999416
2025-06-06T14:55:00Z,58.5999414,58.5999414,58.54994145,58.54994145
2025-06-06T15:00:00Z,58.76994123,58.76994123,58.65994134,58.65994134
2025-06-06T15:05:00Z,58.40994159,58.51994148,58.40994159,58.51994148
2025-06-06T15:15:00Z,58.06994193,58.1999418,58.06994193,58.1999418
2025-06-06T15:20:00Z,57.66994233,57.94994205,57.66994233,57.90994209
2025-06-06T15:25:00Z,58.14994185,58.14994185,58.14994185,58.14994185
2025-06-06T15:30:00Z,58.31994168,58.52994147,58.31994168,58.52994147
2025-06-06T15:40:00Z,58.03994196,58.1999418,58.03994196,58.1999418
2025-06-06T15:45:00Z,58.25994174,58.44994155,58.16994183,58.27994172
2025-06-06T16:05:00Z,58.73994126,58.74994125,58.70994129,58.74994125
2025-06-06T16:10:00Z,58.81994118,58.81994118,58.81994118,58.81994118
2025-06-06T16:15:00Z,58.73994126,58.7999412,58.61994138,58.70994129
2025-06-06T16:20:00Z,58.74994125,58.74994125,58.45994154,58.45994154
2025-06-06T16:25:00Z,58.68994131,58.70994129,58.45994154,58.45994154
2025-06-06T16:35:00Z,58.33994166,58.33994166,58.33994166,58.33994166
2025-06-06T16:40:00Z,57.999942,57.999942,57.999942,57.999942
2025-06-06T17:00:00Z,58.32994167,58.32994167,58.32994167,58.32994167
2025-06-06T17:25:00Z,58.5999414,58.5999414,58.5999414,58.5999414
2025-06-06T17:30:00Z,58.74994125,58.7999412,58.71994128,58.76994123
2025-06-06T17:35:00Z,58.73994126,58.7999412,58.73994126,58.7999412
2025-06-06T17:40:00Z,58.74994125,58.81994118,58.74994125,58.81994118
2025-06-06T18:00:00Z,58.23994176,58.23994176,57.84994215,57.84994215
2025-06-06T18:05:00Z,57.6999423,57.6999423,57.66994233,57.66994233
2025-06-06T18:10:00Z,57.4999425,57.4999425,57.4999425,57.4999425
2025-06-06T18:20:00Z,57.66994233,57.66994233,57.66994233,57.66994233
2025-06-06T18:30:00Z,57.61994238,57.61994238,57.61994238,57.61994238
2025-06-06T19:05:00Z,57.74994225,57.74994225,57.74994225,57.74994225
2025-06-06T19:10:00Z,57.67994232,57.67994232,57.61994238,57.61994238
2025-06-06T19:15:00Z,57.46994253,57.46994253,57.28994271,57.28994271
2025-06-06T19:20:00Z,57.1999428,57.1999428,57.1999428,57.1999428
2025-06-06T19:35:00Z,57.3999426,57.3999426,57.1999428,57.28994271
2025-06-06T19:40:00Z,57.15994284,57.15994284,57.15994284,57.15994284
2025-06-06T19:55:00Z,57.54994245,57.54994245,56.999943,56.999943
2025-06-09T13:30:00Z,52.00994799,52.85994714,49.95995004,50.16994983
2025-06-09T13:35:00Z,50.16994983,50.16994983,49.21995078,49.2999507
2025-06-09T13:40:00Z,51.10994889,51.96994803,51.00994899,51.96994803
2025-06-09T13:45:00Z,51.96994803,52.4999475,51.52994847,52.4999475
2025-06-09T13:50:00Z,52.67994732,52.67994732,51.83994816,51.83994816
2025-06-09T13:55:00Z,51.84994815,51.84994815,51.72994827,51.72994827
2025-06-09T14:00:00Z,51.62994837,51.7999482,50.4999495,50.4999495
2025-06-09T14:05:00Z,50.6999493,50.6999493,50.4999495,50.4999495
2025-06-09T14:10:00Z,50.4999495,50.83994916,50.43994956,50.83994916
2025-06-09T14:15:00Z,50.5999494,50.96994903,50.37994962,50.91094909
2025-06-09T14:20:00Z,51.5999484,51.5999484,51.42994857,51.42994857
2025-06-09T14:25:00Z,51.41994858,51.51994848,51.22994877,51.3999486
2025-06-09T14:30:00Z,51.5999484,51.999948,51.5999484,51.83994816
2025-06-09T14:35:00Z,51.53994846,51.53994846,50.999949,50.999949
2025-06-09T14:40:00Z,50.78994921,50.8999491,50.77994922,50.8999491
2025-06-09T14:45:00Z,50.999949,51.68994831,50.999949,51.68994831
2025-06-09T14:50:00Z,51.7999482,52.3999476,51.7999482,52.28994771
2025-06-09T14:55:00Z,52.40994759,52.40994759,52.40994759,52.40994759
2025-06-09T15:00:00Z,52.45994754,52.45994754,52.02994797,52.17994782
2025-06-09T15:05:00Z,52.4999475,52.58994741,52.45994754,52.58994741
2025-06-09T15:10:00Z,52.68994731,52.68994731,52.4999475,52.4999475
2025-06-09T15:20:00Z,52.23494776,52.51994748,52.1999478,52.51994748
2025-06-09T15:25:00Z,52.5999474,52.68994731,52.5999474,52.68994731
2025-06-09T15:30:00Z,53.04994695,53.2999467,53.04994695,53.21994678
2025-06-09T15:35:00Z,53.2999467,53.31994668,53.2999467,53.31994668
2025-06-09T15:40:00Z,52.999947,52.999947,52.999947,52.999947
2025-06-09T15:50:00Z,52.9049471,52.97994702,52.9049471,52.97994702
2025-06-09T15:55:00Z,52.54994745,52.54994745,52.4999475,52.4999475
2025-06-09T16:00:00Z,52.20994779,52.20994779,52.14994785,52.14994785
2025-06-09T16:15:00Z,52.4999475,52.4999475,52.40994759,52.47994752
2025-06-09T16:20:00Z,52.40994759,52.40994759,52.3999476,52.3999476
2025-06-09T16:25:00Z,52.35994764,52.35994764,52.26994773,52.26994773
2025-06-09T16:30:00Z,52.27994772,52.28994771,52.27994772,52.28994771
2025-06-09T16:35:00Z,52.26994773,52.26994773,52.24994775,52.24994775
2025-06-09T16:45:00Z,51.74994825,51.86994813,51.47994852,51.86994813
2025-06-09T16:50:00Z,52.02994797,52.02994797,51.86994813,51.86994813
2025-06-09T16:55:00Z,51.88994811,51.999948,51.88994811,51.999948
2025-06-09T17:05:00Z,52.25994774,52.25994774,52.08994791,52.08994791
2025-06-09T17:10:00Z,52.07994792,52.07994792,52.07994792,52.07994792
2025-06-09T17:20:00Z,52.22994777,52.22994777,51.93994806,51.93994806
2025-06-09T17:25:00Z,51.999948,51.999948,51.999948,51.999948
2025-06-09T17:45:00Z,52.10994789,52.29494771,52.0999479,52.27994772
2025-06-09T17:50:00Z,52.08994791,52.08994791,51.94994805,51.94994805
2025-06-09T17:55:00Z,52.07994792,52.07994792,52.07994792,52.07994792
2025-06-09T18:00:00Z,52.01994798,52.01994798,52.01994798,52.01994798
2025-06-09T18:05:00Z,52.08994791,52.08994791,52.08994791,52.08994791
2025-06-09T18:10:00Z,51.7999482,51.7999482,51.47994852,51.64994835
2025-06-09T18:15:00Z,51.50994849,51.50994849,50.999949,50.999949
2025-06-09T18:20:00Z,50.44994955,50.44994955,50.07994992,50.07994992
2025-06-09T18:25:00Z,49.99995,49.99995,49.7999502,49.83995016
2025-06-09T18:30:00Z,50.4999495,50.56994943,50.3999496,50.56994943
2025-06-09T18:35:00Z,50.54994945,50.54994945,50.54994945,50.54994945
2025-06-09T18:40:00Z,50.04994995,50.04994995,49.81995018,49.81995018
2025-06-09T18:45:00Z,50.01994998,50.01994998,50.01994998,50.01994998
2025-06-09T18:50:00Z,50.05994994,50.05994994,49.72995027,49.72995027
2025-06-09T18:55:00Z,49.74995025,49.74995025,49.74995025,49.74995025
2025-06-09T19:00:00Z,49.78995021,49.78995021,49.14995085,49.14995085
2025-06-09T19:05:00Z,49.0999509,49.2999507,48.999951,49.2999507
2025-06-09T19:10:00Z,49.23995076,49.23995076,48.8999511,49.01995098
2025-06-09T19:15:00Z,48.86995113,49.03995096,48.64995135,48.64995135
2025-06-09T19:20:00Z,48.74995125,48.8999511,48.74995125,48.8999511
2025-06-09T19:25:00Z,48.88995111,49.01995098,48.88995111,49.01995098
2025-06-09T19:30:00Z,48.80995119,48.80995119,48.34995165,48.50995149
2025-06-09T19:35:00Z,48.86995113,48.86995113,48.4999515,48.50995149
2025-06-09T19:40:00Z,48.4999515,48.4999515,48.4999515,48.4999515
2025-06-09T19:45:00Z,48.72995127,48.72995127,48.72995127,48.72995127
2025-06-09T19:50:00Z,48.50995149,48.50995149,47.71995228,47.71995228
2025-06-09T19:55:00Z,47.95995204,48.23995176,47.76995223,47.76995223
2025-06-10T13:30:00Z,48.81995118,50.0999499,48.81995118,49.54995045
2025-06-10T13:35:00Z,49.98995001,50.98994901,49.98995001,50.87994912
2025-06-10T13:40:00Z,50.68994931,50.999949,50.58994941,50.58994941
2025-06-10T13:45:00Z,50.6999493,50.71994928,50.38994961,50.38994961
2025-06-10T13:50:00Z,50.45994954,50.48994951,49.62995037,49.62995037
2025-06-10T13:55:00Z,49.4999505,49.4999505,49.4999505,49.4999505
2025-06-10T14:00:00Z,49.51995048,49.51995048,49.22995077,49.22995077
2025-06-10T14:05:00Z,49.23995076,49.28995071,49.23995076,49.28995071
2025-06-10T14:10:00Z,49.15995084,49.3999506,49.15995084,49.3999506
2025-06-10T14:15:00Z,49.04995095,49.15995084,48.8999511,49.0999509
2025-06-10T14:20:00Z,49.33995066,49.33995066,48.57995142,48.57995142
2025-06-10T14:25:00Z,48.57995142,48.57995142,48.3999516,48.3999516
2025-06-10T14:30:00Z,48.27995172,48.27995172,47.7999522,47.97995202
2025-06-10T14:35:00Z,47.999952,48.24995175,47.999952,48.24995175
2025-06-10T14:40:00Z,48.57995142,48.7999512,48.57995142,48.7999512
2025-06-10T14:45:00Z,48.4999515,48.4999515,48.00995199,48.00995199
2025-06-10T14:50:00Z,47.84995215,47.90995209,47.7999522,47.90995209
2025-06-10T14:55:00Z,47.95995204,47.95995204,47.10995289,47.45995254
2025-06-10T15:00:00Z,47.90995209,47.90995209,47.90995209,47.90995209
2025-06-10T15:05:00Z,48.32995167,48.32995167,48.32995167,48.32995167
2025-06-10T15:15:00Z,48.37995162,48.37995162,48.37995162,48.37995162
2025-06-10T15:20:00Z,48.5999514,48.5999514,48.33495167,48.33495167
2025-06-10T15:25:00Z,48.22995177,48.23995176,48.22995177,48.23995176
2025-06-10T15:30:00Z,47.42995257,47.42995257,47.0999529,47.26995273
2025-06-10T15:35:00Z,47.35995264,47.48995251,47.35995264,47.48995251
2025-06-10T15:45:00Z,48.16995183,48.16995183,48.16995183,48.16995183
2025-06-10T15:50:00Z,47.93995206,47.93995206,47.93995206,47.93995206
2025-06-10T15:55:00Z,47.93995206,47.95995204,47.51995248,47.51995248
2025-06-10T16:00:00Z,47.48995251,47.77995222,47.48995251,47.4999525
2025-06-10T16:05:00Z,47.4999525,47.4999525,47.24995275,47.24995275
2025-06-10T16:10:00Z,47.2999527,47.2999527,47.2999527,47.2999527
2025-06-10T16:15:00Z,47.0999529,47.0999529,46.83995316,46.83995316
2025-06-10T16:20:00Z,47.17995282,47.42995257,47.17995282,47.34995265
2025-06-10T16:25:00Z,47.4999525,47.4999525,47.4999525,47.4999525
2025-06-10T16:30:00Z,47.15995284,47.15995284,47.02995297,47.02995297
2025-06-10T16:35:00Z,46.999953,46.999953,46.82995317,46.82995317
2025-06-10T16:40:00Z,46.82995317,47.02995297,46.77995322,47.02995297
2025-06-10T16:45:00Z,46.4999535,46.4999535,46.45995354,46.45995354
2025-06-10T16:55:00Z,46.34995365,46.34995365,46.11995388,46.11995388
2025-06-10T17:00:00Z,46.04995395,46.04995395,45.94995405,45.94995405
2025-06-10T17:05:00Z,46.37995362,46.37995362,46.37995362,46.37995362
2025-06-10T17:15:00Z,46.21995378,46.27995372,46.21995378,46.27995372
2025-06-10T17:20:00Z,46.2999537,46.2999537,46.2999537,46.2999537
2025-06-10T17:25:00Z,46.20995379,46.20995379,45.92995407,45.92995407
2025-06-10T17:35:00Z,45.6999543,45.6999543,45.6999543,45.6999543
2025-06-10T17:40:00Z,45.65995434,45.71995428,45.65995434,45.6999543
2025-06-10T17:45:00Z,45.96995403,45.96995403,45.86495414,45.86495414
2025-06-10T17:50:00Z,45.999954,46.06995393,45.999954,46.06995393
2025-06-10T17:55:00Z,46.15995384,46.15995384,46.00995399,46.00995399
2025-06-10T18:00:00Z,46.00995399,46.00995399,45.80995419,45.999954
2025-06-10T18:15:00Z,46.8999531,47.04995295,46.8999531,47.04995295
2025-06-10T18:20:00Z,46.999953,46.999953,46.98995301,46.98995301
2025-06-10T18:30:00Z,47.0999529,47.0999529,47.0999529,47.0999529
2025-06-10T18:35:00Z,46.8999531,46.8999531,46.8999531,46.8999531
2025-06-10T18:55:00Z,46.94995305,47.24995275,46.94995305,47.24995275
2025-06-10T19:05:00Z,47.3999526,47.42995257,47.3999526,47.3999526
2025-06-10T19:15:00Z,47.0999529,47.0999529,47.01995298,47.01995298
2025-06-10T19:50:00Z,47.13995286,47.44995255,46.95995304,47.44995255
2025-06-10T19:55:00Z,47.50995249,47.8999521,47.50995249,47.62995237
2025-06-11T13:30:00Z,48.0999519,48.0999519,47.4999525,47.4999525
2025-06-11T13:35:00Z,48.44995155,48.4999515,48.44995155,48.4999515
2025-06-11T13:40:00Z,48.31995168,48.64995135,48.31995168,48.64995135
2025-06-11T13:45:00Z,47.999952,47.999952,47.23995276,47.23995276
2025-06-11T13:55:00Z,47.4999525,47.4999525,47.41995258,47.41995258
2025-06-11T14:25:00Z,48.24995175,48.24995175,48.24995175,48.24995175
2025-06-11T14:30:00Z,48.12995187,48.12995187,48.12995187,48.12995187
2025-06-11T14:35:00Z,48.33995166,48.33995166,48.33995166,48.33995166
2025-06-11T14:45:00Z,48.27995172,48.27995172,48.27995172,48.27995172
2025-06-11T14:55:00Z,48.02995197,48.02995197,47.999952,47.999952
2025-06-11T15:00:00Z,47.999952,47.999952,47.999952,47.999952
2025-06-11T15:05:00Z,47.65995234,47.65995234,47.37995262,47.37995262
2025-06-11T15:10:00Z,47.4999525,47.4999525,47.4999525,47.4999525
2025-06-11T15:20:00Z,47.34995265,47.34995265,46.999953,46.999953
2025-06-11T15:25:00Z,46.74995325,46.74995325,46.64995335,46.64995335
2025-06-11T15:30:00Z,46.6999533,46.6999533,46.4999535,46.50995349
2025-06-11T15:35:00Z,46.80995319,46.80995319,46.80995319,46.80995319
2025-06-11T15:40:00Z,46.80995319,46.80995319,46.80995319,46.80995319
2025-06-11T15:45:00Z,46.4999535,46.4999535,46.42995357,46.42995357
2025-06-11T15:50:00Z,46.4999535,46.4999535,46.4999535,46.4999535
2025-06-11T15:55:00Z,46.60995339,46.60995339,46.60995339,46.60995339
2025-06-11T16:00:00Z,46.999953,46.999953,46.74995325,46.74995325
2025-06-11T16:05:00Z,46.4999535,46.4999535,46.4999535,46.4999535
2025-06-11T16:10:00Z,46.4999535,46.4999535,46.3999536,46.3999536
2025-06-11T16:15:00Z,46.61095339,46.65995334,46.57995342,46.64995335
2025-06-11T16:20:00Z,46.52995347,46.52995347,46.52995347,46.52995347
2025-06-11T16:25:00Z,46.999953,47.1999528,46.999953,47.1999528
2025-06-11T16:35:00Z,47.20995279,47.20995279,47.20995279,47.20995279
2025-06-11T16:45:00Z,46.999953,46.999953,46.999953,46.999953
2025-06-11T17:25:00Z,47.16995283,47.16995283,47.11995288,47.11995288
2025-06-11T17:30:00Z,47.17095283,47.17095283,47.17095283,47.17095283
2025-06-11T17:45:00Z,47.17995282,47.17995282,47.17995282,47.17995282
2025-06-11T18:00:00Z,46.70995329,46.70995329,46.52995347,46.52995347
2025-06-11T18:10:00Z,46.7999532,46.7999532,46.7999532,46.7999532
2025-06-11T18:15:00Z,46.51995348,46.53995346,46.51995348,46.53995346
2025-06-11T18:25:00Z,47.12995287,47.12995287,47.12995287,47.12995287
2025-06-11T18:30:00Z,47.14995285,47.14995285,47.14995285,47.14995285
2025-06-11T18:45:00Z,47.66995233,47.66995233,47.66995233,47.66995233
2025-06-11T18:50:00Z,47.999952,47.999952,47.999952,47.999952
2025-06-11T19:25:00Z,47.20995279,47.21995278,47.20995279,47.21995278
2025-06-12T13:30:00Z,47.3999526,47.3999526,47.14995285,47.14995285
2025-06-12T13:35:00Z,47.31995268,47.31995268,45.999954,45.999954
2025-06-12T13:40:00Z,46.4999535,46.4999535,46.4999535,46.4999535
2025-06-12T13:45:00Z,46.5999534,46.5999534,46.5999534,46.5999534
2025-06-12T13:55:00Z,45.6999543,45.6999543,45.48995451,45.48995451
2025-06-12T14:00:00Z,45.53995446,45.8999541,44.93995506,45.05995494
2025-06-12T14:05:00Z,45.0999549,45.68995431,45.06995493,45.62995437
2025-06-12T14:10:00Z,45.3999546,45.54995445,45.3999546,45.54995445
2025-06-12T14:15:00Z,45.85995414,45.85995414,45.6999543,45.6999543
2025-06-12T14:20:00Z,45.3999546,45.58995441,45.32995467,45.58995441
2025-06-12T14:25:00Z,45.41995458,45.41995458,44.8999551,44.8999551
2025-06-12T14:30:00Z,44.5999554,44.5999554,44.43995556,44.56995543
2025-06-12T14:35:00Z,44.56995543,44.56995543,44.4999555,44.4999555
2025-06-12T14:40:00Z,44.999955,44.999955,44.97995502,44.97995502
2025-06-12T14:45:00Z,44.98995501,45.23995476,44.98995501,45.1999548
2025-06-12T14:50:00Z,44.999955,44.999955,44.999955,44.999955
2025-06-12T14:55:00Z,45.11995488,45.11995488,45.11995488,45.11995488
2025-06-12T15:05:00Z,45.55995444,45.55995444,42.999957,43.28995671
2025-06-12T15:10:00Z,43.41995658,44.22995577,42.78995721,44.10995589
2025-06-12T15:15:00Z,44.27995572,44.43995556,43.77995622,43.7999562
2025-06-12T15:20:00Z,43.71995628,43.82995617,43.44995655,43.82995617
2025-06-12T15:25:00Z,44.77995522,44.7999552,44.77995522,44.7999552
2025-06-12T15:30:00Z,45.17995482,45.18995481,44.68995531,44.7999552
2025-06-12T15:35:00Z,45.23995476,45.68995431,45.23995476,45.68995431
2025-06-12T15:40:00Z,45.4999545,45.5999544,45.4999545,45.56995443
2025-06-12T15:45:00Z,45.54995445,45.54995445,45.54995445,45.54995445
2025-06-12T15:55:00Z,45.6999543,45.6999543,45.6999543,45.6999543
2025-06-12T16:15:00Z,45.4999545,45.77995422,45.4999545,45.77995422
2025-06-12T16:20:00Z,46.24995375,46.24995375,46.23995376,46.23995376
2025-06-12T16:25:00Z,46.55995344,46.55995344,46.54995345,46.54995345
2025-06-12T16:30:00Z,46.65995334,46.81995318,46.60995339,46.80995319
2025-06-12T16:35:00Z,46.98995301,46.999953,46.98995301,46.999953
2025-06-12T16:45:00Z,46.57995342,46.58995341,46.57995342,46.57995342
2025-06-12T16:50:00Z,45.999954,45.999954,45.999954,45.999954
2025-06-12T16:55:00Z,46.04995395,46.04995395,46.04995395,46.04995395
2025-06-12T17:00:00Z,46.27995372,46.27995372,46.27995372,46.27995372
2025-06-12T17:10:00Z,46.4999535,46.4999535,46.4999535,46.4999535
2025-06-12T18:25:00Z,45.94995405,45.94995405,45.94995405,45.94995405
2025-06-12T18:40:00Z,47.08995291,47.0999529,47.08995291,47.0999529
2025-06-12T18:45:00Z,47.16995283,47.3999526,47.16995283,47.3999526
2025-06-12T18:55:00Z,46.999953,46.999953,46.999953,46.999953
2025-06-12T19:45:00Z,46.54995345,46.54995345,46.54995345,46.54995345
2025-06-12T19:50:00Z,46.77995322,46.77995322,46.77995322,46.77995322
2025-06-12T19:55:00Z,47.18995281,47.18995281,47.18995281,47.18995281
2025-06-13T13:30:00Z,44.98995501,46.42995357,44.97995502,46.41995358
2025-06-13T13:40:00Z,45.80995419,45.97995402,45.80995419,45.97995402
2025-06-13T13:45:00Z,45.7999542,46.04995395,45.74995425,46.04995395
2025-06-13T13:50:00Z,46.27995372,46.3999536,45.999954,45.999954
2025-06-13T13:55:00Z,45.74995425,45.74995425,45.48995451,45.53995446
2025-06-13T14:00:00Z,45.73995426,45.73995426,45.58995441,45.58995441
2025-06-13T14:05:00Z,45.78995421,45.78995421,45.78995421,45.78995421
2025-06-13T14:10:00Z,45.4999545,45.4999545,45.12995487,45.25995474
2025-06-13T14:20:00Z,45.28995471,45.28995471,45.24995475,45.25995474
2025-06-13T14:25:00Z,44.999955,45.06995493,44.88995511,45.06995493
2025-06-13T14:35:00Z,45.25995474,45.33995466,45.12995487,45.20995479
2025-06-13T14:40:00Z,45.33995466,45.40995459,45.33995466,45.40995459
2025-06-13T14:45:00Z,45.21995478,45.21995478,44.95995504,44.95995504
2025-06-13T14:50:00Z,45.36995463,45.45995454,45.32995467,45.43995456
2025-06-13T14:55:00Z,45.51995448,45.74995425,45.50995449,45.74995425
2025-06-13T15:00:00Z,45.83995416,45.8999541,45.83995416,45.85995414
2025-06-13T15:05:00Z,45.78995421,45.78995421,45.78995421,45.78995421
2025-06-13T15:10:00Z,45.28995471,45.3999546,45.20995479,45.3999546
2025-06-13T15:15:00Z,45.45995454,45.45995454,45.25995474,45.25995474
2025-06-13T15:20:00Z,45.67995432,45.67995432,45.67995432,45.67995432
2025-06-13T15:25:00Z,45.68995431,45.68995431,45.68995431,45.68995431
2025-06-13T15:30:00Z,45.61995438,45.61995438,45.61995438,45.61995438
2025-06-13T15:35:00Z,45.51995448,45.51995448,45.47995452,45.47995452
2025-06-13T15:45:00Z,45.2999547,45.2999547,45.13995486,45.15995484
2025-06-13T15:50:00Z,45.05995494,45.05995494,44.999955,44.999955
2025-06-13T15:55:00Z,45.02995497,45.02995497,45.02995497,45.02995497
2025-06-13T16:00:00Z,45.0999549,45.24995475,45.0999549,45.24995475
2025-06-13T16:05:00Z,45.05995494,45.05995494,45.04995495,45.04995495
2025-06-13T16:10:00Z,45.24995475,45.24995475,45.24995475,45.24995475
2025-06-13T16:15:00Z,45.23995476,45.23995476,45.22995477,45.22995477
2025-06-13T16:20:00Z,45.0999549,45.0999549,45.06995493,45.06995493
2025-06-13T16:25:00Z,45.11995488,45.11995488,45.11995488,45.11995488
2025-06-13T16:30:00Z,44.98995501,45.08995491,44.98995501,45.08995491
2025-06-13T16:35:00Z,44.90995509,44.90995509,44.90995509,44.90995509
2025-06-13T16:40:00Z,44.74995525,44.74995525,44.74995525,44.74995525
2025-06-13T16:45:00Z,44.81995518,44.81995518,44.73995526,44.73995526
2025-06-13T16:50:00Z,44.74995525,44.75995524,44.74995525,44.75995524
2025-06-13T16:55:00Z,44.6999553,44.75995524,44.5999554,44.6999553
2025-06-13T17:05:00Z,44.71995528,44.71995528,44.4999555,44.4999555
2025-06-13T17:15:00Z,43.999956,43.999956,43.999956,43.999956
2025-06-13T17:20:00Z,44.44995555,44.44995555,44.44995555,44.44995555
2025-06-13T17:30:00Z,44.1999558,44.1999558,44.1999558,44.1999558
2025-06-13T17:40:00Z,44.04995595,44.04995595,43.77995622,43.77995622
2025-06-13T17:45:00Z,43.86995613,43.86995613,43.65995634,43.65995634
2025-06-13T17:50:00Z,43.80995619,43.80995619,43.75995624,43.75995624
2025-06-13T17:55:00Z,43.4999565,43.62995637,43.44995655,43.57995642
2025-06-13T18:00:00Z,43.32995667,43.32995667,43.2999567,43.2999567
2025-06-13T18:05:00Z,43.2999567,43.2999567,43.0999569,43.0999569
2025-06-13T18:10:00Z,43.1999568,43.1999568,43.12995687,43.12995687
2025-06-13T18:15:00Z,43.0999569,43.0999569,42.999957,43.04995695
2025-06-13T18:25:00Z,43.00995699,43.00995699,42.73995726,42.73995726
2025-06-13T18:30:00Z,42.76995723,42.76995723,42.41995758,42.41995758
2025-06-13T18:35:00Z,42.64995735,42.64995735,42.64995735,42.64995735
2025-06-13T18:40:00Z,42.44995755,42.62995737,42.24995775,42.24995775
2025-06-13T18:45:00Z,42.30995769,42.30995769,42.06995793,42.06995793
2025-06-13T18:50:00Z,42.4999575,42.50995749,42.4999575,42.50995749
2025-06-13T19:00:00Z,42.7999572,42.86995713,42.7999572,42.86995713
2025-06-13T19:10:00Z,43.34995665,43.34995665,43.34995665,43.34995665
2025-06-13T19:15:00Z,43.17995682,43.17995682,43.17995682,43.17995682
2025-06-13T19:25:00Z,42.83995716,42.83995716,42.7999572,42.7999572
2025-06-13T19:30:00Z,42.73995726,42.73995726,42.6999573,42.6999573
2025-06-13T19:35:00Z,42.87995712,42.87995712,42.87995712,42.87995712
2025-06-13T19:40:00Z,42.84995715,42.84995715,42.77995722,42.7999572
2025-06-13T19:50:00Z,42.60995739,42.60995739,42.60995739,42.60995739
2025-06-13T19:55:00Z,42.93995706,42.93995706,42.93995706,42.93995706
2025-06-16T13:30:00Z,43.6999563,44.999955,43.6999563,44.999955
2025-06-16T13:35:00Z,44.04995595,44.16995583,44.04995595,44.16995583
2025-06-16T13:40:00Z,44.10995589,44.11995588,43.56995643,43.72995627
2025-06-16T13:45:00Z,43.2999567,43.33995666,42.999957,43.33995666
2025-06-16T13:50:00Z,43.53995646,43.65995634,43.52995647,43.52995647
2025-06-16T13:55:00Z,43.76995623,44.30995569,43.76995623,44.30995569
2025-06-16T14:00:00Z,44.55995544,44.81995518,44.43995556,44.81995518
2025-06-16T14:05:00Z,44.8999551,44.97995502,44.51995548,44.53995546
2025-06-16T14:10:00Z,44.45995554,44.54995545,44.45995554,44.4999555
2025-06-16T14:15:00Z,44.93995506,44.93995506,44.57495543,44.57495543
2025-06-16T14:25:00Z,44.87995512,45.18995481,44.87995512,45.10995489
2025-06-16T14:30:00Z,45.34995465,45.56995443,45.34995465,45.56995443
2025-06-16T14:35:00Z,45.58995441,45.68995431,45.52995447,45.52995447
2025-06-16T14:40:00Z,45.63995436,45.74995425,45.63995436,45.6999543
2025-06-16T14:50:00Z,45.5999544,45.5999544,45.38995461,45.54995445
2025-06-16T14:55:00Z,45.38995461,45.44995455,45.38995461,45.44995455
2025-06-16T15:00:00Z,45.55995444,45.86995413,45.44995455,45.86995413
2025-06-16T15:05:00Z,45.63995436,45.63995436,45.24995475,45.24995475
2025-06-16T15:10:00Z,45.33995466,45.40995459,45.24995475,45.24995475
2025-06-16T15:20:00Z,45.20995479,45.20995479,45.20995479,45.20995479
2025-06-16T15:25:00Z,45.06995493,45.06995493,45.02995497,45.04995495
2025-06-16T15:30:00Z,45.04995495,45.23995476,45.04995495,45.23995476
2025-06-16T15:35:00Z,45.04995495,45.04995495,45.04995495,45.04995495
2025-06-16T15:40:00Z,44.93995506,44.95995504,44.74995525,44.74995525
2025-06-16T15:45:00Z,44.77995522,44.77995522,44.77995522,44.77995522
2025-06-16T15:55:00Z,44.73995526,44.73995526,44.68995531,44.68995531
2025-06-16T16:15:00Z,44.4999555,44.4999555,44.4999555,44.4999555
2025-06-16T16:25:00Z,44.34995565,44.34995565,44.34995565,44.34995565
2025-06-16T16:30:00Z,44.63995536,44.67995532,44.63995536,44.67995532
2025-06-16T16:35:00Z,44.82995517,44.82995517,44.82995517,44.82995517
2025-06-16T16:40:00Z,44.73995526,44.73995526,44.73995526,44.73995526
2025-06-16T16:55:00Z,44.57995542,44.57995542,44.53995546,44.53995546
2025-06-16T17:05:00Z,44.58995541,44.58995541,44.52995547,44.52995547
2025-06-16T17:30:00Z,44.83995516,44.83995516,44.83995516,44.83995516
2025-06-16T17:40:00Z,44.78995521,44.83995516,44.78995521,44.83995516
2025-06-16T17:50:00Z,44.8989551,44.8989551,44.78995521,44.78995521
2025-06-16T18:05:00Z,44.98995501,45.08995491,44.98995501,45.08995491
2025-06-16T18:15:00Z,45.2999547,45.2999547,45.2999547,45.2999547
2025-06-16T18:35:00Z,44.70995529,44.70995529,44.70995529,44.70995529
2025-06-16T18:40:00Z,44.62995537,44.63995536,44.61995538,44.63995536
2025-06-16T18:55:00Z,44.32995567,44.32995567,44.30995569,44.30995569
2025-06-16T19:00:00Z,44.30995569,44.48995551,44.30995569,44.41995558
2025-06-16T19:05:00Z,44.41995558,44.41995558,44.31995568,44.31995568
2025-06-16T19:10:00Z,44.40995559,44.46995553,44.40995559,44.46995553
2025-06-16T19:30:00Z,44.50995549,44.50995549,44.50995549,44.50995549
2025-06-16T19:35:00Z,44.46995553,44.46995553,44.44995555,44.44995555
2025-06-16T19:40:00Z,44.60995539,44.67995532,44.60995539,44.67995532
2025-06-16T19:45:00Z,44.5999554,44.5999554,44.5999554,44.5999554
2025-06-16T19:50:00Z,44.45995554,44.4999555,44.45995554,44.4999555
2025-06-16T19:55:00Z,44.70995529,44.70995529,44.40995559,44.40995559
2025-06-17T13:30:00Z,43.3999566,43.52995647,43.3999566,43.52995647
2025-06-17T13:35:00Z,43.56995643,43.56995643,43.1999568,43.25995674
2025-06-17T13:40:00Z,43.33995666,43.44995655,42.999957,42.999957
2025-06-17T13:45:00Z,43.4999565,43.4999565,43.4999565,43.4999565
2025-06-17T13:50:00Z,42.999957,43.11995688,42.999957,43.11995688
2025-06-17T13:55:00Z,43.25995674,43.25995674,43.25995674,43.25995674
2025-06-17T14:00:00Z,43.47995652,43.52995647,43.47995652,43.50995649
2025-06-17T14:10:00Z,43.3999566,43.45995654,43.3999566,43.45995654
2025-06-17T14:15:00Z,43.62995637,43.62995637,43.62995637,43.62995637
2025-06-17T14:20:00Z,43.58995641,43.58995641,43.54995645,43.54995645
2025-06-17T14:25:00Z,43.61995638,43.61995638,43.61995638,43.61995638
2025-06-17T14:30:00Z,43.34995665,43.53995646,43.2999567,43.53995646
2025-06-17T14:35:00Z,43.2999567,43.2999567,43.2999567,43.2999567
2025-06-17T14:40:00Z,43.46995653,43.46995653,43.46995653,43.46995653
2025-06-17T14:45:00Z,43.97995602,44.01995598,43.97995602,44.01995598
2025-06-17T14:55:00Z,43.999956,43.999956,43.999956,43.999956
2025-06-17T15:10:00Z,43.78995621,43.88995611,43.78995621,43.88995611
2025-06-17T15:35:00Z,43.46995653,43.46995653,43.46995653,43.46995653
2025-06-17T15:40:00Z,43.52995647,43.52995647,43.52995647,43.52995647
2025-06-17T15:45:00Z,43.4999565,43.4999565,43.44995655,43.44995655
2025-06-17T15:55:00Z,43.24495676,43.24495676,43.1999568,43.1999568
2025-06-17T16:05:00Z,43.36995663,43.36995663,43.0999569,43.11995688
2025-06-17T16:10:00Z,43.21495679,43.21495679,43.21495679,43.21495679
2025-06-17T16:15:00Z,43.1999568,43.1999568,43.1999568,43.1999568
2025-06-17T16:25:00Z,42.999957,42.999957,42.999957,42.999957
2025-06-17T16:30:00Z,43.05995694,43.10995689,43.01995698,43.01995698
2025-06-17T16:40:00Z,42.90995709,42.91495709,42.8999571,42.91495709
2025-06-17T16:45:00Z,43.05995694,43.05995694,43.05995694,43.05995694
2025-06-17T16:50:00Z,42.83995716,42.83995716,42.83995716,42.83995716
2025-06-17T17:00:00Z,42.7999572,42.7999572,42.7999572,42.7999572
2025-06-17T17:05:00Z,42.84995715,42.84995715,42.84995715,42.84995715
2025-06-17T17:25:00Z,42.54995745,42.54995745,42.4999575,42.4999575
2025-06-17T17:30:00Z,42.2999577,42.2999577,42.2999577,42.2999577
2025-06-17T17:35:00Z,42.40995759,42.46995753,42.40995759,42.46995753
2025-06-17T17:40:00Z,42.24995775,42.24995775,42.23995776,42.23995776
2025-06-17T17:45:00Z,41.999958,42.03995796,41.97995802,42.03995796
2025-06-17T17:50:00Z,41.96995803,41.96995803,41.96995803,41.96995803
2025-06-17T17:55:00Z,42.05995794,42.05995794,41.97995802,41.97995802
2025-06-17T18:00:00Z,41.77995822,41.77995822,41.77995822,41.77995822
2025-06-17T18:05:00Z,41.97995802,42.12495788,41.97995802,42.12495788
2025-06-17T18:10:00Z,42.20995779,42.20995779,42.20995779,42.20995779
2025-06-17T18:15:00Z,42.08495792,42.08495792,42.08495792,42.08495792
2025-06-17T18:20:00Z,42.08995791,42.08995791,41.999958,41.999958
2025-06-17T18:25:00Z,41.999958,41.999958,41.7999582,41.7999582
2025-06-17T18:35:00Z,41.97995802,41.97995802,41.7999582,41.7999582
2025-06-17T18:40:00Z,41.7999582,41.7999582,41.57995842,41.57995842
2025-06-17T19:05:00Z,42.23995776,42.23995776,42.1999578,42.1999578
2025-06-17T19:10:00Z,42.28995771,42.2999577,42.28995771,42.2999577
2025-06-17T19:20:00Z,42.2999577,42.4999575,42.2999577,42.47995752
2025-06-17T19:30:00Z,42.55995744,42.58995741,42.55995744,42.58995741
2025-06-17T19:40:00Z,42.27995772,42.27995772,42.27995772,42.27995772
2025-06-17T19:50:00Z,42.1999578,42.1999578,41.999958,41.999958
2025-06-17T19:55:00Z,41.87995812,41.8999581,41.87995812,41.87995812
2025-06-18T13:30:00Z,41.8999581,42.03995796,40.67995932,40.67995932
2025-06-18T13:35:00Z,40.7999592,41.05995894,40.44995955,41.05995894
2025-06-18T13:40:00Z,41.40995859,41.63995836,41.3999586,41.4999585
2025-06-18T13:45:00Z,41.44995855,41.44995855,41.34995865,41.34995865
2025-06-18T13:50:00Z,41.38995861,41.41995858,41.14995885,41.14995885
2025-06-18T13:55:00Z,40.999959,40.999959,40.999959,40.999959
2025-06-18T14:00:00Z,40.81995918,40.84995915,40.3999596,40.84995915
2025-06-18T14:05:00Z,40.52995947,40.52995947,40.36995963,40.36995963
2025-06-18T14:10:00Z,40.3999596,40.3999596,40.3999596,40.3999596
2025-06-18T14:15:00Z,40.7999592,40.7999592,40.7999592,40.7999592
2025-06-18T14:20:00Z,40.87995912,40.87995912,40.87995912,40.87995912
2025-06-18T14:25:00Z,41.24995875,41.33995866,41.24995875,41.33995866
2025-06-18T14:30:00Z,41.14995885,41.14995885,41.14995885,41.14995885
2025-06-18T14:35:00Z,41.04995895,41.04995895,40.94995905,40.94995905
2025-06-18T14:40:00Z,40.999959,41.01995898,40.999959,40.999959
2025-06-18T14:45:00Z,40.94995905,40.94995905,40.87995912,40.8999591
2025-06-18T14:55:00Z,40.75995924,40.90995909,40.75995924,40.90995909
2025-06-18T15:00:00Z,40.95995904,40.95995904,40.87995912,40.87995912
2025-06-18T15:05:00Z,40.74995925,40.75995924,40.5999594,40.5999594
2025-06-18T15:10:00Z,40.58995941,40.58995941,40.44995955,40.47995952
2025-06-18T15:15:00Z,40.58995941,40.5999594,40.52995947,40.5999594
2025-06-18T15:20:00Z,40.56995943,40.56995943,40.37995962,40.37995962
2025-06-18T15:25:00Z,40.43995956,40.53495946,40.2999597,40.2999597
2025-06-18T15:30:00Z,40.24995975,40.24995975,40.11995988,40.11995988
2025-06-18T15:35:00Z,39.99996,39.99996,39.73996026,39.73996026
2025-06-18T15:40:00Z,39.67996032,39.67996032,38.64996135,38.999961
2025-06-18T15:45:00Z,39.33996066,39.33996066,39.30996069,39.30996069
2025-06-18T15:50:00Z,39.24996075,39.24996075,39.24996075,39.24996075
2025-06-18T15:55:00Z,39.23996076,39.23996076,38.999961,38.999961
2025-06-18T16:00:00Z,38.83996116,38.83996116,38.46996153,38.54996145
2025-06-18T16:05:00Z,38.52996147,38.88996111,38.51996148,38.88996111
2025-06-18T16:10:00Z,38.74996125,38.74996125,38.54996145,38.70996129
2025-06-18T16:15:00Z,38.7999612,38.7999612,38.7999612,38.7999612
2025-06-18T16:20:00Z,38.7999612,38.84996115,38.5999614,38.5999614
2025-06-18T16:25:00Z,38.4999615,38.66496134,38.24996175,38.24996175
2025-06-18T16:30:00Z,38.37996162,38.41996158,38.36996163,38.41996158
2025-06-18T16:35:00Z,38.44996155,38.44996155,38.44996155,38.44996155
2025-06-18T16:40:00Z,38.44996155,38.44996155,38.37996162,38.38996161
2025-06-18T16:45:00Z,38.24996175,38.24996175,37.90996209,37.90996209
2025-06-18T16:50:00Z,38.18996181,38.36996163,38.14996185,38.14996185
2025-06-18T16:55:00Z,37.999962,37.999962,37.84996215,37.84996215
2025-06-18T17:00:00Z,37.8999621,37.90996209,37.86996213,37.90996209
2025-06-18T17:05:00Z,37.84996215,37.84996215,37.64996235,37.64996235
2025-06-18T17:10:00Z,37.82996217,37.999962,37.82996217,37.999962
2025-06-18T17:15:00Z,37.98996201,37.999962,37.85996214,37.85996214
2025-06-18T17:20:00Z,37.67996232,37.72996227,37.35996264,37.35996264
2025-06-18T17:25:00Z,37.18996281,37.48996251,37.07996292,37.31996268
2025-06-18T17:30:00Z,37.41996258,37.41996258,37.24996275,37.24996275
2025-06-18T17:35:00Z,37.1999628,37.64996235,37.16996283,37.47996252
2025-06-18T17:40:00Z,37.47996252,37.92496208,37.47996252,37.92496208
2025-06-18T17:45:00Z,37.67996232,37.67996232,37.67996232,37.67996232
2025-06-18T17:55:00Z,37.52996247,37.52996247,37.24996275,37.24996275
2025-06-18T18:00:00Z,37.74996225,37.74996225,37.4999625,37.54996245
2025-06-18T18:05:00Z,37.25996274,37.70996229,37.25996274,37.65996234
2025-06-18T18:10:00Z,37.78996221,37.78996221,37.77996222,37.77996222
2025-06-18T18:15:00Z,37.5999624,37.5999624,37.5999624,37.5999624
2025-06-18T18:20:00Z,37.60996239,37.74996225,37.60996239,37.64996235
2025-06-18T18:30:00Z,37.65996234,37.87996212,37.65996234,37.87996212
2025-06-18T18:35:00Z,37.87996212,37.87996212,37.4999625,37.75996224
2025-06-18T18:45:00Z,37.94996205,37.96996203,37.7999622,37.7999622
2025-06-18T18:50:00Z,37.52996247,37.52996247,37.44996255,37.44996255
2025-06-18T18:55:00Z,37.3999626,37.3999626,36.999963,37.08996291
2025-06-18T19:00:00Z,37.08996291,37.41996258,36.8999631,37.41996258
2025-06-18T19:05:00Z,37.47996252,37.65996234,37.47996252,37.65996234
2025-06-18T19:10:00Z,37.75996224,38.01996198,37.75996224,38.01996198
2025-06-18T19:15:00Z,37.7999622,37.7999622,37.7999622,37.7999622
2025-06-18T19:20:00Z,37.999962,38.55996144,37.999962,38.48996151
2025-06-18T19:25:00Z,38.25996174,38.25996174,37.77996222,37.78996221
2025-06-18T19:30:00Z,37.84996215,37.84996215,37.84996215,37.84996215
2025-06-18T19:35:00Z,37.94996205,37.94996205,37.87996212,37.8999621
2025-06-18T19:40:00Z,37.94996205,37.94996205,37.94996205,37.94996205
2025-06-18T19:50:00Z,37.86996213,38.04996195,37.86996213,37.999962
2025-06-18T19:55:00Z,37.96996203,37.96996203,37.96996203,37.96996203
2025-06-20T13:30:00Z,38.0999619,38.0999619,36.1999638,36.4999635
2025-06-20T13:35:00Z,36.85996314,36.999963,36.3999636,36.4999635
2025-06-20T13:40:00Z,36.3999636,36.4999635,35.999964,35.999964
2025-06-20T13:45:00Z,35.8999641,35.8999641,34.86996513,34.86996513
2025-06-20T13:50:00Z,34.91996508,35.10996489,34.51996548,34.51996548
2025-06-20T13:55:00Z,34.55996544,34.55996544,33.92996607,34.17996582
2025-06-20T14:00:00Z,34.0999659,34.36996563,33.95996604,34.11996588
2025-06-20T14:05:00Z,34.23996576,34.23996576,33.98996601,34.11996588
2025-06-20T14:10:00Z,34.32996567,34.40996559,34.0999659,34.40996559
2025-06-20T14:15:00Z,34.34996565,34.5999654,34.23996576,34.57996542
2025-06-20T14:20:00Z,34.3999656,34.3999656,34.0999659,34.2999657
2025-06-20T14:25:00Z,34.0999659,34.55996544,33.84996615,34.55996544
2025-06-20T14:30:00Z,34.54996545,34.54996545,34.3999656,34.52996547
2025-06-20T14:35:00Z,35.04996495,35.32996467,35.04996495,35.1999648
2025-06-20T14:40:00Z,35.06996493,35.06996493,34.7999652,34.85996514
2025-06-20T14:45:00Z,35.18996481,35.33996466,34.999965,35.33996466
2025-06-20T14:50:00Z,35.37996462,35.37996462,35.28996471,35.2999647
2025-06-20T14:55:00Z,35.00996499,35.10996489,34.97996502,34.97996502
2025-06-20T15:00:00Z,34.7999652,34.94996505,34.62996537,34.94996505
2025-06-20T15:05:00Z,34.999965,34.999965,34.999965,34.999965
2025-06-20T15:10:00Z,34.999965,34.999965,34.98996501,34.999965
2025-06-20T15:15:00Z,34.7999652,34.7999652,34.7999652,34.7999652
2025-06-20T15:20:00Z,34.61996538,34.70996529,34.61996538,34.6999653
2025-06-20T15:25:00Z,34.94996505,35.23996476,34.94996505,35.23996476
2025-06-20T15:30:00Z,35.1999648,35.2999647,35.1999648,35.2999647
2025-06-20T15:35:00Z,34.98996501,34.999965,34.87996512,34.87996512
2025-06-20T15:40:00Z,34.7999652,34.82996517,34.6999653,34.6999653
2025-06-20T15:45:00Z,34.74996525,34.74996525,34.57996542,34.5999654
2025-06-20T15:50:00Z,34.4999655,34.53996546,34.2999657,34.2999657
2025-06-20T15:55:00Z,34.28996571,34.28996571,33.999966,33.999966
2025-06-20T16:00:00Z,34.04996595,34.14996585,34.03996596,34.14996585
2025-06-20T16:05:00Z,33.999966,33.999966,33.8999661,33.8999661
2025-06-20T16:10:00Z,34.01996598,34.01996598,33.84996615,33.84996615
2025-06-20T16:15:00Z,33.85996614,33.85996614,33.67996632,33.74996625
2025-06-20T16:20:00Z,33.72996627,33.81996618,33.71996628,33.71996628
2025-06-20T16:25:00Z,33.71996628,33.71996628,33.36996663,33.37996662
2025-06-20T16:30:00Z,33.6999663,33.6999663,33.6999663,33.6999663
2025-06-20T16:35:00Z,33.82996617,33.8999661,33.82996617,33.8999661
2025-06-20T16:40:00Z,33.87996612,33.8999661,33.67996632,33.74996625
2025-06-20T16:45:00Z,33.5999664,33.64996635,33.4999665,33.56996643
2025-06-20T16:50:00Z,33.5999664,33.72996627,33.5999664,33.72996627
2025-06-20T17:05:00Z,33.5999664,33.5999664,33.4999665,33.54996645
2025-06-20T17:10:00Z,33.62996637,33.64996635,33.62996637,33.64996635
2025-06-20T17:15:00Z,33.84996615,33.84996615,33.6999663,33.6999663
2025-06-20T17:20:00Z,33.5999664,33.5999664,33.5999664,33.5999664
2025-06-20T17:25:00Z,33.52996647,33.52996647,33.36996663,33.41996658
2025-06-20T17:30:00Z,33.35996664,33.35996664,33.22996677,33.33996666
2025-06-20T17:35:00Z,33.36996663,33.36996663,33.24996675,33.24996675
2025-06-20T17:40:00Z,33.43996656,33.81996618,33.3999666,33.60996639
2025-06-20T17:45:00Z,33.71996628,33.86996613,33.71996628,33.86996613
2025-06-20T17:50:00Z,33.90996609,33.90996609,33.88996611,33.90996609
2025-06-20T18:15:00Z,34.21996578,34.21996578,34.21996578,34.21996578
2025-06-20T18:20:00Z,34.33996566,34.33996566,34.33996566,34.33996566
2025-06-20T18:30:00Z,34.44996555,34.44996555,34.44996555,34.44996555
2025-06-20T18:40:00Z,34.37996562,34.37996562,34.37996562,34.37996562
2025-06-20T18:45:00Z,34.2999657,34.2999657,34.2999657,34.2999657
2025-06-20T18:55:00Z,34.26996573,34.26996573,34.11996588,34.11996588
2025-06-20T19:00:00Z,34.17996582,34.18996581,34.17996582,34.18996581
2025-06-20T19:05:00Z,34.07996592,34.08996591,34.02996597,34.02996597
2025-06-20T19:10:00Z,34.06996593,34.06996593,34.06996593,34.06996593
2025-06-20T19:15:00Z,34.0999659,34.0999659,34.0999659,34.0999659
2025-06-20T19:20:00Z,34.0999659,34.0999659,34.0999659,34.0999659
2025-06-20T19:25:00Z,33.91996608,33.91996608,33.58996641,33.58996641
2025-06-20T19:30:00Z,33.5999664,33.5999664,33.5999664,33.5999664
2025-06-20T19:35:00Z,33.86996613,33.86996613,33.74996625,33.74996625
2025-06-20T19:40:00Z,33.73996626,33.73996626,33.72996627,33.73996626
2025-06-20T19:45:00Z,33.86996613,33.86996613,33.80996619,33.80996619
2025-06-20T19:50:00Z,33.80996619,33.80996619,33.6999663,33.6999663
2025-06-20T19:55:00Z,33.72996627,33.74996625,33.64996635,33.68996631
2025-06-23T13:30:00Z,33.80996619,34.43996556,32.999967,32.999967
2025-06-23T13:35:00Z,33.47996652,33.47996652,33.47996652,33.47996652
2025-06-23T13:40:00Z,34.10996589,34.36996563,34.10996589,34.36996563
2025-06-23T13:45:00Z,34.26996573,34.26996573,33.7999662,33.7999662
2025-06-23T13:50:00Z,33.96996603,34.1999658,33.96996603,33.999966
2025-06-23T13:55:00Z,33.999966,33.999966,33.75996624,33.75996624
2025-06-23T14:00:00Z,33.62996637,33.68496632,33.56996643,33.5999664
2025-06-23T14:05:00Z,33.53996646,33.53996646,33.24996675,33.24996675
2025-06-23T14:10:00Z,33.4999665,33.87996612,33.4999665,33.87996612
2025-06-23T14:15:00Z,33.8999661,33.8999661,33.77996622,33.86996613
2025-06-23T14:20:00Z,34.01996598,34.01996598,33.91996608,33.91996608
2025-06-23T14:25:00Z,33.999966,34.06996593,33.77996622,33.77996622
2025-06-23T14:35:00Z,34.06996593,34.24996575,34.02996597,34.24996575
2025-06-23T14:40:00Z,34.22996577,34.3999656,34.21996578,34.3999656
2025-06-23T14:45:00Z,34.3999656,34.3999656,34.06996593,34.07996592
2025-06-23T14:55:00Z,34.33996566,34.33996566,34.33996566,34.33996566
2025-06-23T15:00:00Z,34.27996572,34.33996566,34.22996577,34.23996576
2025-06-23T15:10:00Z,34.22996577,34.27996572,34.1999658,34.1999658
2025-06-23T15:25:00Z,34.4999655,34.55996544,34.48996551,34.55996544
2025-06-23T15:30:00Z,34.74996525,35.44996455,34.74996525,35.34996465
2025-06-23T15:35:00Z,35.24996475,35.2999647,34.999965,34.999965
2025-06-23T15:40:00Z,34.90996509,34.90996509,34.83996516,34.90996509
2025-06-23T15:45:00Z,34.91496509,35.01996498,34.76996523,35.01996498
2025-06-23T15:50:00Z,35.04996495,35.04996495,34.8999651,34.93996506
2025-06-23T16:00:00Z,34.63996536,34.77996522,34.58996541,34.77996522
2025-06-23T16:05:00Z,34.45996554,34.45996554,34.45996554,34.45996554
2025-06-23T16:15:00Z,34.30996569,34.30996569,34.30996569,34.30996569
2025-06-23T16:20:00Z,33.93996606,33.93996606,33.81996618,33.81996618
2025-06-23T16:25:00Z,33.86996613,33.87996612,33.77996622,33.77996622
2025-06-23T16:30:00Z,33.74996625,33.74996625,33.63996636,33.63996636
2025-06-23T16:35:00Z,33.5999664,33.84996615,33.4999665,33.65996634
2025-06-23T16:45:00Z,34.5999654,34.5999654,34.53996546,34.53996546
2025-06-23T17:00:00Z,34.64996535,35.00996499,34.55996544,34.999965
2025-06-23T17:05:00Z,34.95996504,35.16996483,34.95996504,35.16996483
2025-06-23T17:10:00Z,35.03996496,35.03996496,35.02996497,35.02996497
2025-06-23T17:20:00Z,35.01996498,35.01996498,35.01996498,35.01996498
2025-06-23T17:25:00Z,34.93996506,35.10996489,34.93996506,35.10996489
2025-06-23T17:35:00Z,35.52996447,35.57996442,35.52996447,35.57996442
2025-06-23T17:40:00Z,35.53996446,35.53996446,35.45996454,35.45996454
2025-06-23T17:45:00Z,35.74996425,35.84996415,35.74996425,35.82996417
2025-06-23T17:50:00Z,35.92996407,36.0999639,35.92996407,36.0999639
2025-06-23T18:00:00Z,35.73996426,35.74996425,35.68996431,35.68996431
2025-06-23T18:05:00Z,35.5999644,35.63996436,35.55996444,35.63996436
2025-06-23T18:10:00Z,35.4999645,35.51996448,35.38996461,35.38996461
2025-06-23T18:15:00Z,35.33996466,35.35996464,35.2999647,35.35996464
2025-06-23T18:20:00Z,35.3999646,35.43996456,35.3999646,35.43996456
2025-06-23T18:25:00Z,35.33996466,35.33996466,35.33996466,35.33996466
2025-06-23T18:30:00Z,35.1999648,35.25996474,35.18996481,35.25996474
2025-06-23T18:35:00Z,35.22996477,35.22996477,35.21996478,35.21996478
2025-06-23T18:40:00Z,35.33996466,35.33996466,35.33996466,35.33996466
2025-06-23T18:45:00Z,35.5999644,35.5999644,35.5999644,35.5999644
2025-06-23T18:50:00Z,35.62996437,35.74996425,35.62996437,35.74996425
2025-06-23T18:55:00Z,35.8999641,35.8999641,35.8999641,35.8999641
2025-06-23T19:00:00Z,35.8999641,36.00996399,35.8999641,36.00996399
2025-06-23T19:05:00Z,36.05996394,36.06996393,35.93996406,35.93996406
2025-06-23T19:10:00Z,35.7999642,35.7999642,35.76996423,35.7999642
2025-06-23T19:15:00Z,35.75996424,35.75996424,35.75996424,35.75996424
2025-06-23T19:20:00Z,35.84996415,35.84996415,35.84996415,35.84996415
2025-06-23T19:25:00Z,35.90996409,35.91996408,35.90996409,35.91996408
2025-06-23T19:30:00Z,35.91996408,35.999964,35.91996408,35.999964
2025-06-23T19:35:00Z,35.92996407,35.92996407,35.86996413,35.86996413
2025-06-23T19:40:00Z,35.76996423,35.76996423,35.76996423,35.76996423
2025-06-23T19:50:00Z,35.76996423,35.76996423,35.76996423,35.76996423
2025-06-23T19:55:00Z,35.86996413,36.04996395,35.86996413,36.04996395
2025-06-24T13:30:00Z,38.54996145,38.60996139,37.52996247,37.999962
2025-06-24T13:35:00Z,37.7999622,38.61996138,37.7999622,38.54996145
2025-06-24T13:40:00Z,38.88996111,38.999961,38.32996167,38.32996167
2025-06-24T13:45:00Z,38.53996146,38.60996139,38.23996176,38.47996152
2025-06-24T13:50:00Z,38.56996143,38.58996141,38.34996165,38.3999616
2025-06-24T13:55:00Z,38.50996149,38.66996133,38.4999615,38.65996134
2025-06-24T14:00:00Z,38.7999612,39.41996058,38.7999612,39.25996074
2025-06-24T14:05:00Z,39.43996056,39.57996042,39.1999608,39.4999605
2025-06-24T14:10:00Z,39.36996063,39.4999605,39.2999607,39.3999606
2025-06-24T14:15:00Z,39.30996069,39.4999605,39.2999607,39.4999605
2025-06-24T14:20:00Z,39.03996096,39.16996083,38.999961,38.999961
2025-06-24T14:25:00Z,39.00996099,39.0999609,38.999961,38.999961
2025-06-24T14:30:00Z,39.03996096,39.07996092,38.999961,39.07996092
2025-06-24T14:35:00Z,39.28996071,39.2999607,39.27996072,39.27996072
2025-06-24T14:40:00Z,39.1999608,39.34996065,39.1999608,39.34996065
2025-06-24T14:45:00Z,39.41996058,39.44996055,38.999961,38.999961
2025-06-24T14:50:00Z,38.92996107,38.92996107,38.72996127,38.73996126
2025-06-24T14:55:00Z,38.66996133,38.6999613,38.36996163,38.36996163
2025-06-24T15:00:00Z,38.42996157,38.43996156,38.3999616,38.3999616
2025-06-24T15:10:00Z,38.4999615,38.4999615,38.44996155,38.44996155
2025-06-24T15:15:00Z,38.47996152,38.47996152,38.2999617,38.38996161
2025-06-24T15:20:00Z,38.34996165,38.44996155,38.34996165,38.44996155
2025-06-24T15:25:00Z,38.42996157,38.42996157,38.42996157,38.42996157
2025-06-24T15:30:00Z,38.36996163,38.36996163,38.25996174,38.25996174
2025-06-24T15:35:00Z,38.16996183,38.16996183,38.16996183,38.16996183
2025-06-24T15:40:00Z,38.1999618,38.21996178,38.12996187,38.17996182
2025-06-24T15:45:00Z,38.11996188,38.15996184,38.10996189,38.15996184
2025-06-24T15:50:00Z,38.27996172,38.28996171,38.22996177,38.28996171
2025-06-24T15:55:00Z,38.31996168,38.31996168,38.31996168,38.31996168
2025-06-24T16:05:00Z,38.31996168,38.31996168,38.0999619,38.0999619
2025-06-24T16:10:00Z,38.02996197,38.0999619,37.94996205,38.0999619
2025-06-24T16:30:00Z,38.30996169,38.30996169,38.30996169,38.30996169
2025-06-24T16:35:00Z,38.2999617,38.2999617,38.2999617,38.2999617
2025-06-24T16:45:00Z,38.4999615,38.4999615,38.4999615,38.4999615
2025-06-24T16:50:00Z,38.32996167,38.32996167,38.1999618,38.1999618
2025-06-24T17:00:00Z,38.58996141,38.76996123,38.58996141,38.76996123
2025-06-24T17:10:00Z,38.50996149,38.50996149,38.50996149,38.50996149
2025-06-24T17:40:00Z,38.25996174,38.25996174,38.25996174,38.25996174
2025-06-24T17:45:00Z,38.17996182,38.17996182,37.999962,37.999962
2025-06-24T17:55:00Z,37.999962,37.999962,37.79496221,37.79496221
2025-06-24T18:05:00Z,37.999962,37.999962,37.999962,37.999962
2025-06-24T18:25:00Z,37.64996235,37.64996235,37.62996237,37.62996237
2025-06-24T18:30:00Z,37.72996227,37.72996227,37.72996227,37.72996227
2025-06-24T19:00:00Z,38.3999616,38.3999616,38.3999616,38.3999616
2025-06-24T19:05:00Z,38.57996142,38.57996142,38.57996142,38.57996142
2025-06-24T19:10:00Z,38.41996158,38.42996157,38.38996161,38.38996161
2025-06-24T19:15:00Z,38.55996144,38.5999614,38.54996145,38.5999614
2025-06-24T19:20:00Z,38.5999614,38.5999614,38.5999614,38.5999614
2025-06-24T19:25:00Z,38.7999612,38.84996115,38.7999612,38.84996115
2025-06-24T19:30:00Z,38.71996128,38.71996128,38.71996128,38.71996128
2025-06-24T19:35:00Z,38.84996115,38.84996115,38.84996115,38.84996115
2025-06-24T19:40:00Z,38.97996102,38.999961,38.97996102,38.999961
2025-06-24T19:55:00Z,39.02996097,39.13996086,38.93996106,39.13996086
2025-06-25T13:30:00Z,40.31995968,40.85995914,39.99996,40.44995955
2025-06-25T13:35:00Z,39.99996,40.4999595,39.82996017,40.04995995
2025-06-25T13:40:00Z,40.12995987,40.12995987,39.46996053,39.6999603
2025-06-25T13:45:00Z,39.55996044,39.55996044,39.0999609,39.0999609
2025-06-25T13:50:00Z,39.00996099,39.15996084,38.7999612,39.02996097
2025-06-25T13:55:00Z,39.44996055,39.44996055,39.44996055,39.44996055
2025-06-25T14:00:00Z,39.4999605,39.4999605,39.1999608,39.24996075
2025-06-25T14:05:00Z,39.22996077,39.22996077,38.85996114,38.85996114
2025-06-25T14:10:00Z,38.96996103,38.98996101,38.76996123,38.76996123
2025-06-25T14:15:00Z,38.71996128,38.71996128,38.66996133,38.66996133
2025-06-25T14:20:00Z,38.4999615,38.81996118,38.4999615,38.6999613
2025-06-25T14:25:00Z,38.81996118,38.81996118,38.71996128,38.71996128
2025-06-25T14:30:00Z,38.64996135,38.65996134,38.3999616,38.3999616
2025-06-25T14:35:00Z,38.51996148,38.51996148,38.18996181,38.18996181
2025-06-25T14:40:00Z,38.24996175,38.24996175,38.10996189,38.10996189
2025-06-25T14:45:00Z,38.11996188,38.51996148,38.11996188,38.51996148
2025-06-25T14:50:00Z,38.55496145,38.55496145,38.43996156,38.43996156
2025-06-25T15:00:00Z,38.43996156,38.43996156,38.43996156,38.43996156
2025-06-25T15:05:00Z,38.28996171,38.30996169,38.11996188,38.11996188
2025-06-25T15:10:00Z,38.00996199,38.0999619,37.88996211,37.88996211
2025-06-25T15:15:00Z,37.999962,37.999962,37.999962,37.999962
2025-06-25T15:20:00Z,37.94996205,37.999962,37.94996205,37.999962
2025-06-25T15:25:00Z,37.999962,37.999962,37.98996201,37.98996201
2025-06-25T15:30:00Z,37.81996218,37.81996218,37.57996242,37.73996226
2025-06-25T15:35:00Z,37.73996226,37.73996226,37.73996226,37.73996226
2025-06-25T15:40:00Z,37.6999623,37.6999623,37.6999623,37.6999623
2025-06-25T15:45:00Z,37.84996215,37.8999621,37.81996218,37.8999621
2025-06-25T15:55:00Z,37.8999621,37.8999621,37.8999621,37.8999621
2025-06-25T16:00:00Z,37.94996205,37.95996204,37.94996205,37.95996204
2025-06-25T16:05:00Z,37.85996214,37.85996214,37.68996231,37.68996231
2025-06-25T16:10:00Z,37.56996243,37.56996243,37.52996247,37.52996247
2025-06-25T16:25:00Z,37.65996234,37.65996234,37.63996236,37.63996236
2025-06-25T16:30:00Z,37.52996247,37.52996247,37.32996267,37.38996261
2025-06-25T16:35:00Z,37.37996262,37.46996253,37.37996262,37.46996253
2025-06-25T16:40:00Z,37.45996254,37.48996251,37.45996254,37.48996251
2025-06-25T16:45:00Z,37.32996267,37.32996267,37.1999628,37.20996279
2025-06-25T16:50:00Z,37.36996263,37.4999625,37.27996272,37.27996272
2025-06-25T16:55:00Z,37.41996258,37.41996258,37.4049626,37.4049626
2025-06-25T17:05:00Z,37.27996272,37.27996272,37.25996274,37.27996272
2025-06-25T17:10:00Z,37.41996258,37.55996244,37.41996258,37.50996249
2025-06-25T17:15:00Z,37.37996262,37.3999626,37.35996264,37.35996264
2025-06-25T17:20:00Z,37.47996252,37.47996252,37.47996252,37.47996252
2025-06-25T17:25:00Z,37.46996253,37.46996253,37.42996257,37.42996257
2025-06-25T17:30:00Z,37.48996251,37.73996226,37.48996251,37.6999623
2025-06-25T17:45:00Z,37.43996256,37.43996256,37.43996256,37.43996256
2025-06-25T17:55:00Z,37.1999628,37.1999628,37.17996282,37.17996282
2025-06-25T18:05:00Z,37.24996275,37.24996275,37.24996275,37.24996275
2025-06-25T18:25:00Z,37.37996262,37.37996262,37.37996262,37.37996262
2025-06-25T18:35:00Z,37.0999629,37.0999629,36.97996302,36.97996302
2025-06-25T18:40:00Z,36.60996339,36.62996337,36.60996339,36.62996337
2025-06-25T18:45:00Z,36.67996332,36.67996332,36.4999635,36.4999635
2025-06-25T18:50:00Z,36.4999635,36.4999635,36.2999637,36.41996358
2025-06-25T18:55:00Z,36.4999635,36.4999635,36.45996354,36.45996354
2025-06-25T19:00:00Z,36.54996345,36.58996341,36.51996348,36.51996348
2025-06-25T19:05:00Z,36.22996377,36.22996377,36.22996377,36.22996377
2025-06-25T19:10:00Z,36.40996359,36.45996354,36.40996359,36.44996355
2025-06-25T19:15:00Z,36.45996354,36.45996354,36.45996354,36.45996354
2025-06-25T19:20:00Z,36.44996355,36.44996355,36.44996355,36.44996355
2025-06-25T19:30:00Z,36.35996364,36.3999636,36.15996384,36.3999636
2025-06-25T19:35:00Z,36.46996353,36.46996353,36.46996353,36.46996353
2025-06-25T19:40:00Z,36.4999635,36.4999635,36.42996357,36.42996357
2025-06-25T19:45:00Z,36.2999637,36.30996369,36.2999637,36.30996369
2025-06-25T19:50:00Z,36.15996384,36.15996384,36.15996384,36.15996384
2025-06-25T19:55:00Z,36.3999636,36.68996331,36.3999636,36.66996333
2025-06-26T13:30:00Z,36.999963,36.999963,34.93996506,34.94996505
2025-06-26T13:35:00Z,34.74496526,35.37996462,34.74496526,35.37996462
2025-06-26T13:40:00Z,35.51996448,35.60996439,35.21996478,35.31996468
2025-06-26T13:45:00Z,35.46996453,35.46996453,35.08996491,35.26996473
2025-06-26T13:50:00Z,35.30996469,35.90996409,34.97996502,35.90996409
2025-06-26T13:55:00Z,35.85996414,36.06996393,35.84996415,36.00996399
2025-06-26T14:00:00Z,36.06996393,36.24996375,36.02996397,36.02996397
2025-06-26T14:05:00Z,35.98996401,36.02996397,35.80996419,35.8999641
2025-06-26T14:10:00Z,35.98996401,35.98996401,35.76996423,35.76996423
2025-06-26T14:15:00Z,35.66996433,35.66996433,35.66996433,35.66996433
2025-06-26T14:20:00Z,36.3999636,36.3999636,36.18996381,36.18996381
2025-06-26T14:25:00Z,36.10996389,36.1999638,36.08996391,36.08996391
2025-06-26T14:30:00Z,36.08996391,36.41996358,36.08996391,36.41996358
2025-06-26T14:35:00Z,36.30996369,36.30996369,36.30996369,36.30996369
2025-06-26T14:40:00Z,36.5999634,36.5999634,36.55996344,36.55996344
2025-06-26T14:45:00Z,36.66996333,36.66996333,36.65996334,36.65996334
2025-06-26T14:50:00Z,36.72996327,36.72996327,36.64996335,36.65996334
2025-06-26T14:55:00Z,36.72996327,36.78996321,36.72996327,36.77996322
2025-06-26T15:05:00Z,37.00996299,37.10996289,36.96996303,37.10996289
2025-06-26T15:10:00Z,36.93996306,36.93996306,36.93996306,36.93996306
2025-06-26T15:20:00Z,37.12996287,37.36996263,37.12996287,37.36996263
2025-06-26T15:25:00Z,37.42996257,37.4999625,37.26996273,37.32996267
2025-06-26T15:30:00Z,37.11996288,37.11996288,37.11996288,37.11996288
2025-06-26T15:35:00Z,37.25996274,37.30996269,37.13996286,37.13996286
2025-06-26T15:40:00Z,37.23996276,37.33996266,37.23996276,37.33996266
2025-06-26T15:55:00Z,37.24996275,37.24996275,37.23996276,37.23996276
2025-06-26T16:05:00Z,37.30996269,37.30996269,37.30996269,37.30996269
2025-06-26T16:10:00Z,37.05996294,37.14996285,37.03996296,37.14996285
2025-06-26T16:20:00Z,37.21996278,37.21996278,37.07996292,37.07996292
2025-06-26T16:25:00Z,37.16996283,37.16996283,36.97996302,36.97996302
2025-06-26T16:30:00Z,36.84996315,36.90996309,36.84996315,36.90996309
2025-06-26T16:55:00Z,37.1999628,37.1999628,37.16996283,37.16996283
2025-06-26T17:00:00Z,37.27996272,37.45996254,37.27996272,37.45996254
2025-06-26T17:05:00Z,37.999962,38.01996198,37.999962,37.999962
2025-06-26T17:10:00Z,37.94996205,38.01996198,37.93996206,37.999962
2025-06-26T17:15:00Z,37.92996207,37.98996201,37.92996207,37.98996201
2025-06-26T17:25:00Z,38.0999619,38.18996181,38.0999619,38.13996186
2025-06-26T17:30:00Z,38.32996167,38.45996154,38.30996169,38.32996167
2025-06-26T17:35:00Z,38.2999617,38.2999617,38.27996172,38.27996172
2025-06-26T17:40:00Z,38.41996158,38.41996158,38.31996168,38.31996168
2025-06-26T17:45:00Z,38.28996171,38.28996171,38.28996171,38.28996171
2025-06-26T17:50:00Z,38.27996172,38.28996171,38.11996188,38.11996188
2025-06-26T17:55:00Z,38.00996199,38.01996198,38.00996199,38.01996198
2025-06-26T18:00:00Z,38.02996197,38.02996197,38.02996197,38.02996197
2025-06-26T18:05:00Z,37.82996217,37.82996217,37.82996217,37.82996217
2025-06-26T18:15:00Z,37.84996215,37.84996215,37.84996215,37.84996215
2025-06-26T18:20:00Z,37.78996221,37.85996214,37.77996222,37.85996214
2025-06-26T18:25:00Z,37.84996215,37.84996215,37.81996218,37.81996218
2025-06-26T18:30:00Z,38.02996197,38.02996197,37.90996209,37.90996209
2025-06-26T18:35:00Z,37.82996217,37.82996217,37.78996221,37.80996219
2025-06-26T18:45:00Z,37.72996227,37.75996224,37.72996227,37.75996224
2025-06-26T18:55:00Z,38.1999618,38.1999618,38.0999619,38.0999619
2025-06-26T19:00:00Z,38.18996181,38.18996181,38.18996181,38.18996181
2025-06-26T19:05:00Z,38.10996189,38.11996188,38.10996189,38.11996188
2025-06-26T19:15:00Z,38.03996196,38.03996196,37.999962,37.999962
2025-06-26T19:20:00Z,37.94996205,37.94996205,37.94996205,37.94996205
2025-06-26T19:25:00Z,37.94996205,37.94996205,37.89496211,37.89496211
2025-06-26T19:30:00Z,37.92996207,37.92996207,37.88996211,37.88996211
2025-06-26T19:40:00Z,37.93996206,37.93996206,37.93996206,37.93996206
2025-06-26T19:45:00Z,37.86996213,37.86996213,37.86996213,37.86996213
2025-06-26T19:50:00Z,38.1999618,38.34996165,38.1999618,38.27996172
2025-06-26T19:55:00Z,38.27996172,38.40996159,38.27996172,38.40996159
2025-06-27T13:30:00Z,38.65996134,38.65996134,36.77996322,36.77996322
2025-06-27T13:35:00Z,36.6999633,36.6999633,36.31996368,36.61996338
2025-06-27T13:40:00Z,36.3999636,36.94996305,36.0999639,36.94996305
2025-06-27T13:45:00Z,36.75996324,36.84996315,36.51996348,36.51996348
2025-06-27T13:50:00Z,36.66996333,36.66996333,36.66996333,36.66996333
2025-06-27T13:55:00Z,36.7999632,37.07996292,36.7999632,36.8999631
2025-06-27T14:00:00Z,36.84996315,36.84996315,36.57996342,36.57996342
2025-06-27T14:05:00Z,37.08996291,37.08996291,37.08996291,37.08996291
2025-06-27T14:10:00Z,36.999963,37.6999623,36.999963,37.6999623
2025-06-27T14:15:00Z,37.5999624,37.5999624,37.48996251,37.48996251
2025-06-27T14:20:00Z,37.17996282,37.1999628,36.94996305,36.94996305
2025-06-27T14:25:00Z,36.6999633,36.6999633,36.44996355,36.44996355
2025-06-27T14:30:00Z,36.84996315,36.84996315,36.84996315,36.84996315
2025-06-27T14:40:00Z,36.90996309,36.90996309,36.90996309,36.90996309
2025-06-27T14:45:00Z,37.04996295,37.04996295,37.03996296,37.03996296
2025-06-27T14:50:00Z,36.94996305,36.94996305,36.6999633,36.6999633
2025-06-27T15:05:00Z,36.84996315,37.01996298,36.84996315,37.01996298
2025-06-27T15:10:00Z,37.11996288,37.11996288,37.11996288,37.11996288
2025-06-27T15:15:00Z,36.90996309,36.90996309,36.8999631,36.8999631
2025-06-27T15:25:00Z,36.65996334,36.65996334,36.65996334,36.65996334
2025-06-27T15:30:00Z,36.999963,36.999963,36.999963,36.999963
2025-06-27T15:40:00Z,36.96996303,36.999963,36.96996303,36.999963
2025-06-27T15:45:00Z,37.12996287,37.2999627,37.12996287,37.2999627
2025-06-27T15:50:00Z,37.2999627,37.2999627,37.24996275,37.2999627
2025-06-27T15:55:00Z,37.4999625,37.5999624,37.4999625,37.5999624
2025-06-27T16:15:00Z,37.45496254,37.45496254,37.3999626,37.3999626
2025-06-27T16:30:00Z,37.25996274,37.31996268,37.17996282,37.17996282
2025-06-27T16:40:00Z,36.7999632,36.7999632,36.7999632,36.7999632
2025-06-27T16:50:00Z,37.50996249,37.54996245,37.50996249,37.54996245
2025-06-27T17:05:00Z,37.66996233,37.66996233,37.63996236,37.63996236
2025-06-27T17:10:00Z,37.73996226,37.81996218,37.73996226,37.81996218
2025-06-27T17:20:00Z,37.999962,38.07996192,37.999962,38.07996192
2025-06-27T17:40:00Z,37.60996239,37.60996239,37.5999624,37.5999624
2025-06-27T17:45:00Z,37.43996256,37.43996256,37.43996256,37.43996256
2025-06-27T17:50:00Z,37.32996267,37.48996251,37.2999627,37.48996251
2025-06-27T17:55:00Z,37.37496263,37.47996252,37.37496263,37.47996252
2025-06-27T18:15:00Z,37.4999625,37.4999625,37.4999625,37.4999625
2025-06-27T18:20:00Z,37.4999625,37.4999625,37.4999625,37.4999625
2025-06-27T18:25:00Z,37.34996265,37.40996259,37.33996266,37.33996266
2025-06-27T18:30:00Z,37.33996266,37.34996265,37.33996266,37.34996265
2025-06-27T18:45:00Z,37.55996244,37.62996237,37.55996244,37.62996237
2025-06-27T18:55:00Z,38.1999618,38.1999618,38.1999618,38.1999618
2025-06-27T19:00:00Z,38.3999616,38.61496139,38.3999616,38.4999615
2025-06-27T19:05:00Z,38.20996179,38.20996179,38.18996181,38.18996181
2025-06-27T19:10:00Z,38.16996183,38.18996181,38.16996183,38.18996181
2025-06-27T19:40:00Z,37.95996204,38.01996198,37.91996208,38.01996198
2025-06-27T19:50:00Z,37.1999628,37.1999628,35.57996442,35.6999643
2025-06-27T19:55:00Z,35.40996459,35.42996457,35.27496473,35.35996464
2025-06-30T13:30:00Z,36.91996308,38.999961,36.87996312,38.7999612
2025-06-30T13:35:00Z,38.71996128,38.71996128,37.87996212,37.87996212
2025-06-30T13:40:00Z,37.58996241,37.58996241,37.2999627,37.58996241
2025-06-30T13:45:00Z,37.76996223,39.15996084,37.74996225,39.15996084
2025-06-30T13:50:00Z,39.08996091,39.8999601,39.04996095,39.64996035
2025-06-30T13:55:00Z,39.90996009,40.30995969,39.61996038,40.30995969
2025-06-30T14:00:00Z,40.33995966,40.60995939,40.07995992,40.10995989
2025-06-30T14:05:00Z,40.04995995,40.11995988,39.85996014,39.93996006
2025-06-30T14:10:00Z,39.99996,40.0999599,39.83996016,40.0999599
2025-06-30T14:15:00Z,39.7999602,40.16995983,39.77996022,40.16995983
2025-06-30T14:20:00Z,40.00995999,40.35995964,39.90996009,40.11995988
2025-06-30T14:25:00Z,40.1999598,40.64995935,40.1999598,40.64995935
2025-06-30T14:30:00Z,40.5999594,40.81995918,40.5999594,40.77995922
2025-06-30T14:35:00Z,40.87995912,40.96995903,40.7999592,40.95995904
2025-06-30T14:40:00Z,40.92995907,41.32995867,40.92995907,41.15995884
2025-06-30T14:45:00Z,41.0999589,41.0999589,40.7999592,40.7999592
2025-06-30T14:50:00Z,40.76995923,40.999959,40.72995927,40.7999592
2025-06-30T14:55:00Z,40.88995911,40.999959,40.78995921,40.98995901
2025-06-30T15:00:00Z,40.77995922,40.83995916,40.30995969,40.30995969
2025-06-30T15:05:00Z,40.16995983,40.16995983,39.8999601,39.8999601
2025-06-30T15:10:00Z,39.94996005,39.98996001,39.58996041,39.60996039
2025-06-30T15:15:00Z,39.3999606,39.4999605,39.34996065,39.34996065
2025-06-30T15:20:00Z,39.22996077,39.22996077,39.11996088,39.11996088
2025-06-30T15:25:00Z,38.999961,39.00996099,38.98996101,38.999961
2025-06-30T15:30:00Z,38.86996113,38.86996113,38.62996137,38.62996137
2025-06-30T15:35:00Z,38.53996146,38.53996146,38.34996165,38.34996165
2025-06-30T15:40:00Z,38.40996159,38.40996159,38.21996178,38.21996178
2025-06-30T15:45:00Z,38.22996177,38.64996135,38.22996177,38.58996141
2025-06-30T15:50:00Z,38.44996155,38.44996155,38.2999617,38.2999617
2025-06-30T15:55:00Z,38.23996176,38.23996176,37.999962,38.03996196
2025-06-30T16:00:00Z,38.13996186,38.13996186,38.13996186,38.13996186
2025-06-30T16:10:00Z,38.14996185,38.14996185,38.04996195,38.04996195
2025-06-30T16:15:00Z,38.04496196,38.04996195,38.04496196,38.04996195
2025-06-30T16:25:00Z,38.28996171,38.28996171,38.28996171,38.28996171
2025-06-30T16:30:00Z,37.999962,37.999962,37.98996201,37.98996201
2025-06-30T16:40:00Z,38.20996179,38.20996179,37.7999622,37.7999622
2025-06-30T16:45:00Z,37.74996225,37.85996214,37.74996225,37.85996214
2025-06-30T16:50:00Z,37.85996214,37.88996211,37.81996218,37.81996218
2025-06-30T16:55:00Z,37.98996201,37.98996201,37.98996201,37.98996201
2025-06-30T17:00:00Z,37.87996212,37.87996212,37.6999623,37.6999623
2025-06-30T17:05:00Z,37.72996227,37.72996227,37.72996227,37.72996227
2025-06-30T17:10:00Z,37.7999622,37.7999622,37.7999622,37.7999622
2025-06-30T17:15:00Z,37.72996227,37.72996227,37.67996232,37.67996232
2025-06-30T17:20:00Z,37.65996234,37.74996225,37.65996234,37.74996225
2025-06-30T17:25:00Z,37.95996204,38.00996199,37.95996204,38.00996199
2025-06-30T17:30:00Z,38.11996188,38.11996188,38.07996192,38.07996192
2025-06-30T17:35:00Z,38.11996188,38.2999617,38.11996188,38.21996178
2025-06-30T17:40:00Z,38.17996182,38.17996182,38.17996182,38.17996182
2025-06-30T17:45:00Z,38.1999618,38.1999618,38.1999618,38.1999618
2025-06-30T17:50:00Z,38.2999617,38.32996167,38.2999617,38.32996167
2025-06-30T17:55:00Z,38.2999617,38.2999617,38.05996194,38.05996194
2025-06-30T18:00:00Z,38.28996171,38.28996171,38.1999618,38.1999618
2025-06-30T18:05:00Z,38.2999617,38.2999617,38.2999617,38.2999617
2025-06-30T18:10:00Z,37.95996204,37.95996204,37.95996204,37.95996204
2025-06-30T18:15:00Z,37.91996208,37.91996208,37.91996208,37.91996208
2025-06-30T18:20:00Z,38.38996161,38.38996161,38.38996161,38.38996161
2025-06-30T18:30:00Z,38.37996162,38.37996162,38.24996175,38.33996166
2025-06-30T18:35:00Z,38.0999619,38.0999619,38.0999619,38.0999619
2025-06-30T18:40:00Z,37.96996203,37.96996203,37.94996205,37.94996205
2025-06-30T18:45:00Z,37.81996218,37.81996218,37.78996221,37.78996221
2025-06-30T18:55:00Z,38.18996181,38.30996169,38.18996181,38.30996169
2025-06-30T19:00:00Z,38.30996169,38.31996168,38.2999617,38.30996169
2025-06-30T19:05:00Z,38.17996182,38.2999617,38.17996182,38.2999617
2025-06-30T19:10:00Z,38.58996141,38.5999614,38.56996143,38.5999614
2025-06-30T19:15:00Z,38.60996139,38.61996138,38.60996139,38.61996138
2025-06-30T19:20:00Z,38.44996155,38.44996155,38.43996156,38.43996156
2025-06-30T19:25:00Z,38.36996163,38.45996154,38.36996163,38.43996156
2025-06-30T19:30:00Z,38.28996171,38.28996171,38.27996172,38.27996172
2025-06-30T19:40:00Z,38.64996135,38.64996135,38.64996135,38.64996135
2025-06-30T19:45:00Z,38.48996151,38.58996141,38.48996151,38.4999615
2025-06-30T19:50:00Z,38.7999612,38.7999612,38.7999612,38.7999612
2025-07-01T13:30:00Z,38.90996109,39.75496025,38.90996109,39.5999604
2025-07-01T13:35:00Z,40.36995963,40.4999595,40.18995981,40.4999595
2025-07-01T13:40:00Z,39.81996018,40.18995981,39.71996028,40.18995981
2025-07-01T13:45:00Z,39.93996006,39.93996006,39.72996027,39.82996017
2025-07-01T13:50:00Z,39.99996,39.99996,39.6999603,39.6999603
2025-07-01T13:55:00Z,40.02995997,40.02995997,40.02995997,40.02995997
2025-07-01T14:00:00Z,40.5999594,40.68995931,39.25996074,39.25996074
2025-07-01T14:05:00Z,39.61996038,39.62996037,39.07996092,39.07996092
2025-07-01T14:10:00Z,39.30996069,39.30996069,39.30996069,39.30996069
2025-07-01T14:15:00Z,39.20996079,39.20996079,38.98996101,38.98996101
2025-07-01T14:20:00Z,38.80996119,38.80996119,38.36996163,38.36996163
2025-07-01T14:25:00Z,38.03996196,38.03996196,37.7999622,37.7999622
2025-07-01T14:30:00Z,37.7999622,38.04996195,37.71996228,38.04996195
2025-07-01T14:35:00Z,37.5999624,37.5999624,37.11996288,37.11996288
2025-07-01T14:40:00Z,37.14996285,37.14996285,36.94996305,36.96996303
2025-07-01T14:45:00Z,36.8999631,36.8999631,36.44996355,36.57996342
2025-07-01T14:50:00Z,36.80996319,36.80996319,36.68996331,36.68996331
2025-07-01T14:55:00Z,36.55996344,36.55996344,36.37996362,36.37996362
2025-07-01T15:00:00Z,36.38496362,36.55996344,36.28996371,36.55996344
2025-07-01T15:05:00Z,36.63996336,36.63996336,35.999964,35.999964
2025-07-01T15:10:00Z,35.8999641,35.8999641,35.66996433,35.66996433
2025-07-01T15:15:00Z,35.4999645,35.58996441,35.46996453,35.57996442
2025-07-01T15:20:00Z,35.4999645,35.4999645,35.4999645,35.4999645
2025-07-01T15:25:00Z,36.4999635,36.4999635,36.4999635,36.4999635
2025-07-01T15:30:00Z,36.34996365,36.41996358,36.2999637,36.2999637
2025-07-01T15:35:00Z,36.83996316,36.83996316,36.82996317,36.82996317
2025-07-01T15:40:00Z,36.43996356,36.43996356,35.98996401,35.98996401
2025-07-01T15:45:00Z,35.7999642,35.7999642,35.64996435,35.64996435
2025-07-01T16:00:00Z,36.05996394,36.23996376,36.05996394,36.05996394
2025-07-01T16:10:00Z,35.82996417,35.83996416,35.82996417,35.83996416
2025-07-01T16:15:00Z,35.98996401,35.98996401,35.98996401,35.98996401
2025-07-01T16:20:00Z,36.08996391,36.08996391,35.91996408,35.91996408
2025-07-01T16:25:00Z,35.8999641,35.8999641,35.66996433,35.66996433
2025-07-01T16:30:00Z,35.8999641,35.8999641,35.8999641,35.8999641
2025-07-01T16:40:00Z,36.0999639,36.0999639,36.0999639,36.0999639
2025-07-01T16:45:00Z,36.34996365,36.34996365,36.34996365,36.34996365
2025-07-01T16:50:00Z,36.52996347,36.54996345,36.52996347,36.54996345
2025-07-01T16:55:00Z,36.4999635,36.54996345,36.4999635,36.54996345
2025-07-01T17:00:00Z,36.3999636,36.3999636,36.3999636,36.3999636
2025-07-01T17:10:00Z,36.28996371,36.28996371,36.17996382,36.17996382
2025-07-01T17:20:00Z,36.1999638,36.30996369,36.04996395,36.04996395
2025-07-01T17:25:00Z,35.999964,35.999964,35.98996401,35.98996401
2025-07-01T17:30:00Z,35.94996405,35.94996405,35.7999642,35.7999642
2025-07-01T17:35:00Z,35.8999641,35.8999641,35.8999641,35.8999641
2025-07-01T18:25:00Z,36.10996389,36.10996389,36.0999639,36.0999639
2025-07-01T18:35:00Z,35.999964,35.999964,35.999964,35.999964
2025-07-01T18:40:00Z,35.7999642,35.7999642,35.78996421,35.78996421
2025-07-01T18:45:00Z,35.88496412,35.88496412,35.64996435,35.64996435
2025-07-01T18:50:00Z,35.5999644,35.5999644,35.47996452,35.47996452
2025-07-01T18:55:00Z,35.53996446,35.53996446,35.0999649,35.0999649
2025-07-01T19:00:00Z,35.06996493,35.06996493,34.56996543,34.56996543
2025-07-01T19:10:00Z,35.06996493,35.06996493,35.04996495,35.04996495
2025-07-01T19:20:00Z,35.37996462,35.37996462,35.37996462,35.37996462
2025-07-01T19:25:00Z,35.5999644,35.5999644,35.5999644,35.5999644
2025-07-01T19:30:00Z,35.6999643,35.74996425,35.62996437,35.66996433
2025-07-01T19:35:00Z,35.63996436,35.63996436,35.63996436,35.63996436
2025-07-01T19:45:00Z,35.5999644,35.5999644,35.5999644,35.5999644
2025-07-01T19:50:00Z,35.78996421,35.7989642,35.78996421,35.7989642
2025-07-02T13:30:00Z,36.71996328,38.42996157,36.71996328,37.88996211
2025-07-02T13:35:00Z,38.03996196,38.04996195,37.21996278,37.21996278
2025-07-02T13:40:00Z,36.7999632,37.10996289,36.7999632,37.0999629
2025-07-02T13:45:00Z,37.20996279,37.54996245,37.20996279,37.3999626
2025-07-02T13:50:00Z,36.77996322,36.77996322,36.77996322,36.77996322
2025-07-02T13:55:00Z,36.6999633,36.6999633,36.4999635,36.4999635
2025-07-02T14:00:00Z,36.44996355,36.65996334,36.44996355,36.65996334
2025-07-02T14:05:00Z,36.65996334,36.67996332,36.65996334,36.67996332
2025-07-02T14:10:00Z,36.6999633,36.84996315,36.6999633,36.84996315
2025-07-02T14:15:00Z,36.84996315,36.86996313,36.71996328,36.86996313
2025-07-02T14:25:00Z,36.24996375,36.24996375,35.74996425,35.999964
2025-07-02T14:30:00Z,36.25996374,36.25996374,35.96996403,36.02996397
2025-07-02T14:35:00Z,35.96996403,36.0999639,35.96996403,36.0999639
2025-07-02T14:40:00Z,36.04996395,36.04996395,35.5999644,35.5999644
2025-07-02T14:45:00Z,35.64996435,36.15996384,35.64996435,36.06996393
2025-07-02T14:50:00Z,36.07996392,36.07996392,36.07996392,36.07996392
2025-07-02T14:55:00Z,36.17996382,36.32996367,36.13496386,36.32996367
2025-07-02T15:00:00Z,36.25996374,36.25996374,36.25996374,36.25996374
2025-07-02T15:05:00Z,36.24996375,36.24996375,36.24996375,36.24996375
2025-07-02T15:10:00Z,36.30996369,36.35996364,35.999964,35.999964
2025-07-02T15:15:00Z,36.04996395,36.5999634,36.04996395,36.5999634
2025-07-02T15:20:00Z,36.17996382,36.17996382,36.17996382,36.17996382
2025-07-02T15:25:00Z,36.00996399,36.07996392,35.999964,36.07996392
2025-07-02T15:30:00Z,36.13996386,36.14996385,35.7999642,35.7999642
2025-07-02T15:35:00Z,35.94996405,35.94996405,35.64996435,35.67996432
2025-07-02T15:40:00Z,35.64996435,35.67996432,35.54996445,35.67996432
2025-07-02T15:45:00Z,35.80996419,35.80996419,35.80996419,35.80996419
2025-07-02T15:50:00Z,35.94996405,35.94996405,35.94996405,35.94996405
2025-07-02T15:55:00Z,35.95996404,35.95996404,35.83996416,35.83996416
2025-07-02T16:00:00Z,35.82996417,35.82996417,35.4999645,35.4999645
2025-07-02T16:05:00Z,35.68996431,35.6999643,35.68996431,35.6999643
2025-07-02T16:10:00Z,35.66996433,35.66996433,35.4999645,35.4999645
2025-07-02T16:15:00Z,35.41996458,35.41996458,35.41996458,35.41996458
2025-07-02T16:30:00Z,35.75996424,35.75996424,35.73996426,35.73996426
2025-07-02T16:35:00Z,35.999964,35.999964,35.999964,35.999964
2025-07-02T16:40:00Z,35.97996402,35.97996402,35.97996402,35.97996402
2025-07-02T16:45:00Z,35.999964,35.999964,35.999964,35.999964
2025-07-02T16:55:00Z,36.00996399,36.00996399,35.999964,35.999964
2025-07-02T17:10:00Z,36.44996355,36.44996355,36.3999636,36.3999636
2025-07-02T17:20:00Z,35.999964,35.999964,35.81996418,35.90996409
2025-07-02T17:25:00Z,35.86996413,35.8999641,35.7999642,35.7999642
2025-07-02T17:30:00Z,35.87996412,35.87996412,35.87996412,35.87996412
2025-07-02T17:35:00Z,35.6999643,35.6999643,35.64996435,35.64996435
2025-07-02T17:50:00Z,35.80996419,35.80996419,35.80996419,35.80996419
2025-07-02T17:55:00Z,35.78996421,35.78996421,35.78996421,35.78996421
2025-07-02T18:00:00Z,35.75996424,35.75996424,35.72996427,35.72996427
2025-07-02T18:05:00Z,35.6999643,35.6999643,35.5999644,35.5999644
2025-07-02T18:25:00Z,35.56996443,35.56996443,35.2999647,35.2999647
2025-07-02T18:30:00Z,35.27996472,35.31996468,35.26996473,35.31996468
2025-07-02T18:35:00Z,35.40996459,35.40996459,35.16996483,35.16996483
2025-07-02T18:55:00Z,35.1999648,35.23996476,35.16996483,35.23996476
2025-07-02T19:00:00Z,35.23996476,35.23996476,35.23996476,35.23996476
2025-07-02T19:05:00Z,35.2999647,35.2999647,35.26996473,35.26996473
2025-07-02T19:15:00Z,35.24996475,35.24996475,35.1999648,35.1999648
2025-07-02T19:20:00Z,35.3999646,35.3999646,35.3999646,35.3999646
2025-07-02T19:30:00Z,35.5999644,35.64996435,35.5999644,35.64996435
2025-07-02T19:35:00Z,35.5999644,35.5999644,35.53996446,35.53996446
2025-07-02T19:40:00Z,35.37996462,35.37996462,35.37996462,35.37996462
2025-07-02T19:45:00Z,35.53996446,35.54996445,35.53996446,35.54996445
2025-07-02T19:55:00Z,35.80996419,35.80996419,35.80996419,35.80996419
2025-07-03T13:30:00Z,35.02996497,35.02996497,33.6999663,33.78996621
2025-07-03T13:35:00Z,33.6999663,34.23996576,33.5999664,33.5999664
2025-07-03T13:40:00Z,33.5999664,34.37996562,33.5999664,34.34996565
2025-07-03T13:45:00Z,34.83996516,34.83996516,34.4999655,34.4999655
2025-07-03T13:50:00Z,35.10996489,35.58996441,35.06996493,35.06996493
2025-07-03T13:55:00Z,35.16996483,35.48996451,35.16996483,35.3999646
2025-07-03T14:00:00Z,35.7999642,35.86996413,35.72996427,35.72996427
2025-07-03T14:05:00Z,35.93996406,36.10996389,35.84496416,35.95996404
2025-07-03T14:10:00Z,36.17996382,36.2999637,36.17996382,36.27996372
2025-07-03T14:15:00Z,36.10996389,36.10996389,35.92996407,36.04996395
2025-07-03T14:20:00Z,35.96996403,35.96996403,35.74996425,35.74996425
2025-07-03T14:30:00Z,36.40996359,36.45996354,36.40996359,36.40996359
2025-07-03T14:35:00Z,36.42996357,36.43996356,35.92996407,35.92996407
2025-07-03T14:40:00Z,36.10996389,36.10996389,36.10996389,36.10996389
2025-07-03T14:45:00Z,35.999964,35.999964,35.999964,35.999964
2025-07-03T14:50:00Z,36.23996376,36.24996375,36.0999639,36.0999639
2025-07-03T14:55:00Z,36.31996368,36.31996368,36.24996375,36.26996373
2025-07-03T15:00:00Z,36.4999635,36.54996345,36.4999635,36.54996345
2025-07-03T15:05:00Z,36.42996357,36.6999633,36.42996357,36.68996331
2025-07-03T15:10:00Z,36.78996321,36.7999632,36.78996321,36.7999632
2025-07-03T15:15:00Z,36.73996326,36.73996326,36.71996328,36.71996328
2025-07-03T15:20:00Z,36.81996318,36.81996318,36.65996334,36.65996334
2025-07-03T15:25:00Z,36.53996346,36.55996344,36.53996346,36.55996344
2025-07-03T15:30:00Z,36.45996354,36.5999634,36.45996354,36.5999634
2025-07-03T15:40:00Z,36.75996324,36.75996324,36.47996352,36.47996352
2025-07-03T15:45:00Z,36.14996385,36.14996385,36.14996385,36.14996385
2025-07-03T15:55:00Z,36.25996374,36.25996374,36.25996374,36.25996374
2025-07-03T16:00:00Z,36.2999637,36.51996348,36.2999637,36.51996348
2025-07-03T16:05:00Z,36.6999633,36.6999633,36.61996338,36.61996338
2025-07-03T16:10:00Z,36.67996332,36.75996324,36.67996332,36.75996324
2025-07-03T16:15:00Z,36.87996312,36.87996312,36.87996312,36.87996312
2025-07-03T16:20:00Z,36.999963,37.11996288,36.999963,37.10996289
2025-07-03T16:25:00Z,37.0999629,37.0999629,36.999963,36.999963
2025-07-03T16:35:00Z,37.02996297,37.02996297,37.02996297,37.02996297
2025-07-03T16:40:00Z,37.24996275,37.24996275,37.18996281,37.18996281
2025-07-03T16:50:00Z,36.999963,37.16996283,36.93996306,36.94996305
2025-07-03T16:55:00Z,36.82996317,36.999963,36.54996345,36.999963
2025-07-07T13:30:00Z,36.46996353,36.95996304,36.34996365,36.44996355
2025-07-07T13:35:00Z,36.48996351,36.74996325,36.48996351,36.74996325
2025-07-07T13:40:00Z,36.78996321,37.37996262,36.78996321,37.36996263
2025-07-07T13:45:00Z,37.1999628,37.64996235,37.1999628,37.57996242
2025-07-07T13:50:00Z,36.7999632,36.7999632,36.7999632,36.7999632
2025-07-07T13:55:00Z,36.50996349,36.50996349,36.50996349,36.50996349
2025-07-07T14:15:00Z,36.90996309,37.1999628,36.90996309,37.16996283
2025-07-07T14:20:00Z,37.27996272,37.27996272,37.27996272,37.27996272
2025-07-07T14:25:00Z,37.18996281,37.18996281,36.999963,36.999963
2025-07-07T14:30:00Z,36.95996304,36.96996303,36.81996318,36.81996318
2025-07-07T14:35:00Z,36.61996338,36.61996338,36.61996338,36.61996338
2025-07-07T14:45:00Z,36.95996304,36.95996304,36.95996304,36.95996304
2025-07-07T14:50:00Z,37.24996275,37.6999623,37.24996275,37.6999623
2025-07-07T15:00:00Z,37.45996254,37.7999622,37.45996254,37.74996225
2025-07-07T15:05:00Z,37.4999625,37.4999625,37.4999625,37.4999625
2025-07-07T15:10:00Z,37.4999625,37.4999625,37.4999625,37.4999625
2025-07-07T15:25:00Z,36.999963,36.999963,36.999963,36.999963
2025-07-07T15:35:00Z,36.54996345,36.54996345,36.54996345,36.54996345
2025-07-07T16:10:00Z,36.999963,36.999963,36.94996305,36.94996305
2025-07-07T16:20:00Z,36.3999636,36.3999636,36.3999636,36.3999636
2025-07-07T17:15:00Z,37.22996277,37.23996276,37.22996277,37.23996276
2025-07-07T17:30:00Z,37.43996256,37.4999625,37.43996256,37.4999625
2025-07-07T17:35:00Z,37.33996266,37.33996266,37.31996268,37.31996268
2025-07-07T17:40:00Z,37.21996278,37.21996278,37.21996278,37.21996278
2025-07-07T17:50:00Z,37.28996271,37.28996271,37.28996271,37.28996271
2025-07-07T18:00:00Z,37.44996255,37.44996255,37.44996255,37.44996255
2025-07-07T18:05:00Z,37.41996258,37.41996258,37.33996266,37.33996266
2025-07-07T18:10:00Z,37.38996261,37.38996261,37.31096269,37.31096269
2025-07-07T18:15:00Z,36.94996305,36.94996305,36.83996316,36.83996316
2025-07-07T18:20:00Z,36.80996319,36.85996314,36.80996319,36.85996314
2025-07-07T19:00:00Z,36.999963,36.999963,36.999963,36.999963
2025-07-07T19:05:00Z,36.96996303,36.96996303,36.96996303,36.96996303
2025-07-07T19:10:00Z,36.73996326,37.04996295,36.73996326,37.04996295
2025-07-07T19:25:00Z,37.06996293,37.10996289,37.06996293,37.10996289
2025-07-07T19:30:00Z,37.0999629,37.0999629,37.0999629,37.0999629
2025-07-07T19:45:00Z,37.26996273,37.27996272,37.26996273,37.27996272
2025-07-07T19:50:00Z,37.22496278,37.23996276,37.22496278,37.23996276
2025-07-07T19:55:00Z,37.54996245,37.54996245,37.54996245,37.54996245
2025-07-08T13:30:00Z,39.24996075,40.26995973,39.24996075,40.12995987
2025-07-08T13:35:00Z,40.0999599,40.0999599,39.84996015,39.8999601
2025-07-08T13:40:00Z,39.99996,40.23995976,38.86996113,38.86996113
2025-07-08T13:45:00Z,39.30996069,39.30996069,38.5999614,39.12996087
2025-07-08T13:50:00Z,39.12996087,39.12996087,38.84996115,39.02496097
2025-07-08T13:55:00Z,39.0999609,39.0999609,38.7999612,38.7999612
2025-07-08T14:00:00Z,38.85996114,38.85996114,38.63996136,38.63996136
2025-07-08T14:05:00Z,38.71996128,38.71996128,38.5999614,38.63996136
2025-07-08T14:10:00Z,38.58996141,38.6999613,38.4999615,38.4999615
2025-07-08T14:15:00Z,38.61996138,38.61996138,38.4999615,38.4999615
2025-07-08T14:20:00Z,38.54996145,38.54996145,38.30996169,38.30996169
2025-07-08T14:25:00Z,37.999962,38.15996184,37.92996207,37.92996207
2025-07-08T14:30:00Z,37.74996225,37.74996225,37.37996262,37.52996247
2025-07-08T14:35:00Z,37.54996245,37.77996222,37.44996255,37.76996223
2025-07-08T14:40:00Z,37.76496224,37.76496224,37.4999625,37.4999625
2025-07-08T14:45:00Z,37.4999625,37.54996245,37.3999626,37.54996245
2025-07-08T14:50:00Z,37.3999626,37.3999626,36.87996312,36.87996312
2025-07-08T14:55:00Z,37.04996295,37.04996295,36.8999631,36.8999631
2025-07-08T15:00:00Z,37.35996264,37.35996264,37.17996282,37.17996282
2025-07-08T15:05:00Z,37.25996274,37.25996274,36.999963,37.11996288
2025-07-08T15:15:00Z,37.24996275,37.4999625,37.24996275,37.4999625
2025-07-08T15:25:00Z,37.7999622,37.7999622,37.7999622,37.7999622
2025-07-08T15:35:00Z,37.5999624,37.5999624,37.54996245,37.54996245
2025-07-08T15:40:00Z,37.67996232,37.67996232,37.67996232,37.67996232
2025-07-08T15:50:00Z,37.54996245,37.54996245,37.4999625,37.4999625
2025-07-08T16:05:00Z,37.85996214,37.96996203,37.85996214,37.96996203
2025-07-08T16:10:00Z,37.8999621,37.999962,37.8999621,37.999962
2025-07-08T16:15:00Z,37.94996205,37.94996205,37.94996205,37.94996205
2025-07-08T16:25:00Z,38.00996199,38.00996199,38.00996199,38.00996199
2025-07-08T16:30:00Z,38.00996199,38.00996199,38.00996199,38.00996199
2025-07-08T16:35:00Z,38.06996193,38.06996193,38.06996193,38.06996193
2025-07-08T16:40:00Z,37.93996206,37.93996206,37.93996206,37.93996206
2025-07-08T16:55:00Z,38.36996163,38.36996163,38.36996163,38.36996163
2025-07-08T17:15:00Z,38.2999617,38.2999617,38.2999617,38.2999617
2025-07-08T17:20:00Z,38.2999617,38.2999617,38.05996194,38.05996194
2025-07-08T17:30:00Z,37.91996208,37.91996208,37.91996208,37.91996208
2025-07-08T17:35:00Z,38.03496196,38.03496196,38.03496196,38.03496196
2025-07-08T17:45:00Z,37.994962,37.994962,37.93996206,37.93996206
2025-07-08T18:10:00Z,37.84996215,37.84996215,37.84996215,37.84996215
2025-07-08T18:20:00Z,37.52996247,37.52996247,37.13996286,37.30996269
2025-07-08T18:25:00Z,37.38996261,37.38996261,37.38996261,37.38996261
2025-07-08T18:30:00Z,37.52996247,37.52996247,37.52996247,37.52996247
2025-07-08T18:50:00Z,37.51996248,37.51996248,37.44996255,37.44996255
2025-07-08T19:05:00Z,37.2999627,37.2999627,37.2999627,37.2999627
2025-07-08T19:10:00Z,37.26996273,37.26996273,37.26996273,37.26996273
2025-07-08T19:20:00Z,37.46996253,37.46996253,37.46996253,37.46996253
2025-07-08T19:25:00Z,37.44996255,37.44996255,37.44996255,37.44996255
2025-07-08T19:35:00Z,37.5999624,37.5999624,37.5999624,37.5999624
2025-07-08T19:50:00Z,37.35996264,37.35996264,37.2999627,37.35996264
2025-07-08T19:55:00Z,37.67996232,37.67996232,37.67996232,37.67996232
2025-07-09T13:30:00Z,38.82996117,38.82996117,37.65996234,37.78996221
2025-07-09T13:35:00Z,37.76496224,37.76496224,37.76496224,37.76496224
2025-07-09T13:40:00Z,38.01996198,38.02996197,37.87996212,37.87996212
2025-07-09T13:45:00Z,38.5999614,38.5999614,38.56996143,38.56996143
2025-07-09T13:50:00Z,38.57996142,38.6999613,38.57996142,38.6999613
2025-07-09T13:55:00Z,38.98996101,39.0999609,38.5999614,38.5999614
2025-07-09T14:00:00Z,38.58496141,38.58496141,38.58496141,38.58496141
2025-07-09T14:05:00Z,38.6999613,38.70996129,38.6999613,38.70996129
2025-07-09T14:10:00Z,38.84996115,39.14996085,38.84996115,39.14996085
2025-07-09T14:15:00Z,39.0999609,39.3999606,39.0999609,39.30996069
2025-07-09T14:20:00Z,39.42996057,39.67896032,39.24996075,39.53996046
2025-07-09T14:25:00Z,39.2999607,39.36996063,38.64996135,38.6999613
2025-07-09T14:30:00Z,38.5999614,38.60996139,38.4999615,38.4999615
2025-07-09T14:40:00Z,38.21996178,38.21996178,38.1999618,38.1999618
2025-07-09T14:45:00Z,38.00996199,38.00996199,37.8999621,37.8999621
2025-07-09T14:50:00Z,38.01996198,38.01996198,38.01996198,38.01996198
2025-07-09T14:55:00Z,38.30996169,38.30996169,38.17996182,38.17996182
2025-07-09T15:00:00Z,38.24996175,38.4999615,38.24996175,38.4999615
2025-07-09T15:05:00Z,38.4999615,38.4999615,38.4999615,38.4999615
2025-07-09T15:10:00Z,38.75996124,38.75996124,38.75996124,38.75996124
2025-07-09T15:15:00Z,38.87996112,38.87996112,38.87996112,38.87996112
2025-07-09T15:20:00Z,38.999961,39.21996078,38.999961,39.21996078
2025-07-09T15:25:00Z,39.40996059,39.40996059,39.32996067,39.32996067
2025-07-09T15:30:00Z,39.24996075,39.26996073,39.1999608,39.26996073
2025-07-09T15:35:00Z,39.07996092,39.07996092,39.07996092,39.07996092
2025-07-09T15:40:00Z,39.27996072,39.2999607,39.27996072,39.27996072
2025-07-09T15:45:00Z,39.3999606,39.4999605,39.3999606,39.4999605
2025-07-09T15:50:00Z,39.07996092,39.07996092,39.07996092,39.07996092
2025-07-09T15:55:00Z,39.41996058,39.41996058,39.28996071,39.30996069
2025-07-09T16:00:00Z,39.30996069,39.7999602,39.30996069,39.7999602
2025-07-09T16:05:00Z,39.73996026,39.8999601,39.73996026,39.8999601
2025-07-09T16:10:00Z,39.8999601,39.99996,39.78996021,39.78996021
2025-07-09T16:15:00Z,39.99996,40.03995996,39.99996,40.03995996
2025-07-09T16:20:00Z,40.12995987,40.1999598,40.12995987,40.13995986
2025-07-09T16:25:00Z,40.31995968,40.3999596,40.30995969,40.3999596
2025-07-09T16:30:00Z,40.3999596,40.7999592,40.3999596,40.7999592
2025-07-09T16:35:00Z,40.5999594,40.76995923,40.58995941,40.76995923
2025-07-09T16:40:00Z,40.999959,41.14995885,40.999959,41.14995885
2025-07-09T16:45:00Z,41.13995886,41.2999587,40.98995901,40.98995901
2025-07-09T16:50:00Z,40.94995905,40.94995905,40.75995924,40.75995924
2025-07-09T16:55:00Z,40.66995933,40.66995933,40.45995954,40.45995954
2025-07-09T17:00:00Z,40.42995957,40.42995957,40.13995986,40.26995973
2025-07-09T17:05:00Z,40.17995982,40.36995963,40.0999599,40.35995964
2025-07-09T17:10:00Z,40.07995992,40.08995991,39.7999602,39.84996015
2025-07-09T17:15:00Z,39.87996012,39.87996012,39.87996012,39.87996012
2025-07-09T17:20:00Z,39.92996007,39.92996007,39.81996018,39.81996018
2025-07-09T17:25:00Z,40.30995969,40.36995963,40.30995969,40.36995963
2025-07-09T17:30:00Z,40.28995971,40.64995935,40.28995971,40.64995935
2025-07-09T17:35:00Z,40.24995975,40.24995975,40.24995975,40.24995975
2025-07-09T17:40:00Z,40.17995982,40.17995982,40.11995988,40.11995988
2025-07-09T17:45:00Z,40.17995982,40.27995972,39.99996,39.99996
2025-07-09T17:50:00Z,40.03995996,40.03995996,39.74996025,39.74996025
2025-07-09T17:55:00Z,39.97896002,39.97996002,39.95996004,39.95996004
2025-07-09T18:10:00Z,40.02995997,40.07995992,40.02995997,40.07995992
2025-07-09T18:25:00Z,39.99996,39.99996,39.99996,39.99996
2025-07-09T18:30:00Z,39.90996009,39.90996009,39.71996028,39.71996028
2025-07-09T18:35:00Z,39.56996043,39.57996042,39.56996043,39.57996042
2025-07-09T18:45:00Z,39.55996044,39.58996041,39.54996045,39.54996045
2025-07-09T18:50:00Z,39.60996039,39.60996039,39.60996039,39.60996039
2025-07-09T18:55:00Z,39.65996034,39.65996034,39.65996034,39.65996034
2025-07-09T19:10:00Z,39.54996045,39.60996039,39.54996045,39.54996045
2025-07-09T19:15:00Z,39.74996025,39.7999602,39.74996025,39.7999602
2025-07-09T19:20:00Z,39.86996013,39.99996,39.86996013,39.99996
2025-07-09T19:25:00Z,40.03995996,40.03995996,40.03995996,40.03995996
2025-07-09T19:30:00Z,39.96996003,39.96996003,39.96996003,39.96996003
2025-07-09T19:35:00Z,39.74996025,39.84996015,39.68996031,39.84996015
2025-07-09T19:40:00Z,39.84496015,39.84496015,39.84496015,39.84496015
2025-07-09T19:45:00Z,39.64996035,39.64996035,39.64996035,39.64996035
2025-07-09T19:50:00Z,39.42996057,39.42996057,39.42996057,39.42996057
2025-07-09T19:55:00Z,39.13996086,39.43996056,39.13996086,39.43996056
2025-07-10T13:30:00Z,40.45995954,40.72995927,39.0999609,39.0999609
2025-07-10T13:35:00Z,39.4999605,39.4999605,38.1999618,38.43996156
2025-07-10T13:40:00Z,38.56996143,38.82996117,38.46996153,38.46996153
2025-07-10T13:45:00Z,38.45996154,38.45996154,37.999962,37.999962
2025-07-10T13:50:00Z,37.92996207,38.16996183,37.5999624,37.74996225
2025-07-10T13:55:00Z,37.53996246,37.55996244,36.999963,37.32996267
2025-07-10T14:00:00Z,37.31996268,37.32996267,36.4999635,36.4999635
2025-07-10T14:05:00Z,36.58996341,36.95996304,36.3999636,36.85996314
2025-07-10T14:10:00Z,36.88996311,36.88996311,36.37996362,36.47496353
2025-07-10T14:15:00Z,36.48996351,36.65496335,36.1999638,36.43996356
2025-07-10T14:20:00Z,36.48996351,36.67996332,36.41996358,36.4999635
2025-07-10T14:25:00Z,36.34996365,36.34996365,35.7999642,36.03996396
2025-07-10T14:30:00Z,36.12996387,36.15996384,35.999964,35.999964
2025-07-10T14:35:00Z,36.23996376,36.23996376,35.999964,35.999964
2025-07-10T14:40:00Z,36.04996395,36.04996395,35.51996448,35.75996424
2025-07-10T14:45:00Z,36.05996394,36.37996362,36.05996394,36.2999637
2025-07-10T14:50:00Z,36.31996368,36.50996349,36.31996368,36.38996361
2025-07-10T14:55:00Z,36.34496366,36.34996365,36.1999638,36.1999638
2025-07-10T15:00:00Z,36.04996395,36.04996395,35.81996418,35.81996418
2025-07-10T15:05:00Z,35.93996406,35.93996406,35.57996442,35.6999643
2025-07-10T15:10:00Z,35.5999644,35.86996413,35.53996446,35.86996413
2025-07-10T15:15:00Z,35.80996419,35.80996419,35.5999644,35.5999644
2025-07-10T15:20:00Z,35.54996445,35.54996445,35.2999647,35.40996459
2025-07-10T15:25:00Z,35.68996431,36.0999639,35.68996431,36.0999639
2025-07-10T15:30:00Z,36.22996377,36.22996377,36.18996381,36.21996378
2025-07-10T15:45:00Z,36.51996348,36.51996348,36.41996358,36.4999635
2025-07-10T15:50:00Z,36.77996322,36.83996316,36.6999633,36.6999633
2025-07-10T15:55:00Z,36.7999632,36.7999632,36.7999632,36.7999632
2025-07-10T16:00:00Z,36.6999633,36.6999633,36.6999633,36.6999633
2025-07-10T16:05:00Z,36.87996312,36.87996312,36.66996333,36.66996333
2025-07-10T16:10:00Z,36.5999634,36.66996333,36.56996343,36.66996333
2025-07-10T16:15:00Z,36.56996343,36.56996343,36.56996343,36.56996343
2025-07-10T16:25:00Z,36.83996316,36.85996314,36.74996325,36.85996314
2025-07-10T16:30:00Z,36.90996309,36.90996309,36.61996338,36.61996338
2025-07-10T16:35:00Z,36.3999636,36.3999636,36.28996371,36.32996367
2025-07-10T16:40:00Z,36.41996358,36.43996356,36.41996358,36.43996356
2025-07-10T16:45:00Z,36.25996374,36.25996374,36.25996374,36.25996374
2025-07-10T16:50:00Z,36.30996369,36.31996368,36.28996371,36.31996368
2025-07-10T16:55:00Z,36.2999637,36.2999637,36.2999637,36.2999637
2025-07-10T17:00:00Z,36.3999636,36.3999636,36.38996361,36.38996361
2025-07-10T17:05:00Z,36.35996364,36.35996364,36.35996364,36.35996364
2025-07-10T17:10:00Z,36.34996365,36.34996365,36.34996365,36.34996365
2025-07-10T17:20:00Z,36.57996342,36.57996342,36.57996342,36.57996342
2025-07-10T17:25:00Z,36.45996354,36.45996354,36.35996364,36.35996364
2025-07-10T17:30:00Z,36.48996351,36.4999635,36.44996355,36.44996355
2025-07-10T17:35:00Z,36.2999637,36.2999637,36.1999638,36.23996376
2025-07-10T17:40:00Z,36.54996345,36.54996345,36.54996345,36.54996345
2025-07-10T17:45:00Z,36.43996356,36.44996355,36.1999638,36.2999637
2025-07-10T17:50:00Z,36.41996358,36.41996358,36.41996358,36.41996358
2025-07-10T17:55:00Z,36.2999637,36.2999637,36.2999637,36.2999637
2025-07-10T18:00:00Z,36.45996354,36.45996354,36.45996354,36.45996354
2025-07-10T18:05:00Z,36.4999635,36.4999635,36.4999635,36.4999635
2025-07-10T18:10:00Z,36.3999636,36.47996352,36.38996361,36.47996352
2025-07-10T18:15:00Z,36.5999634,36.5999634,36.5999634,36.5999634
2025-07-10T18:25:00Z,36.4999635,36.4999635,36.4999635,36.4999635
2025-07-10T18:30:00Z,36.35996364,36.35996364,36.35996364,36.35996364
2025-07-10T18:35:00Z,36.44996355,36.44996355,36.44996355,36.44996355
2025-07-10T18:40:00Z,36.41996358,36.4999635,36.30996369,36.4999635
2025-07-10T18:45:00Z,36.58996341,36.5999634,36.58996341,36.5999634
2025-07-10T18:55:00Z,36.63996336,36.6999633,36.63996336,36.6999633
2025-07-10T19:00:00Z,36.74996325,36.74996325,36.74996325,36.74996325
2025-07-10T19:05:00Z,36.76996323,36.76996323,36.6999633,36.6999633
2025-07-10T19:10:00Z,36.62996337,36.62996337,36.53996346,36.53996346
2025-07-10T19:15:00Z,36.60996339,36.60996339,36.56996343,36.56996343
2025-07-10T19:20:00Z,36.4999635,36.6999633,36.4999635,36.6999633
2025-07-10T19:25:00Z,36.84996315,36.84996315,36.84996315,36.84996315
2025-07-10T19:30:00Z,36.7999632,36.7999632,36.7999632,36.7999632
2025-07-10T19:35:00Z,36.75996324,36.75996324,36.71996328,36.71996328
2025-07-10T19:45:00Z,36.6999633,37.2999627,36.6999633,37.2999627
2025-07-10T19:50:00Z,37.40996259,37.4999625,37.34996265,37.46996253
2025-07-10T19:55:00Z,37.64996235,37.8999621,37.5999624,37.8999621
2025-07-11T13:30:00Z,37.05996294,37.4999625,36.64996335,36.64996335
2025-07-11T13:35:00Z,36.88996311,36.8999631,35.7999642,35.96996403
2025-07-11T13:40:00Z,36.11996388,36.11996388,35.71996428,35.81996418
2025-07-11T13:45:00Z,35.83996416,35.83996416,35.74996425,35.74996425
2025-07-11T13:50:00Z,36.16996383,36.1999638,35.999964,36.07996392
2025-07-11T13:55:00Z,36.07996392,36.32996367,36.07996392,36.2999637
2025-07-11T14:00:00Z,36.32996367,36.46996353,36.2999637,36.2999637
2025-07-11T14:05:00Z,36.31996368,36.31996368,36.31996368,36.31996368
2025-07-11T14:15:00Z,36.4999635,36.4999635,36.4999635,36.4999635
2025-07-11T14:20:00Z,36.44996355,36.4999635,36.24996375,36.24996375
2025-07-11T14:25:00Z,36.1999638,36.1999638,36.12996387,36.12996387
2025-07-11T14:30:00Z,36.07996392,36.07996392,36.07996392,36.07996392
2025-07-11T14:35:00Z,36.07996392,36.07996392,36.02996397,36.02996397
2025-07-11T14:40:00Z,36.0999639,36.0999639,36.04996395,36.04996395
2025-07-11T14:45:00Z,36.04996395,36.10996389,35.999964,36.10996389
2025-07-11T14:50:00Z,36.04996395,36.04996395,35.8999641,35.90996409
2025-07-11T14:55:00Z,35.87996412,35.87996412,35.7999642,35.82996417
2025-07-11T15:00:00Z,35.80996419,35.80996419,35.60996439,35.66996433
2025-07-11T15:05:00Z,35.5999644,35.60996439,35.4999645,35.56496443
2025-07-11T15:10:00Z,35.4999645,35.50996449,34.999965,34.999965
2025-07-11T15:15:00Z,35.26996473,35.26996473,35.0999649,35.0999649
2025-07-11T15:20:00Z,35.17996482,35.17996482,34.97996502,34.999965
2025-07-11T15:25:00Z,34.999965,34.999965,34.88996511,34.93996506
2025-07-11T15:30:00Z,34.8999651,34.999965,34.8999651,34.999965
2025-07-11T15:35:00Z,34.8999651,35.00996499,34.88996511,34.999965
2025-07-11T15:40:00Z,35.10996489,35.11496489,35.10996489,35.10996489
2025-07-11T15:45:00Z,35.13996486,35.26496474,35.13996486,35.26496474
2025-07-11T15:50:00Z,35.27996472,35.27996472,34.87996512,34.87996512
2025-07-11T16:00:00Z,35.14996485,35.14996485,35.14996485,35.14996485
2025-07-11T16:05:00Z,35.14996485,35.1999648,35.14996485,35.1999648
2025-07-11T16:10:00Z,35.2999647,35.50996449,35.2999647,35.50996449
2025-07-11T16:15:00Z,35.4999645,35.4999645,35.4999645,35.4999645
2025-07-11T16:20:00Z,35.65996434,35.65996434,35.65996434,35.65996434
2025-07-11T16:25:00Z,35.5999644,35.5999644,35.5999644,35.5999644
2025-07-11T16:30:00Z,35.60996439,35.60996439,35.60996439,35.60996439
2025-07-11T16:40:00Z,35.4999645,35.4999645,35.48996451,35.48996451
2025-07-11T16:45:00Z,35.4999645,35.4999645,35.4999645,35.4999645
2025-07-11T16:50:00Z,35.37996462,35.37996462,35.37996462,35.37996462
2025-07-11T16:55:00Z,35.3999646,35.3999646,35.3999646,35.3999646
2025-07-11T17:05:00Z,35.54996445,35.54996445,35.54996445,35.54996445
2025-07-11T17:10:00Z,35.35996464,35.35996464,35.35996464,35.35996464
2025-07-11T17:30:00Z,35.70996429,35.70996429,35.70996429,35.70996429
2025-07-11T17:35:00Z,35.3999646,35.3999646,35.3999646,35.3999646
2025-07-11T17:50:00Z,35.78996421,35.95996404,35.78996421,35.95996404
2025-07-11T18:10:00Z,36.02996397,36.02996397,36.02996397,36.02996397
2025-07-11T18:20:00Z,35.94996405,35.94996405,35.87996412,35.87996412
2025-07-11T18:25:00Z,35.7999642,35.7999642,35.78996421,35.78996421
2025-07-11T18:35:00Z,35.88496412,35.88496412,35.7999642,35.7999642
2025-07-11T18:50:00Z,35.73996426,35.73996426,35.73996426,35.73996426
2025-07-11T19:00:00Z,35.60996439,35.60996439,35.60996439,35.60996439
2025-07-11T19:05:00Z,35.52996447,35.56996443,35.3999646,35.46996453
2025-07-11T19:30:00Z,35.34996465,35.37996462,35.1999648,35.1999648
2025-07-11T19:35:00Z,35.0999649,35.0999649,35.0999649,35.0999649
2025-07-14T13:30:00Z,37.11996288,39.23996076,37.10996289,38.78996121
2025-07-14T13:35:00Z,38.88996111,39.51996048,38.88996111,39.24996075
2025-07-14T13:40:00Z,38.94996105,39.24996075,38.11996188,38.11996188
2025-07-14T13:45:00Z,38.11996188,38.4999615,37.68996231,38.4999615
2025-07-14T13:50:00Z,38.4999615,38.66996133,38.41996158,38.41996158
2025-07-14T13:55:00Z,38.21996178,38.999961,38.1999618,38.999961
2025-07-14T14:00:00Z,38.82996117,38.999961,38.74996125,38.7999612
2025-07-14T14:05:00Z,38.999961,39.06996093,38.56996143,38.56996143
2025-07-14T14:10:00Z,38.999961,38.999961,38.83996116,38.83996116
2025-07-14T14:15:00Z,38.8999611,39.50996049,38.8999611,39.4999605
2025-07-14T14:20:00Z,39.47496053,39.65996034,39.3999606,39.48996051
2025-07-14T14:25:00Z,39.41996058,39.87996012,39.31996068,39.87996012
2025-07-14T14:30:00Z,39.46996053,39.46996053,38.999961,38.999961
2025-07-14T14:35:00Z,39.31996068,39.31996068,39.31996068,39.31996068
2025-07-14T14:40:00Z,39.16996083,39.3999606,39.14996085,39.3999606
2025-07-14T14:45:00Z,39.2999607,39.65996034,39.2999607,39.65996034
2025-07-14T14:50:00Z,39.74996025,39.8999601,39.74996025,39.7999602
2025-07-14T14:55:00Z,39.82996017,39.95996004,39.82996017,39.95996004
2025-07-14T15:00:00Z,39.87996012,39.99996,39.60996039,39.60996039
2025-07-14T15:05:00Z,39.72496028,40.04995995,39.72496028,39.99996
2025-07-14T15:10:00Z,40.12995987,40.4999595,40.12995987,40.4999595
2025-07-14T15:15:00Z,40.5999594,41.04995895,40.5999594,40.999959
2025-07-14T15:20:00Z,40.55995944,40.55995944,40.47995952,40.53495946
2025-07-14T15:25:00Z,40.5999594,40.5999594,40.27995972,40.33995966
2025-07-14T15:30:00Z,40.20995979,40.22995977,40.11995988,40.11995988
2025-07-14T15:35:00Z,40.0999599,40.0999599,39.88996011,39.88996011
2025-07-14T15:40:00Z,39.90996009,39.90996009,39.90996009,39.90996009
2025-07-14T15:45:00Z,39.8999601,39.91996008,39.8999601,39.91996008
2025-07-14T15:50:00Z,39.7999602,39.7999602,39.73996026,39.73996026
2025-07-14T16:00:00Z,39.91996008,39.91996008,39.91996008,39.91996008
2025-07-14T16:05:00Z,39.4999605,39.99996,39.4999605,39.99996
2025-07-14T16:10:00Z,40.30995969,40.30995969,40.24995975,40.24995975
2025-07-14T16:15:00Z,40.17995982,40.50995949,40.17995982,40.50995949
2025-07-14T16:20:00Z,40.35995964,40.35995964,40.32995967,40.32995967
2025-07-14T16:25:00Z,40.21995978,40.21995978,40.21995978,40.21995978
2025-07-14T16:30:00Z,40.0999599,40.0999599,40.0999599,40.0999599
2025-07-14T16:35:00Z,39.96996003,39.96996003,39.96996003,39.96996003
2025-07-14T16:45:00Z,39.80996019,39.80996019,39.80996019,39.80996019
2025-07-14T16:55:00Z,39.83996016,39.84996015,39.7999602,39.84996015
2025-07-14T17:00:00Z,39.76996023,39.76996023,39.76996023,39.76996023
2025-07-14T17:05:00Z,39.99996,40.4999595,39.99996,40.4999595
2025-07-14T17:10:00Z,40.51995948,40.51995948,40.48995951,40.48995951
2025-07-14T17:15:00Z,40.44995955,40.44995955,40.44995955,40.44995955
2025-07-14T17:20:00Z,40.46995953,40.46995953,40.46995953,40.46995953
2025-07-14T17:30:00Z,40.34995965,40.44995955,40.34995965,40.44995955
2025-07-14T17:35:00Z,40.33995966,40.33995966,40.33995966,40.33995966
2025-07-14T17:40:00Z,40.34995965,40.34995965,40.22995977,40.22995977
2025-07-14T17:45:00Z,40.20995979,40.27995972,40.20995979,40.27995972
2025-07-14T17:50:00Z,40.33995966,40.33995966,40.33995966,40.33995966
2025-07-14T17:55:00Z,40.34995965,40.34995965,40.2999597,40.2999597
2025-07-14T18:00:00Z,40.34995965,40.34995965,40.07995992,40.07995992
2025-07-14T18:05:00Z,40.0999599,40.0999599,40.0999599,40.0999599
2025-07-14T18:15:00Z,39.99996,40.00995999,39.83996016,39.83996016
2025-07-14T18:20:00Z,39.75996024,39.75996024,39.64996035,39.64996035
2025-07-14T18:30:00Z,39.57996042,39.57996042,39.57996042,39.57996042
2025-07-14T18:35:00Z,39.64996035,39.64996035,39.64996035,39.64996035
2025-07-14T18:45:00Z,39.74996025,39.74996025,39.74996025,39.74996025
2025-07-14T19:00:00Z,39.87996012,39.87996012,39.87996012,39.87996012
2025-07-14T19:05:00Z,40.1999598,40.1999598,40.1999598,40.1999598
2025-07-14T19:10:00Z,40.23995976,40.23995976,40.23995976,40.23995976
2025-07-14T19:15:00Z,40.15995984,40.15995984,40.15995984,40.15995984
2025-07-14T19:20:00Z,40.31995968,40.32995967,40.31995968,40.32995967
2025-07-14T19:25:00Z,40.4999595,40.4999595,40.4999595,40.4999595
2025-07-14T19:30:00Z,40.25995974,40.25995974,40.25995974,40.25995974
2025-07-14T19:35:00Z,40.07995992,40.07995992,40.07995992,40.07995992
2025-07-14T19:40:00Z,39.86996013,39.98996001,39.84996015,39.98996001
2025-07-14T19:45:00Z,39.99996,39.99996,39.60996039,39.60996039
2025-07-14T19:50:00Z,39.64996035,39.64996035,39.52996047,39.5999604
2025-07-14T19:55:00Z,39.5999604,39.67996032,39.53996046,39.66996033
2025-07-15T13:30:00Z,37.8999621,38.38996161,37.4999625,37.999962
2025-07-15T13:35:00Z,38.30996169,38.54996145,37.4999625,37.6999623
2025-07-15T13:40:00Z,37.79496221,37.79496221,37.45996254,37.6999623
2025-07-15T13:45:00Z,38.01996198,38.04996195,37.91996208,37.999962
2025-07-15T13:50:00Z,38.18996181,38.18996181,38.04996195,38.04996195
2025-07-15T13:55:00Z,38.1999618,38.2999617,38.0999619,38.0999619
2025-07-15T14:00:00Z,38.04996195,38.11496189,37.96996203,38.04996195
2025-07-15T14:05:00Z,38.14996185,38.66996133,38.14996185,38.66996133
2025-07-15T14:10:00Z,38.75996124,38.80996119,38.55996144,38.55996144
2025-07-15T14:15:00Z,38.3999616,38.41996158,38.2999617,38.2999617
2025-07-15T14:20:00Z,38.4999615,38.4999615,38.4999615,38.4999615
2025-07-15T14:25:00Z,38.54996145,38.54996145,38.54996145,38.54996145
2025-07-15T14:30:00Z,38.34996165,38.34996165,38.28996171,38.28996171
2025-07-15T14:35:00Z,38.28996171,38.28996171,38.1999618,38.22996177
2025-07-15T14:40:00Z,37.999962,37.999962,37.94996205,37.94996205
2025-07-15T14:55:00Z,38.04996195,38.04996195,38.04996195,38.04996195
2025-07-15T15:00:00Z,38.3999616,38.3999616,38.3999616,38.3999616
2025-07-15T15:05:00Z,38.28996171,38.28996171,38.18996181,38.23996176
2025-07-15T15:10:00Z,37.999962,37.999962,37.90996209,37.90996209
2025-07-15T15:20:00Z,38.08996191,38.17996182,38.08996191,38.16996183
2025-07-15T15:25:00Z,38.00996199,38.00996199,37.999962,37.999962
2025-07-15T15:30:00Z,38.00996199,38.16996183,38.00996199,38.16996183
2025-07-15T15:35:00Z,37.999962,38.18996181,37.999962,38.18996181
2025-07-15T15:40:00Z,38.25996174,38.2999617,38.25996174,38.2999617
2025-07-15T15:50:00Z,38.24996175,38.24996175,38.24996175,38.24996175
2025-07-15T15:55:00Z,38.36996163,38.4999615,38.36996163,38.4999615
2025-07-15T16:10:00Z,38.70996129,38.70996129,38.70996129,38.70996129
2025-07-15T16:15:00Z,38.56996143,38.57996142,38.56996143,38.57996142
2025-07-15T16:20:00Z,38.72996127,38.72996127,38.72996127,38.72996127
2025-07-15T16:25:00Z,38.98496101,38.98496101,38.8999611,38.8999611
2025-07-15T16:30:00Z,38.97996102,38.999961,38.97996102,38.999961
2025-07-15T16:35:00Z,38.999961,38.999961,38.999961,38.999961
2025-07-15T16:50:00Z,38.999961,38.999961,38.999961,38.999961
2025-07-15T16:55:00Z,38.999961,38.999961,38.999961,38.999961
2025-07-15T17:00:00Z,38.999961,39.1999608,38.999961,39.1999608
2025-07-15T17:05:00Z,39.2999607,39.2999607,39.2999607,39.2999607
2025-07-15T17:10:00Z,38.6999613,38.6999613,38.6999613,38.6999613
2025-07-15T17:30:00Z,38.72996127,38.72996127,38.72996127,38.72996127
2025-07-15T17:35:00Z,39.00996099,39.00996099,39.00996099,39.00996099
2025-07-15T17:45:00Z,38.95996104,38.999961,38.95996104,38.999961
2025-07-15T18:15:00Z,39.1999608,39.1999608,39.1999608,39.1999608
2025-07-15T18:30:00Z,39.24996075,39.24996075,39.1999608,39.1999608
2025-07-15T18:35:00Z,39.04996095,39.04996095,39.04996095,39.04996095
2025-07-15T18:40:00Z,38.51996148,38.51996148,38.34996165,38.34996165
2025-07-15T19:50:00Z,39.03996096,39.03996096,39.02996097,39.02996097
2025-07-15T19:55:00Z,38.96996103,38.96996103,38.96996103,38.96996103
2025-07-16T13:30:00Z,39.44996055,39.44996055,38.66996133,38.66996133
2025-07-16T13:35:00Z,38.72996127,39.05996094,38.72996127,39.00996099
2025-07-16T13:40:00Z,39.71996028,39.71996028,39.71996028,39.71996028
2025-07-16T13:45:00Z,39.51996048,39.73996026,39.44996055,39.71996028
2025-07-16T13:50:00Z,39.24996075,39.24996075,38.67996132,38.67996132
2025-07-16T13:55:00Z,38.6999613,38.74996125,38.55996144,38.55996144
2025-07-16T14:00:00Z,38.74996125,39.5999604,38.74996125,39.57996042
2025-07-16T14:05:00Z,39.54996045,39.76996023,39.54996045,39.76996023
2025-07-16T14:10:00Z,39.71996028,39.7999602,39.54996045,39.54996045
2025-07-16T14:15:00Z,38.999961,39.07996092,38.999961,39.07996092
2025-07-16T14:20:00Z,38.95996104,39.55996044,38.95996104,39.55996044
2025-07-16T14:25:00Z,39.5999604,39.62996037,39.5999604,39.62996037
2025-07-16T14:30:00Z,39.63996036,39.99996,39.57996042,39.86996013
2025-07-16T14:35:00Z,39.65996034,39.65996034,39.30996069,39.30996069
2025-07-16T14:40:00Z,39.32996067,39.32996067,39.25996074,39.25996074
2025-07-16T14:45:00Z,39.53996046,39.53996046,39.53996046,39.53996046
2025-07-16T14:50:00Z,39.66996033,39.66996033,39.52996047,39.52996047
2025-07-16T14:55:00Z,39.51996048,39.51996048,39.51996048,39.51996048
2025-07-16T15:00:00Z,39.57996042,39.57996042,39.57996042,39.57996042
2025-07-16T15:05:00Z,39.99996,40.0999599,39.99996,40.0999599
2025-07-16T15:10:00Z,40.21995978,40.21995978,40.21995978,40.21995978
2025-07-16T15:15:00Z,40.0999599,40.0999599,39.61996038,39.65996034
2025-07-16T15:20:00Z,39.33996066,39.33996066,38.7999612,38.999961
2025-07-16T15:25:00Z,39.14996085,39.14996085,39.14996085,39.14996085
2025-07-16T15:35:00Z,38.74996125,38.76996123,38.4999615,38.76996123
2025-07-16T15:40:00Z,38.64996135,38.87996112,38.64996135,38.87996112
2025-07-16T15:45:00Z,38.84996115,38.84996115,38.84996115,38.84996115
2025-07-16T15:50:00Z,38.84996115,38.84996115,38.14996185,38.28996171
2025-07-16T15:55:00Z,38.3999616,38.68996131,38.3999616,38.50996149
2025-07-16T16:15:00Z,39.23996076,39.26996073,39.23996076,39.26996073
2025-07-16T16:25:00Z,39.33996066,39.33996066,39.33996066,39.33996066
2025-07-16T16:30:00Z,39.35996064,39.4999605,39.34996065,39.34996065
2025-07-16T16:35:00Z,39.4999605,39.4999605,39.48996051,39.48996051
2025-07-16T16:40:00Z,39.64996035,39.64996035,39.64996035,39.64996035
2025-07-16T17:15:00Z,39.37496063,39.37496063,39.2999607,39.2999607
2025-07-16T17:20:00Z,39.44996055,39.45996054,39.44996055,39.45996054
2025-07-16T17:25:00Z,39.4999605,39.4999605,39.4999605,39.4999605
2025-07-16T17:40:00Z,39.00996099,39.00996099,38.87996112,38.87996112
2025-07-16T17:45:00Z,38.74996125,38.74996125,38.72996127,38.72996127
2025-07-16T17:50:00Z,38.68996131,38.68996131,38.68996131,38.68996131
2025-07-16T17:55:00Z,38.71996128,38.7999612,38.71996128,38.7999612
2025-07-16T18:00:00Z,38.70996129,38.70996129,38.64996135,38.64996135
2025-07-16T18:05:00Z,38.84996115,38.84996115,38.84996115,38.84996115
2025-07-16T18:20:00Z,39.01996098,39.01996098,39.01996098,39.01996098
2025-07-16T18:30:00Z,39.04996095,39.04996095,39.04996095,39.04996095
2025-07-16T18:45:00Z,38.98996101,38.999961,38.94996105,38.94996105
2025-07-16T18:50:00Z,38.98996101,38.98996101,38.98996101,38.98996101
2025-07-16T18:55:00Z,39.0999609,39.0999609,39.0999609,39.0999609
2025-07-16T19:00:00Z,39.15996084,39.15996084,39.15996084,39.15996084
2025-07-16T19:05:00Z,39.12996087,39.12996087,39.12996087,39.12996087
2025-07-16T19:10:00Z,39.07996092,39.07996092,39.05996094,39.05996094
2025-07-16T19:25:00Z,39.2999607,39.2999607,39.2999607,39.2999607
2025-07-16T19:30:00Z,39.44996055,39.44996055,39.44996055,39.44996055
2025-07-16T19:35:00Z,39.4999605,39.4999605,39.4999605,39.4999605
2025-07-16T19:50:00Z,39.67996032,39.78996021,39.67996032,39.77996022
2025-07-16T19:55:00Z,39.65996034,39.65996034,39.65996034,39.65996034
2025-07-17T13:30:00Z,39.28996071,40.2999597,38.7999612,39.13996086
2025-07-17T13:35:00Z,39.45996054,39.5999604,39.45996054,39.5999604
2025-07-17T13:40:00Z,39.5999604,40.54995945,39.5999604,40.54995945
2025-07-17T13:45:00Z,40.45995954,40.999959,40.45995954,40.999959
2025-07-17T13:50:00Z,40.97995902,41.51995848,40.97995902,41.51995848
2025-07-17T13:55:00Z,41.23995876,41.4999585,40.8999591,40.8999591
2025-07-17T14:00:00Z,41.10995889,41.4999585,41.01995898,41.2999587
2025-07-17T14:05:00Z,41.26995873,41.57995842,41.22995877,41.57995842
2025-07-17T14:10:00Z,41.6999583,41.97995802,41.3999586,41.82995817
2025-07-17T14:15:00Z,41.999958,42.04995795,41.85995814,41.85995814
2025-07-17T14:20:00Z,41.74995825,41.74995825,41.35995864,41.35995864
2025-07-17T14:25:00Z,41.2999587,41.43995856,41.2999587,41.43995856
2025-07-17T14:30:00Z,41.52995847,41.52995847,41.52995847,41.52995847
2025-07-17T14:35:00Z,41.63995836,41.63995836,41.63995836,41.63995836
2025-07-17T14:40:00Z,41.999958,41.999958,41.999958,41.999958
2025-07-17T14:45:00Z,42.04995795,42.2999577,42.04995795,42.23995776
2025-07-17T14:50:00Z,42.44995755,42.4999575,42.1999578,42.1999578
2025-07-17T14:55:00Z,42.00995799,42.0999579,41.87995812,41.999958
2025-07-17T15:00:00Z,42.03995796,42.0999579,42.03995796,42.0999579
2025-07-17T15:05:00Z,42.28995771,42.4999575,42.28995771,42.35995764
2025-07-17T15:10:00Z,42.24995775,42.5999574,42.24995775,42.4999575
2025-07-17T15:15:00Z,42.57995742,42.57995742,42.57995742,42.57995742
2025-07-17T15:20:00Z,42.34995765,42.34995765,41.999958,41.999958
2025-07-17T15:25:00Z,41.84995815,41.84995815,41.58995841,41.76995823
2025-07-17T15:30:00Z,41.5999584,41.5999584,41.48995851,41.48995851
2025-07-17T15:40:00Z,41.6999583,41.6999583,41.57995842,41.64995835
2025-07-17T15:45:00Z,41.66995833,41.6999583,41.5999584,41.5999584
2025-07-17T15:50:00Z,41.4999585,41.4999585,41.25995874,41.25995874
2025-07-17T15:55:00Z,41.25995874,41.25995874,40.999959,41.10995889
2025-07-17T16:00:00Z,41.16995883,41.18995881,40.84995915,40.84995915
2025-07-17T16:05:00Z,40.92995907,41.15995884,40.92995907,41.10995889
2025-07-17T16:10:00Z,41.00995899,41.04995895,40.98995901,40.98995901
2025-07-17T16:15:00Z,40.94995905,41.08995891,40.94995905,41.08995891
2025-07-17T16:20:00Z,41.23995876,41.50995849,41.23995876,41.50995849
2025-07-17T16:25:00Z,41.30995869,41.30995869,41.24995875,41.24995875
2025-07-17T16:30:00Z,41.31995868,41.36995863,41.31995868,41.35995864
2025-07-17T16:35:00Z,41.41995858,41.42995857,41.41995858,41.42995857
2025-07-17T16:40:00Z,41.37995862,41.37995862,41.24995875,41.24995875
2025-07-17T16:50:00Z,41.50995849,41.50995849,41.44995855,41.44995855
2025-07-17T16:55:00Z,41.44995855,41.4999585,41.44995855,41.4999585
2025-07-17T17:00:00Z,41.5999584,41.5999584,41.5999584,41.5999584
2025-07-17T17:05:00Z,41.60995839,41.60995839,41.42995857,41.42995857
2025-07-17T17:10:00Z,41.21995878,41.21995878,41.21995878,41.21995878
2025-07-17T17:15:00Z,41.18995881,41.18995881,41.03995896,41.03995896
2025-07-17T17:25:00Z,40.8999591,40.8999591,40.72095928,40.87995912
2025-07-17T17:35:00Z,40.71995928,40.71995928,40.47995952,40.47995952
2025-07-17T17:40:00Z,40.51995948,40.51995948,40.31995968,40.31995968
2025-07-17T17:45:00Z,40.32995967,40.32995967,40.25995974,40.31995968
2025-07-17T17:50:00Z,40.65995934,40.65995934,40.65995934,40.65995934
2025-07-17T17:55:00Z,40.61995938,40.62995937,40.61995938,40.62995937
2025-07-17T18:00:00Z,40.82995917,40.82995917,40.80995919,40.80995919
2025-07-17T18:05:00Z,40.64995935,40.64995935,40.64995935,40.64995935
2025-07-17T18:10:00Z,40.4999595,40.4999595,40.4999595,40.4999595
2025-07-17T18:25:00Z,40.37995962,40.47995952,40.37995962,40.47995952
2025-07-17T18:45:00Z,40.85995914,40.85995914,40.85995914,40.85995914
2025-07-17T18:50:00Z,40.7999592,40.92995907,40.7999592,40.81995918
2025-07-17T18:55:00Z,40.80995919,40.80995919,40.7999592,40.7999592
2025-07-17T19:20:00Z,41.04995895,41.07995892,41.04995895,41.07995892
2025-07-17T19:25:00Z,41.07995892,41.07995892,41.07995892,41.07995892
2025-07-17T19:30:00Z,41.08995891,41.08995891,41.07995892,41.07995892
2025-07-17T19:55:00Z,41.51995848,41.54995845,41.51995848,41.54995845
2025-07-18T13:30:00Z,43.21995678,43.999956,42.05995794,42.83995716
2025-07-18T13:35:00Z,42.75995724,43.66995633,42.3999576,43.64995635
2025-07-18T13:40:00Z,43.24995675,43.71995628,43.24995675,43.30995669
2025-07-18T13:45:00Z,43.47995652,43.88995611,42.999957,42.999957
2025-07-18T13:50:00Z,43.08995691,43.37995662,42.999957,42.999957
2025-07-18T13:55:00Z,42.97995702,42.97995702,42.68995731,42.6999573
2025-07-18T14:00:00Z,42.88995711,42.8999571,42.4999575,42.4999575
2025-07-18T14:05:00Z,42.48995751,42.4999575,42.3999576,42.3999576
2025-07-18T14:10:00Z,42.41995758,42.41995758,41.75495825,41.81995818
2025-07-18T14:15:00Z,41.7999582,41.999958,41.6999583,41.999958
2025-07-18T14:20:00Z,42.27995772,42.41995758,42.20995779,42.41995758
2025-07-18T14:25:00Z,42.1999578,42.1999578,41.999958,41.999958
2025-07-18T14:30:00Z,41.5999584,41.68995831,41.5999584,41.68995831
2025-07-18T14:35:00Z,42.13995786,42.13995786,42.13995786,42.13995786
2025-07-18T14:40:00Z,42.64995735,42.64995735,42.64995735,42.64995735
2025-07-18T14:45:00Z,42.66995733,42.66995733,42.5999574,42.64995735
2025-07-18T14:50:00Z,42.17995782,42.17995782,41.95995804,41.999958
2025-07-18T14:55:00Z,41.999958,42.23495777,41.8999581,42.23495777
2025-07-18T15:00:00Z,42.1999578,42.1999578,42.14995785,42.14995785
2025-07-18T15:05:00Z,42.13995786,42.1999578,42.13995786,42.1999578
2025-07-18T15:10:00Z,42.12995787,42.12995787,41.90995809,41.90995809
2025-07-18T15:15:00Z,41.95995804,42.34995765,41.95995804,42.34995765
2025-07-18T15:20:00Z,42.31995768,42.31995768,42.31995768,42.31995768
2025-07-18T15:25:00Z,42.1999578,42.1999578,42.1999578,42.1999578
2025-07-18T15:30:00Z,42.4999575,42.4999575,42.4999575,42.4999575
2025-07-18T15:35:00Z,42.64995735,42.67995732,42.56995743,42.56995743
2025-07-18T15:40:00Z,42.78995721,42.8999571,42.75995724,42.75995724
2025-07-18T15:45:00Z,42.82995717,43.0999569,42.82995717,43.0999569
2025-07-18T15:50:00Z,43.34995665,43.34995665,43.22995677,43.27995672
2025-07-18T15:55:00Z,43.24995675,43.24995675,43.24995675,43.24995675
2025-07-18T16:00:00Z,43.43995656,43.4999565,43.43995656,43.4999565
2025-07-18T16:05:00Z,43.0999569,43.22995677,42.84995715,42.84995715
2025-07-18T16:10:00Z,42.54995745,42.63995736,42.4999575,42.4999575
2025-07-18T16:15:00Z,42.24995775,42.24995775,42.16995783,42.16995783
2025-07-18T16:20:00Z,42.30995769,42.30995769,42.16995783,42.1999578
2025-07-18T16:25:00Z,42.10995789,42.10995789,41.7999582,41.7999582
2025-07-18T16:30:00Z,41.63995836,41.67995832,41.1999588,41.1999588
2025-07-18T16:35:00Z,41.10995889,41.10995889,40.87995912,40.999959
2025-07-18T16:40:00Z,41.16995883,41.16995883,40.999959,40.999959
2025-07-18T16:45:00Z,41.3999586,41.3999586,41.11995888,41.11995888
2025-07-18T16:50:00Z,41.1999588,41.21495879,41.0999589,41.0999589
2025-07-18T16:55:00Z,41.41995858,41.41995858,41.41995858,41.41995858
2025-07-18T17:10:00Z,41.50995849,41.50995849,41.35995864,41.37995862
2025-07-18T17:15:00Z,41.57995842,41.64995835,41.52995847,41.64995835
2025-07-18T17:25:00Z,41.85995814,42.0999579,41.85995814,42.05995794
2025-07-18T17:30:00Z,42.00995799,42.00995799,42.00995799,42.00995799
2025-07-18T17:35:00Z,41.999958,41.999958,41.999958,41.999958
2025-07-18T17:45:00Z,41.4999585,41.4999585,41.4999585,41.4999585
2025-07-18T17:50:00Z,41.64995835,41.6999583,41.58995841,41.5999584
2025-07-18T18:05:00Z,41.54995845,41.54995845,41.36995863,41.44995855
2025-07-18T18:20:00Z,41.81995818,41.81995818,41.74995825,41.74995825
2025-07-18T18:25:00Z,41.98995801,41.98995801,41.98995801,41.98995801
2025-07-18T18:35:00Z,42.01995798,42.02995797,42.01995798,42.01995798
2025-07-18T18:40:00Z,42.02995797,42.02995797,41.88995811,41.88995811
2025-07-18T18:45:00Z,42.1999578,42.1999578,42.1999578,42.1999578
2025-07-18T18:50:00Z,42.04995795,42.0999579,41.74995825,41.74995825
2025-07-18T18:55:00Z,41.6999583,41.6999583,41.4999585,41.4999585
2025-07-18T19:00:00Z,41.3999586,41.3999586,41.3999586,41.3999586
2025-07-18T19:05:00Z,41.64995835,41.64995835,41.64995835,41.64995835
2025-07-18T19:10:00Z,41.8999581,41.95995804,41.8999581,41.95995804
2025-07-18T19:25:00Z,41.6999583,41.6999583,41.6999583,41.6999583
2025-07-18T19:35:00Z,41.66495834,41.66495834,41.66495834,41.66495834
2025-07-18T19:40:00Z,41.5999584,41.5999584,41.5999584,41.5999584
2025-07-18T19:45:00Z,41.76995823,41.76995823,41.76995823,41.76995823
2025-07-18T19:50:00Z,41.67995832,41.6999583,41.5999584,41.5999584
2025-07-18T19:55:00Z,41.38995861,41.61995838,41.2999587,41.61995838
2025-07-21T13:30:00Z,40.7999592,42.05995794,40.7999592,42.05995794
2025-07-21T13:35:00Z,41.78995821,41.84995815,41.13095887,41.13095887
2025-07-21T13:40:00Z,41.17995882,41.17995882,41.17995882,41.17995882
2025-07-21T13:45:00Z,41.5999584,41.74995825,41.5999584,41.74995825
2025-07-21T13:50:00Z,41.12995887,41.12995887,40.48995951,40.52995947
2025-07-21T13:55:00Z,41.04995895,41.04995895,41.04995895,41.04995895
2025-07-21T14:00:00Z,41.0999589,41.0999589,40.86995913,41.02995897
2025-07-21T14:05:00Z,41.03995896,41.47995852,40.73995926,41.47995852
2025-07-21T14:10:00Z,41.3999586,41.3999586,41.11095889,41.23995876
2025-07-21T14:15:00Z,41.23995876,41.84995815,41.23995876,41.84995815
2025-07-21T14:20:00Z,41.51995848,41.51995848,41.4999585,41.4999585
2025-07-21T14:25:00Z,41.40995859,41.40995859,41.40995859,41.40995859
2025-07-21T14:30:00Z,41.999958,42.08995791,41.999958,42.08995791
2025-07-21T14:35:00Z,41.999958,42.02995797,41.96995803,42.02995797
2025-07-21T14:40:00Z,41.999958,42.16995783,41.999958,42.16995783
2025-07-21T14:45:00Z,42.15995784,42.15995784,42.15995784,42.15995784
2025-07-21T14:50:00Z,41.96995803,41.96995803,41.81995818,41.81995818
2025-07-21T15:00:00Z,41.7999582,41.7999582,41.65995834,41.65995834
2025-07-21T15:05:00Z,41.5999584,41.80995819,41.53995846,41.73995826
2025-07-21T15:10:00Z,41.75995824,42.01995798,41.75995824,42.01995798
2025-07-21T15:15:00Z,42.1999578,42.2999577,42.18995781,42.18995781
2025-07-21T15:20:00Z,42.26995773,42.4999575,42.26995773,42.4999575
2025-07-21T15:25:00Z,42.47995752,42.5999574,42.45995754,42.5999574
2025-07-21T15:30:00Z,42.67995732,42.7999572,42.4999575,42.51995748
2025-07-21T15:35:00Z,42.42995757,42.42995757,42.42995757,42.42995757
2025-07-21T15:40:00Z,42.55995744,42.74995725,42.55995744,42.65495735
2025-07-21T15:45:00Z,42.40995759,42.6999573,42.40995759,42.65995734
2025-07-21T15:50:00Z,42.60995739,42.67995732,42.44995755,42.44995755
2025-07-21T15:55:00Z,42.42995757,42.42995757,42.14995785,42.14995785
2025-07-21T16:00:00Z,41.999958,42.11995788,41.999958,42.11995788
2025-07-21T16:05:00Z,42.13995786,42.14995785,42.13995786,42.14995785
2025-07-21T16:10:00Z,42.03995796,42.03995796,42.03995796,42.03995796
2025-07-21T16:15:00Z,41.83995816,41.83995816,41.83995816,41.83995816
2025-07-21T16:20:00Z,41.71995828,41.71995828,41.48995851,41.48995851
2025-07-21T16:25:00Z,41.56995843,41.68995831,41.56995843,41.68995831
2025-07-21T16:30:00Z,41.999958,42.15995784,41.999958,42.15995784
2025-07-21T16:35:00Z,42.20995779,42.20995779,42.15995784,42.15995784
2025-07-21T16:40:00Z,41.999958,42.31995768,41.999958,42.31995768
2025-07-21T16:45:00Z,42.31995768,42.60995739,42.31995768,42.60995739
2025-07-21T16:50:00Z,42.6999573,43.10995689,42.6999573,43.10995689
2025-07-21T16:55:00Z,43.14995685,43.34995665,43.14995685,43.34995665
2025-07-21T17:00:00Z,43.3999566,43.4999565,43.32995667,43.4999565
2025-07-21T17:05:00Z,43.84995615,44.04995595,43.71995628,43.91995608
2025-07-21T17:10:00Z,43.67995632,43.67995632,43.2999567,43.37995662
2025-07-21T17:15:00Z,43.33995666,43.40995659,43.2999567,43.36995663
2025-07-21T17:25:00Z,43.54995645,43.54995645,43.45995654,43.45995654
2025-07-21T17:30:00Z,43.66995633,43.66995633,43.66995633,43.66995633
2025-07-21T17:35:00Z,43.5999564,43.5999564,43.41995658,43.41995658
2025-07-21T18:00:00Z,43.30995669,43.38995661,43.30995669,43.38995661
2025-07-21T18:05:00Z,43.36995663,43.36995663,42.73995726,42.73995726
2025-07-21T18:10:00Z,42.60995739,42.76995723,42.4999575,42.4999575
2025-07-21T18:15:00Z,42.45995754,42.45995754,42.37995762,42.41995758
2025-07-21T18:20:00Z,42.54995745,42.56995743,42.54995745,42.56995743
2025-07-21T18:25:00Z,42.48995751,42.48995751,42.48995751,42.48995751
2025-07-21T18:30:00Z,42.40995759,42.40995759,42.2999577,42.2999577
2025-07-21T18:35:00Z,42.23995776,42.23995776,41.999958,41.999958
2025-07-21T18:40:00Z,42.0999579,42.14995785,42.0999579,42.14995785
2025-07-21T18:45:00Z,42.20995779,42.24995775,41.92995807,41.92995807
2025-07-21T18:50:00Z,42.08995791,42.11995788,41.98995801,41.98995801
2025-07-21T19:00:00Z,41.8999581,41.90995809,41.83995816,41.90995809
2025-07-21T19:10:00Z,42.08995791,42.08995791,42.08995791,42.08995791
2025-07-21T19:15:00Z,42.30995769,42.30995769,42.15995784,42.15995784
2025-07-21T19:20:00Z,41.999958,41.999958,41.95995804,41.95995804
2025-07-21T19:25:00Z,41.91995808,41.91995808,41.74995825,41.90995809
2025-07-21T19:30:00Z,41.75995824,41.75995824,41.62995837,41.62995837
2025-07-21T19:35:00Z,41.72995827,41.82995817,41.72995827,41.82995817
2025-07-21T19:40:00Z,41.61995838,41.61995838,41.61995838,41.61995838
2025-07-21T19:45:00Z,41.57995842,41.57995842,41.57995842,41.57995842
2025-07-21T19:55:00Z,41.85995814,41.85995814,41.85995814,41.85995814
2025-07-22T13:30:00Z,41.77995822,41.77995822,38.999961,39.20996079
2025-07-22T13:35:00Z,39.84996015,40.24995975,39.73996026,40.24995975
2025-07-22T13:40:00Z,40.31995968,40.31995968,39.4999605,39.8999601
2025-07-22T13:45:00Z,39.71996028,39.71996028,38.78996121,38.78996121
2025-07-22T13:50:00Z,38.4999615,38.4999615,36.999963,36.999963
2025-07-22T13:55:00Z,37.11996288,37.2999627,36.8999631,36.8999631
2025-07-22T14:00:00Z,36.82996317,36.95996304,36.51996348,36.77996322
2025-07-22T14:05:00Z,36.999963,38.15996184,36.94996305,38.15996184
2025-07-22T14:10:00Z,38.24996175,38.5999614,38.11996188,38.11996188
2025-07-22T14:15:00Z,38.13996186,38.20996179,37.62996237,37.62996237
2025-07-22T14:20:00Z,37.4999625,37.82996217,37.3999626,37.80996219
2025-07-22T14:25:00Z,37.77996222,37.77996222,37.4999625,37.77996222
2025-07-22T14:30:00Z,38.00996199,38.36996163,37.999962,38.36996163
2025-07-22T14:35:00Z,38.38996161,38.7999612,38.36996163,38.7999612
2025-07-22T14:40:00Z,38.78996121,39.16996083,38.78996121,39.06996093
2025-07-22T14:45:00Z,39.14996085,39.16996083,38.994961,38.994961
2025-07-22T14:50:00Z,38.96996103,39.05996094,38.96996103,39.04996095
2025-07-22T14:55:00Z,39.02996097,39.02996097,38.87996112,38.87996112
2025-07-22T15:00:00Z,38.90996109,38.90996109,38.7999612,38.8999611
2025-07-22T15:05:00Z,38.87996112,38.87996112,38.6999613,38.6999613
2025-07-22T15:10:00Z,38.72996127,38.8999611,38.72996127,38.8999611
2025-07-22T15:15:00Z,38.8999611,38.999961,38.7999612,38.999961
2025-07-22T15:20:00Z,38.91996108,38.999961,38.62996137,38.62996137
2025-07-22T15:25:00Z,38.55996144,38.55996144,38.31996168,38.31996168
2025-07-22T15:30:00Z,38.36996163,38.67996132,38.36996163,38.67996132
2025-07-22T15:35:00Z,38.60996139,38.62996137,38.5999614,38.5999614
2025-07-22T15:40:00Z,38.58996141,38.58996141,38.56996143,38.56996143
2025-07-22T15:45:00Z,38.51996148,38.52996147,38.51996148,38.52996147
2025-07-22T15:50:00Z,38.76996123,38.76996123,38.76996123,38.76996123
2025-07-22T16:00:00Z,38.34996165,38.34996165,38.24996175,38.24996175
2025-07-22T16:05:00Z,38.1999618,38.1999618,38.1999618,38.1999618
2025-07-22T16:10:00Z,38.22996177,38.22996177,38.22996177,38.22996177
2025-07-22T16:15:00Z,38.30996169,38.30996169,38.24996175,38.24996175
2025-07-22T16:20:00Z,38.30996169,38.30996169,38.03996196,38.03996196
2025-07-22T16:25:00Z,38.02996197,38.08996191,37.94996205,37.999962
2025-07-22T16:30:00Z,38.02996197,38.02996197,37.94996205,37.94996205
2025-07-22T16:35:00Z,37.999962,38.02496198,37.96996203,38.02496198
2025-07-22T16:40:00Z,37.94996205,37.94996205,37.8999621,37.8999621
2025-07-22T16:45:00Z,37.8999621,38.0999619,37.88996211,38.06996193
2025-07-22T16:55:00Z,38.14996185,38.14996185,38.00996199,38.00996199
2025-07-22T17:00:00Z,37.95996204,38.00996199,37.78996221,37.78996221
2025-07-22T17:05:00Z,37.75996224,37.75996224,37.6999623,37.6999623
2025-07-22T17:10:00Z,37.5999624,37.60996239,37.30996269,37.34996265
2025-07-22T17:15:00Z,37.24996275,37.30996269,37.22996277,37.2999627
2025-07-22T17:20:00Z,37.34996265,37.3999626,37.2999627,37.3999626
2025-07-22T17:25:00Z,37.47996252,37.54996245,37.3999626,37.54996245
2025-07-22T17:30:00Z,37.52996247,37.72996227,37.52996247,37.72996227
2025-07-22T17:40:00Z,37.5999624,37.64996235,37.5999624,37.64996235
2025-07-22T17:45:00Z,37.5999624,37.5999624,37.53996246,37.53996246
2025-07-22T18:00:00Z,37.8999621,37.91996208,37.8999621,37.8999621
2025-07-22T18:05:00Z,37.75496225,37.7999622,37.75496225,37.7999622
2025-07-22T18:10:00Z,37.74996225,37.74996225,37.54996245,37.54996245
2025-07-22T18:15:00Z,37.84996215,37.84996215,37.44996255,37.44996255
2025-07-22T18:20:00Z,37.5999624,37.61996238,37.4999625,37.52996247
2025-07-22T18:25:00Z,37.41996258,37.41996258,37.3999626,37.3999626
2025-07-22T18:40:00Z,37.4999625,37.4999625,37.4999625,37.4999625
2025-07-22T18:45:00Z,37.55996244,37.55996244,37.55996244,37.55996244
2025-07-22T18:50:00Z,37.53996246,37.53996246,37.44996255,37.44996255
2025-07-22T18:55:00Z,37.44996255,37.44996255,37.44996255,37.44996255
2025-07-22T19:00:00Z,37.53496246,37.53496246,37.53496246,37.53496246
2025-07-22T19:05:00Z,37.54996245,37.58996241,37.44996255,37.44996255
2025-07-22T19:10:00Z,37.52996247,37.52996247,37.52996247,37.52996247
2025-07-22T19:15:00Z,37.44996255,37.66996233,37.44996255,37.66996233
2025-07-22T19:20:00Z,37.68996231,37.68996231,37.64996235,37.64996235
2025-07-22T19:25:00Z,38.08996191,38.0999619,38.08996191,38.0999619
2025-07-22T19:30:00Z,38.24996175,38.2999617,38.24996175,38.2999617
2025-07-22T19:35:00Z,38.40996159,38.47996152,38.36996163,38.41996158
2025-07-22T19:40:00Z,38.38996161,38.3999616,38.2999617,38.2999617
2025-07-22T19:45:00Z,38.57996142,38.65996134,38.55996144,38.64996135
2025-07-22T19:50:00Z,38.4999615,38.4999615,38.2999617,38.2999617
2025-07-22T19:55:00Z,38.2999617,38.31996168,38.2999617,38.31996168
2025-07-23T13:30:00Z,38.76996123,39.44996055,38.10996189,39.44996055
2025-07-23T13:35:00Z,39.4999605,39.81996018,39.4999605,39.78996021
2025-07-23T13:40:00Z,39.4999605,40.12995987,39.4999605,39.97996002
2025-07-23T13:45:00Z,39.6999603,39.99996,39.60996039,39.73996026
2025-07-23T13:50:00Z,39.98996001,39.99996,39.82996017,39.84996015
2025-07-23T13:55:00Z,39.74996025,39.75496025,39.61996038,39.61996038
2025-07-23T14:00:00Z,39.18996081,39.18996081,38.999961,38.999961
2025-07-23T14:05:00Z,38.88996111,39.07996092,38.84996115,38.8999611
2025-07-23T14:15:00Z,39.1999608,39.1999608,38.8999611,38.999961
2025-07-23T14:20:00Z,38.999961,39.20996079,38.999961,39.04996095
2025-07-23T14:30:00Z,39.06996093,39.25996074,39.06996093,39.25996074
2025-07-23T14:35:00Z,39.1999608,39.25996074,39.1999608,39.25996074
2025-07-23T14:40:00Z,39.13996086,39.63996036,39.0999609,39.61996038
2025-07-23T14:45:00Z,39.41996058,39.4999605,39.33996066,39.33996066
2025-07-23T14:50:00Z,39.68996031,39.6999603,39.68996031,39.6999603
2025-07-23T14:55:00Z,39.7999602,40.12995987,39.7999602,40.12995987
2025-07-23T15:00:00Z,40.21995978,40.21995978,40.21995978,40.21995978
2025-07-23T15:05:00Z,39.84996015,39.85996014,39.84996015,39.85996014
2025-07-23T15:10:00Z,40.23995976,40.24995975,40.07995992,40.07995992
2025-07-23T15:15:00Z,40.30995969,40.36995963,40.23995976,40.24995975
2025-07-23T15:20:00Z,40.33995966,40.38995961,40.33995966,40.38995961
2025-07-23T15:25:00Z,40.43995956,40.75995924,40.43995956,40.75995924
2025-07-23T15:30:00Z,40.71995928,41.0999589,40.6999593,40.6999593
2025-07-23T15:35:00Z,40.73995926,40.73995926,40.44995955,40.44995955
2025-07-23T15:40:00Z,40.46995953,40.47995952,40.46995953,40.47995952
2025-07-23T15:45:00Z,40.4999595,40.4999595,40.4999595,40.4999595
2025-07-23T15:50:00Z,40.4999595,40.61995938,40.46995953,40.61995938
2025-07-23T15:55:00Z,40.60995939,40.82995917,40.60995939,40.82995917
2025-07-23T16:00:00Z,40.55995944,40.55995944,40.37995962,40.3999596
2025-07-23T16:05:00Z,40.23995976,40.23995976,40.08995991,40.17995982
2025-07-23T16:10:00Z,40.10995989,40.10995989,39.99996,39.99996
2025-07-23T16:15:00Z,39.96996003,40.05995994,39.95996004,40.05995994
2025-07-23T16:25:00Z,39.81996018,39.81996018,39.60996039,39.63996036
2025-07-23T16:30:00Z,39.7999602,39.80996019,39.76996023,39.80996019
2025-07-23T16:35:00Z,39.60996039,39.60996039,39.60996039,39.60996039
2025-07-23T16:40:00Z,39.72996027,40.1999598,39.72996027,40.1999598
2025-07-23T16:45:00Z,40.0999599,40.0999599,39.7999602,39.96996003
2025-07-23T16:50:00Z,39.84996015,39.84996015,39.7999602,39.7999602
2025-07-23T17:00:00Z,39.8999601,39.8999601,39.7999602,39.7999602
2025-07-23T17:05:00Z,39.74996025,39.74996025,39.6999603,39.6999603
2025-07-23T17:10:00Z,39.4999605,39.4999605,39.4999605,39.4999605
2025-07-23T17:15:00Z,39.52996047,39.53996046,39.52996047,39.53996046
2025-07-23T17:20:00Z,39.62996037,39.62996037,39.62996037,39.62996037
2025-07-23T17:35:00Z,39.53996046,39.53996046,39.52996047,39.52996047
2025-07-23T17:40:00Z,39.61996038,39.99996,39.61996038,39.99996
2025-07-23T17:45:00Z,40.00995999,40.00995999,40.00995999,40.00995999
2025-07-23T17:50:00Z,39.74996025,40.0999599,39.74996025,40.0999599
2025-07-23T17:55:00Z,40.10995989,40.27995972,40.10995989,40.27995972
2025-07-23T18:00:00Z,40.23995976,40.27995972,40.23995976,40.27995972
2025-07-23T18:05:00Z,40.3999596,40.3999596,40.33995966,40.33995966
2025-07-23T18:10:00Z,40.43995956,40.4999595,40.43995956,40.4999595
2025-07-23T18:15:00Z,40.4999595,40.58995941,40.4999595,40.58995941
2025-07-23T18:25:00Z,40.51995948,40.51995948,40.51995948,40.51995948
2025-07-23T18:30:00Z,40.41995958,40.41995958,40.41995958,40.41995958
2025-07-23T18:35:00Z,40.4999595,40.4999595,40.4999595,40.4999595
2025-07-23T18:40:00Z,40.45995954,40.45995954,40.45995954,40.45995954
2025-07-23T18:50:00Z,40.30995969,40.30995969,40.26995973,40.26995973
2025-07-23T18:55:00Z,40.40995959,40.40995959,40.38995961,40.40995959
2025-07-23T19:00:00Z,40.34995965,40.44995955,40.34995965,40.44995955
2025-07-23T19:05:00Z,40.48995951,40.48995951,40.48995951,40.48995951
2025-07-23T19:10:00Z,40.56995943,40.56995943,40.56995943,40.56995943
2025-07-23T19:20:00Z,40.64995935,40.65995934,40.62995937,40.62995937
2025-07-23T19:30:00Z,40.36995963,40.36995963,40.36995963,40.36995963
2025-07-23T19:35:00Z,40.23995976,40.23995976,40.23995976,40.23995976
2025-07-23T19:40:00Z,40.32995967,40.32995967,40.32995967,40.32995967
2025-07-23T19:45:00Z,40.38995961,40.38995961,40.38995961,40.38995961
2025-07-23T19:50:00Z,40.55995944,40.57995942,40.55995944,40.57995942
2025-07-23T19:55:00Z,40.65995934,40.7999592,40.65995934,40.77995922
2025-07-24T13:30:00Z,40.95995904,40.95995904,40.26995973,40.4999595
2025-07-24T13:35:00Z,40.54995945,40.54995945,39.83996016,39.83996016
2025-07-24T13:40:00Z,39.96996003,39.96996003,39.43996056,39.43996056
2025-07-24T13:45:00Z,39.44996055,39.87996012,39.44996055,39.87996012
2025-07-24T13:50:00Z,39.5999604,39.77996022,39.47996052,39.77996022
2025-07-24T13:55:00Z,39.93996006,39.93996006,39.93996006,39.93996006
2025-07-24T14:00:00Z,39.92996007,39.92996007,39.92996007,39.92996007
2025-07-24T14:05:00Z,39.99996,39.99996,39.87996012,39.87996012
2025-07-24T14:10:00Z,39.51996048,39.5999604,39.36996063,39.3999606
2025-07-24T14:15:00Z,39.2999607,39.76996023,39.17996082,39.76996023
2025-07-24T14:25:00Z,40.04995995,40.04995995,39.82996017,39.83996016
2025-07-24T14:40:00Z,39.72996027,39.72996027,39.72996027,39.72996027
2025-07-24T14:45:00Z,39.73496027,39.85996014,39.73496027,39.85996014
2025-07-24T14:50:00Z,39.64996035,39.99996,39.5999604,39.99996
2025-07-24T14:55:00Z,40.11995988,40.11995988,39.96996003,39.96996003
2025-07-24T15:00:00Z,39.96996003,39.96996003,39.96996003,39.96996003
2025-07-24T15:05:00Z,40.00995999,40.00995999,40.00995999,40.00995999
2025-07-24T15:10:00Z,39.8999601,39.8999601,39.8999601,39.8999601
2025-07-24T15:25:00Z,40.12995987,40.12995987,40.12995987,40.12995987
2025-07-24T15:30:00Z,39.99996,39.99996,39.99996,39.99996
2025-07-24T15:45:00Z,40.16995983,40.16995983,40.16995983,40.16995983
2025-07-24T16:00:00Z,40.14995985,40.15995984,40.05995994,40.05995994
2025-07-24T16:05:00Z,40.08995991,40.08995991,40.08995991,40.08995991
2025-07-24T16:10:00Z,39.96996003,39.96996003,39.96996003,39.96996003
2025-07-24T16:15:00Z,40.12995987,40.12995987,40.12995987,40.12995987
2025-07-24T16:45:00Z,39.96996003,39.96996003,39.96996003,39.96996003
2025-07-24T16:50:00Z,40.0999599,40.0999599,40.0999599,40.0999599
2025-07-24T16:55:00Z,40.13995986,40.25995974,40.13995986,40.25995974
2025-07-24T17:00:00Z,40.36995963,40.36995963,40.36995963,40.36995963
2025-07-24T17:10:00Z,40.47995952,40.56995943,40.47995952,40.56995943
2025-07-24T17:25:00Z,40.4999595,40.4999595,40.4999595,40.4999595
2025-07-24T17:30:00Z,40.54995945,40.54995945,40.54995945,40.54995945
2025-07-24T17:40:00Z,40.68995931,40.68995931,40.68995931,40.68995931
2025-07-24T17:45:00Z,40.76995923,40.77995922,40.76995923,40.77995922
2025-07-24T17:55:00Z,40.71995928,40.71995928,40.63995936,40.63995936
2025-07-24T18:00:00Z,40.64995935,40.64995935,40.64995935,40.64995935
2025-07-24T18:05:00Z,40.76995923,40.999959,40.76995923,40.999959
2025-07-24T18:15:00Z,40.91995908,40.91995908,40.91995908,40.91995908
2025-07-24T18:30:00Z,41.01995898,41.01995898,41.01995898,41.01995898
2025-07-24T18:45:00Z,40.81995918,40.8999591,40.81995918,40.8999591
2025-07-24T19:05:00Z,40.86995913,40.86995913,40.86995913,40.86995913
2025-07-24T19:10:00Z,40.84495916,40.84495916,40.73995926,40.73995926
2025-07-24T19:40:00Z,40.51995948,40.51995948,40.51995948,40.51995948
2025-07-24T19:50:00Z,40.3999596,40.3999596,40.3999596,40.3999596
2025-07-24T19:55:00Z,40.44495956,40.48995951,40.42995957,40.46995953
2025-07-25T13:30:00Z,40.24995975,40.53995946,39.99996,40.53995946
2025-07-25T13:35:00Z,40.61495939,40.81995918,40.3999596,40.3999596
2025-07-25T13:40:00Z,40.84995915,40.84995915,40.84995915,40.84995915
2025-07-25T13:45:00Z,41.02995897,42.07995792,41.02995897,41.80995819
2025-07-25T13:50:00Z,41.7999582,41.80995819,41.50995849,41.80995819
2025-07-25T13:55:00Z,41.74995825,41.81995818,41.54995845,41.81995818
2025-07-25T14:00:00Z,41.999958,41.999958,41.4999585,41.4999585
2025-07-25T14:05:00Z,41.63995836,41.72995827,41.5999584,41.72995827
2025-07-25T14:10:00Z,41.98995801,41.999958,41.94995805,41.94995805
2025-07-25T14:15:00Z,42.15995784,42.2999577,42.00995799,42.18995781
2025-07-25T14:20:00Z,42.20995779,42.2999577,42.0999579,42.0999579
2025-07-25T14:25:00Z,42.14995785,42.30995769,41.86995813,41.86995813
2025-07-25T14:30:00Z,41.91995808,42.14995785,41.73995826,41.73995826
2025-07-25T14:35:00Z,41.94995805,42.04995795,41.8999581,41.8999581
2025-07-25T14:40:00Z,41.999958,41.999958,41.999958,41.999958
2025-07-25T14:45:00Z,42.14995785,42.14995785,42.14995785,42.14995785
2025-07-25T14:50:00Z,42.2999577,42.34995765,41.86995813,41.86995813
2025-07-25T14:55:00Z,41.78995821,41.78995821,41.5999584,41.5999584
2025-07-25T15:00:00Z,41.50995849,41.51995848,41.4999585,41.4999585
2025-07-25T15:05:00Z,41.60995839,41.6999583,41.5999584,41.5999584
2025-07-25T15:10:00Z,41.40995859,41.40995859,41.22995877,41.23995876
2025-07-25T15:15:00Z,41.25995874,41.37995862,41.23995876,41.37995862
2025-07-25T15:20:00Z,41.22995877,41.41995858,41.22995877,41.41995858
2025-07-25T15:25:00Z,41.40995859,41.40995859,41.40995859,41.40995859
2025-07-25T15:35:00Z,41.23995876,41.28995871,41.12995887,41.28995871
2025-07-25T15:40:00Z,41.37995862,41.37995862,41.2999587,41.2999587
2025-07-25T15:45:00Z,41.37995862,41.37995862,41.37995862,41.37995862
2025-07-25T15:55:00Z,41.56995843,41.56995843,41.56995843,41.56995843
2025-07-25T16:00:00Z,41.51995848,41.51995848,41.46995853,41.46995853
2025-07-25T16:05:00Z,41.53995846,41.53995846,41.43995856,41.43995856
2025-07-25T16:10:00Z,41.46995853,41.4999585,41.46995853,41.4999585
2025-07-25T16:15:00Z,41.66995833,41.6999583,41.66995833,41.6999583
2025-07-25T16:25:00Z,41.68995831,41.70995829,41.68995831,41.70995829
2025-07-25T16:35:00Z,41.6999583,41.6999583,41.6999583,41.6999583
2025-07-25T16:45:00Z,41.52995847,41.52995847,41.52995847,41.52995847
2025-07-25T16:50:00Z,41.2999587,41.36995863,41.24995875,41.24995875
2025-07-25T16:55:00Z,41.1999588,41.1999588,41.1999588,41.1999588
2025-07-25T17:00:00Z,40.999959,40.999959,40.84995915,40.84995915
2025-07-25T17:10:00Z,40.94995905,40.999959,40.91995908,40.91995908
2025-07-25T17:20:00Z,40.999959,41.04995895,40.999959,41.00995899
2025-07-25T17:30:00Z,41.01995898,41.01995898,40.91995908,40.91995908
2025-07-25T17:35:00Z,41.10995889,41.10995889,41.10995889,41.10995889
2025-07-25T17:40:00Z,41.10995889,41.10995889,40.999959,40.999959
2025-07-25T17:50:00Z,41.03995896,41.03995896,41.03995896,41.03995896
2025-07-25T17:55:00Z,41.2999587,41.2999587,41.0999589,41.0999589
2025-07-25T18:00:00Z,40.8999591,40.8999591,40.8999591,40.8999591
2025-07-25T18:05:00Z,40.97995902,40.97995902,40.76995923,40.76995923
2025-07-25T18:25:00Z,40.999959,40.999959,40.999959,40.999959
2025-07-25T18:45:00Z,41.25995874,41.25995874,41.25995874,41.25995874
2025-07-25T18:50:00Z,41.2999587,41.2999587,41.2999587,41.2999587
2025-07-25T19:10:00Z,41.14995885,41.24995875,41.14995885,41.24995875
2025-07-25T19:15:00Z,41.1999588,41.1999588,41.1999588,41.1999588
2025-07-25T19:25:00Z,41.3999586,41.53995846,41.3999586,41.4999585
2025-07-25T19:35:00Z,41.53995846,41.53995846,41.53995846,41.53995846
2025-07-25T19:40:00Z,41.61995838,41.61995838,41.4999585,41.4999585
2025-07-25T19:45:00Z,41.2999587,41.2999587,41.2999587,41.2999587
2025-07-25T19:50:00Z,41.2999587,41.2999587,41.2999587,41.2999587
2025-07-25T19:55:00Z,41.38995861,41.38995861,41.23995876,41.23995876
2025-07-28T13:30:00Z,41.44995855,41.71995828,41.1999588,41.40995859
2025-07-28T13:35:00Z,41.4999585,41.72995827,41.3999586,41.3999586
2025-07-28T13:40:00Z,41.40995859,41.40995859,40.97995902,40.97995902
2025-07-28T13:45:00Z,41.17995882,41.17995882,41.17995882,41.17995882
2025-07-28T13:50:00Z,41.06995893,41.08995891,41.06995893,41.06995893
2025-07-28T13:55:00Z,41.81995818,41.999958,41.81995818,41.999958
2025-07-28T14:00:00Z,41.67995832,41.67995832,41.60995839,41.60995839
2025-07-28T14:05:00Z,41.34995865,41.34995865,41.34995865,41.34995865
2025-07-28T14:10:00Z,41.37995862,41.37995862,41.15995884,41.32995867
2025-07-28T14:15:00Z,41.43495857,41.44995855,41.24995875,41.24995875
2025-07-28T14:20:00Z,41.00995899,41.00995899,40.94995905,40.94995905
2025-07-28T14:25:00Z,41.40995859,41.44995855,41.40995859,41.44995855
2025-07-28T14:30:00Z,41.23995876,41.23995876,41.23995876,41.23995876
2025-07-28T14:35:00Z,41.24995875,41.25995874,41.24995875,41.25995874
2025-07-28T14:45:00Z,41.25995874,41.25995874,41.25995874,41.25995874
2025-07-28T14:50:00Z,41.42995857,41.42995857,41.42995857,41.42995857
2025-07-28T15:00:00Z,41.00995899,41.00995899,40.84995915,40.84995915
2025-07-28T15:05:00Z,40.94995905,41.23995876,40.94995905,41.17995882
2025-07-28T15:15:00Z,41.30995869,41.30995869,41.2999587,41.2999587
2025-07-28T15:20:00Z,41.0999589,41.24995875,41.0999589,41.23995876
2025-07-28T15:25:00Z,41.58995841,41.5999584,41.58995841,41.5999584
2025-07-28T15:30:00Z,41.63995836,41.6999583,41.55995844,41.55995844
2025-07-28T15:40:00Z,41.76995823,41.76995823,41.76995823,41.76995823
2025-07-28T15:45:00Z,41.6999583,41.6999583,41.6999583,41.6999583
2025-07-28T15:55:00Z,41.4999585,41.4999585,41.4999585,41.4999585
2025-07-28T16:10:00Z,41.26995873,41.4999585,41.26995873,41.4999585
2025-07-28T16:15:00Z,41.61995838,41.61995838,41.61995838,41.61995838
2025-07-28T16:35:00Z,41.6999583,41.6999583,41.6999583,41.6999583
2025-07-28T16:40:00Z,41.87995812,41.87995812,41.87995812,41.87995812
2025-07-28T16:50:00Z,41.73995826,41.73995826,41.73995826,41.73995826
2025-07-28T16:55:00Z,41.97995802,42.00995799,41.97995802,41.999958
2025-07-28T17:00:00Z,41.51995848,41.51995848,41.51995848,41.51995848
2025-07-28T17:25:00Z,41.97995802,42.0999579,41.97995802,42.0999579
2025-07-28T17:30:00Z,42.23995776,42.32995767,42.20995779,42.32995767
2025-07-28T17:35:00Z,42.33995766,42.56995743,42.33995766,42.54995745
2025-07-28T17:40:00Z,42.67995732,42.67995732,42.67995732,42.67995732
2025-07-28T17:45:00Z,42.60995739,42.60995739,42.4999575,42.4999575
2025-07-28T17:50:00Z,42.3999576,42.3999576,42.3999576,42.3999576
2025-07-28T18:00:00Z,42.32995767,42.32995767,42.32995767,42.32995767
2025-07-28T18:05:00Z,42.11995788,42.11995788,42.07995792,42.07995792
2025-07-28T18:20:00Z,41.73995826,41.73995826,41.68995831,41.68995831
2025-07-28T18:35:00Z,41.7999582,41.91995808,41.7999582,41.91995808
2025-07-28T18:40:00Z,41.85995814,41.85995814,41.85995814,41.85995814
2025-07-28T18:50:00Z,41.93995806,42.02995797,41.93995806,42.02995797
2025-07-28T19:10:00Z,42.48995751,42.48995751,42.26995773,42.26995773
2025-07-28T19:20:00Z,42.12995787,42.12995787,42.12995787,42.12995787
2025-07-28T19:25:00Z,42.17995782,42.17995782,42.17995782,42.17995782
2025-07-28T19:35:00Z,42.24495775,42.24495775,42.24495775,42.24495775
2025-07-28T19:40:00Z,42.28995771,42.28995771,42.28995771,42.28995771
2025-07-28T19:50:00Z,42.5999574,42.63895736,42.5999574,42.63895736
2025-07-28T19:55:00Z,42.74995725,42.93995706,42.69495731,42.93995706
2025-07-29T13:30:00Z,43.58995641,44.4999555,43.0999569,43.0999569
2025-07-29T13:35:00Z,42.999957,43.7999562,42.94995705,43.7999562
2025-07-29T13:40:00Z,43.5999564,43.68995631,43.34995665,43.34995665
2025-07-29T13:45:00Z,43.85995614,43.85995614,43.2999567,43.2999567
2025-07-29T13:50:00Z,43.10995689,43.2999567,43.08995691,43.08995691
2025-07-29T13:55:00Z,43.02995697,43.02995697,42.50995749,42.50995749
2025-07-29T14:00:00Z,42.6999573,42.6999573,41.82995817,41.98995801
2025-07-29T14:05:00Z,41.97995802,42.38995761,41.97995802,42.38995761
2025-07-29T14:10:00Z,42.52995747,42.52995747,42.43995756,42.51995748
2025-07-29T14:15:00Z,42.31995768,42.31995768,42.31995768,42.31995768
2025-07-29T14:20:00Z,41.86995813,42.01995798,41.86995813,41.999958
2025-07-29T14:25:00Z,41.94995805,41.94995805,41.4999585,41.60995839
2025-07-29T14:30:00Z,41.60995839,41.61995838,41.54995845,41.54995845
2025-07-29T14:35:00Z,41.7999582,41.7999582,41.7999582,41.7999582
2025-07-29T14:40:00Z,41.95995804,41.95995804,41.95995804,41.95995804
2025-07-29T14:45:00Z,41.999958,41.999958,41.999958,41.999958
2025-07-29T14:50:00Z,41.63995836,41.63995836,41.4999585,41.4999585
2025-07-29T15:00:00Z,41.85995814,41.8999581,41.85995814,41.8999581
2025-07-29T15:05:00Z,41.64995835,41.64995835,41.64995835,41.64995835
2025-07-29T15:10:00Z,41.59495841,41.67995832,41.33995866,41.33995866
2025-07-29T15:15:00Z,41.24995875,41.24995875,41.14995885,41.14995885
2025-07-29T15:20:00Z,41.32495868,41.32495868,40.999959,40.999959
2025-07-29T15:25:00Z,40.8999591,41.01995898,40.77995922,40.85995914
2025-07-29T15:30:00Z,40.5999594,40.5999594,40.5999594,40.5999594
2025-07-29T15:35:00Z,40.999959,41.00995899,40.60995939,40.60995939
2025-07-29T15:40:00Z,40.60995939,40.60995939,40.11995988,40.4999595
2025-07-29T15:45:00Z,40.54995945,40.54995945,40.37095963,40.37095963
2025-07-29T15:50:00Z,40.7999592,40.91995908,40.78995921,40.91995908
2025-07-29T15:55:00Z,40.999959,40.999959,40.999959,40.999959
2025-07-29T16:00:00Z,40.7999592,40.7999592,40.67995932,40.67995932
2025-07-29T16:05:00Z,40.4999595,40.4999595,40.4999595,40.4999595
2025-07-29T16:10:00Z,40.41995958,40.41995958,40.2999597,40.2999597
2025-07-29T16:15:00Z,40.22995977,40.31995968,40.22995977,40.25995974
2025-07-29T16:30:00Z,40.34995965,40.34995965,40.34995965,40.34995965
2025-07-29T16:45:00Z,40.63995936,40.63995936,40.63995936,40.63995936
2025-07-29T17:05:00Z,41.04995895,41.04995895,41.04995895,41.04995895
2025-07-29T17:30:00Z,41.40995859,41.40995859,41.24995875,41.24995875
2025-07-29T17:35:00Z,41.04995895,41.04995895,41.04995895,41.04995895
2025-07-29T18:20:00Z,41.00995899,41.00995899,40.93995906,40.93995906
2025-07-29T18:35:00Z,41.1999588,41.1999588,41.1999588,41.1999588
2025-07-29T18:40:00Z,41.44995855,41.44995855,41.44995855,41.44995855
2025-07-29T19:00:00Z,41.02995897,41.02995897,41.02995897,41.02995897
2025-07-29T19:15:00Z,41.04995895,41.04995895,40.96995903,40.96995903
2025-07-29T19:20:00Z,40.97995902,40.97995902,40.83995916,40.83995916
2025-07-29T19:25:00Z,40.84995915,40.84995915,40.74995925,40.74995925
2025-07-29T19:30:00Z,40.65995934,40.65995934,40.5999594,40.5999594
2025-07-29T19:40:00Z,40.5999594,40.5999594,40.5999594,40.5999594
2025-07-29T19:50:00Z,40.62995937,40.62995937,40.5999594,40.5999594
2025-07-29T19:55:00Z,40.56995943,40.56995943,40.45995954,40.45995954
2025-07-30T13:30:00Z,40.7999592,41.0999589,40.4999595,40.66995933
2025-07-30T13:35:00Z,41.17995882,41.4999585,41.17995882,41.3999586
2025-07-30T13:40:00Z,41.30995869,41.4999585,41.2999587,41.41995858
2025-07-30T13:45:00Z,41.33995866,41.4999585,41.33995866,41.43995856
2025-07-30T13:50:00Z,41.31995868,41.31995868,41.2999587,41.2999587
2025-07-30T13:55:00Z,41.23995876,41.27995872,41.17995882,41.27995872
2025-07-30T14:00:00Z,41.27995872,41.35995864,41.22995877,41.35995864
2025-07-30T14:05:00Z,41.24995875,41.55995844,41.24995875,41.55995844
2025-07-30T14:10:00Z,41.37995862,41.37995862,41.22995877,41.27995872
2025-07-30T14:15:00Z,41.28995871,41.28995871,41.17995882,41.18995881
2025-07-30T14:20:00Z,41.20995879,41.20995879,40.95995904,40.95995904
2025-07-30T14:25:00Z,41.1999588,41.1999588,41.1999588,41.1999588
2025-07-30T14:30:00Z,41.28995871,41.28995871,41.01995898,41.01995898
2025-07-30T14:40:00Z,41.2999587,41.2999587,41.2999587,41.2999587
2025-07-30T14:50:00Z,41.18995881,41.20995879,41.18995881,41.20995879
2025-07-30T15:05:00Z,40.7999592,41.00995899,40.7999592,41.00995899
2025-07-30T15:10:00Z,40.7999592,40.7999592,40.4999595,40.4999595
2025-07-30T15:20:00Z,40.77995922,40.77995922,40.77995922,40.77995922
2025-07-30T15:30:00Z,40.54995945,40.54995945,40.54995945,40.54995945
2025-07-30T15:50:00Z,40.80995919,40.80995919,40.80995919,40.80995919
2025-07-30T15:55:00Z,40.88995911,40.90995909,40.88995911,40.90995909
2025-07-30T16:05:00Z,40.91995908,40.91995908,40.91995908,40.91995908
2025-07-30T16:10:00Z,40.63995936,40.63995936,40.4999595,40.4999595
2025-07-30T16:20:00Z,40.64995935,40.93995906,40.62995937,40.93995906
2025-07-30T16:45:00Z,40.97995902,40.97995902,40.97995902,40.97995902
2025-07-30T16:50:00Z,41.0999589,41.0999589,41.0999589,41.0999589
2025-07-30T16:55:00Z,41.1999588,41.1999588,41.1999588,41.1999588
2025-07-30T17:15:00Z,41.14995885,41.14995885,41.14995885,41.14995885
2025-07-30T17:30:00Z,41.1999588,41.1999588,41.1999588,41.1999588
2025-07-30T17:35:00Z,41.34995865,41.34995865,41.34995865,41.34995865
2025-07-30T17:45:00Z,41.44995855,41.44995855,41.44995855,41.44995855
2025-07-30T17:55:00Z,41.48995851,41.4999585,41.46995853,41.4999585
2025-07-30T18:05:00Z,41.32995867,41.32995867,41.1999588,41.1999588
2025-07-30T18:30:00Z,41.5999584,41.5999584,41.5999584,41.5999584
2025-07-30T18:35:00Z,41.65995834,41.68995831,41.61995838,41.61995838
2025-07-30T18:40:00Z,41.24995875,41.37995862,41.24995875,41.37995862
2025-07-30T18:50:00Z,41.22995877,41.22995877,41.08995891,41.08995891
2025-07-30T18:55:00Z,40.74995925,40.74995925,40.27995972,40.27995972
2025-07-30T19:00:00Z,40.1999598,40.3999596,39.99996,40.3999596
2025-07-30T19:10:00Z,40.47995952,40.73995926,40.47995952,40.73995926
2025-07-30T19:20:00Z,40.37995962,40.37995962,40.37995962,40.37995962
2025-07-30T19:30:00Z,40.4999595,40.6999593,40.4999595,40.6999593
2025-07-30T19:35:00Z,40.60995939,40.60995939,40.60995939,40.60995939
2025-07-30T19:40:00Z,40.53995946,40.62995937,40.52995947,40.62995937
2025-07-30T19:50:00Z,40.8999591,41.04995895,40.8999591,41.04995895
2025-07-30T19:55:00Z,41.05995894,41.13995886,41.05995894,41.13995886
2025-07-31T13:30:00Z,44.71995528,46.17995382,44.36995563,44.36995563
2025-07-31T13:35:00Z,44.93995506,45.67995432,44.67995532,45.4999545
2025-07-31T13:40:00Z,45.56995443,46.7999532,45.56995443,46.4999535
2025-07-31T13:45:00Z,46.28995371,46.999953,45.8999541,46.999953
2025-07-31T13:50:00Z,46.8999531,47.54995245,46.8999531,47.40995259
2025-07-31T13:55:00Z,47.56995243,48.2999517,47.35995264,48.2999517
2025-07-31T14:00:00Z,48.48995151,48.4999515,47.3999526,47.46995253
2025-07-31T14:05:00Z,47.32995267,47.999952,47.32995267,47.999952
2025-07-31T14:10:00Z,47.999952,47.999952,47.44995255,47.8999521
2025-07-31T14:15:00Z,47.93995206,47.999952,47.5999524,47.84995215
2025-07-31T14:20:00Z,47.999952,47.999952,47.62995237,47.71995228
2025-07-31T14:25:00Z,47.67995232,47.91995208,47.33995266,47.62995237
2025-07-31T14:30:00Z,47.6999523,47.6999523,47.32995267,47.46995253
2025-07-31T14:35:00Z,47.43995256,47.58995241,46.83995316,47.27995272
2025-07-31T14:40:00Z,47.13995286,47.44995255,47.13995286,47.44995255
2025-07-31T14:45:00Z,47.74995225,47.94995205,47.56995243,47.94995205
2025-07-31T14:50:00Z,47.98995201,48.04995195,47.35995264,47.54995245
2025-07-31T14:55:00Z,47.6999523,47.85995214,47.68995231,47.85995214
2025-07-31T15:00:00Z,47.6999523,47.85995214,47.3999526,47.85995214
2025-07-31T15:05:00Z,47.8999521,48.10995189,47.56995243,47.56995243
2025-07-31T15:10:00Z,47.54995245,47.67495232,47.31995268,47.3999526
2025-07-31T15:15:00Z,47.15995284,47.40995259,47.0999529,47.40995259
2025-07-31T15:20:00Z,47.0999529,47.0999529,46.81995318,46.86995313
2025-07-31T15:25:00Z,46.93995306,47.3999526,46.93995306,47.23995276
2025-07-31T15:30:00Z,47.14995285,47.28995271,47.04995295,47.28995271
2025-07-31T15:35:00Z,47.56995243,47.56995243,47.4999525,47.4999525
2025-07-31T15:40:00Z,47.4999525,47.7999522,47.4999525,47.7999522
2025-07-31T15:45:00Z,47.86995213,47.86995213,47.86995213,47.86995213
2025-07-31T15:50:00Z,47.7999522,48.02995197,47.7999522,48.02995197
2025-07-31T15:55:00Z,48.06995193,48.54995145,48.06995193,48.54995145
2025-07-31T16:00:00Z,48.4999515,48.70995129,48.4999515,48.65995134
2025-07-31T16:05:00Z,48.4999515,48.4999515,48.41995158,48.41995158
2025-07-31T16:10:00Z,48.4999515,48.4999515,48.4999515,48.4999515
2025-07-31T16:15:00Z,48.47995152,48.4999515,48.47995152,48.4999515
2025-07-31T16:25:00Z,47.999952,47.999952,47.93995206,47.93995206
2025-07-31T16:30:00Z,47.94995205,47.94995205,47.94995205,47.94995205
2025-07-31T16:35:00Z,48.00995199,48.00995199,47.74995225,47.74995225
2025-07-31T16:45:00Z,47.54995245,47.54995245,47.4999525,47.4999525
2025-07-31T16:50:00Z,47.58995241,47.58995241,47.58995241,47.58995241
2025-07-31T16:55:00Z,47.54995245,47.54995245,47.54995245,47.54995245
2025-07-31T17:00:00Z,47.3999526,47.48995251,47.3999526,47.3999526
2025-07-31T17:10:00Z,47.48995251,47.48995251,47.22995277,47.22995277
2025-07-31T17:15:00Z,46.999953,46.999953,46.999953,46.999953
2025-07-31T17:20:00Z,46.88995311,46.88995311,46.7999532,46.7999532
2025-07-31T17:25:00Z,46.56995343,46.56995343,46.4999535,46.4999535
2025-07-31T17:30:00Z,46.54995345,46.54995345,46.54995345,46.54995345
2025-07-31T17:35:00Z,47.06995293,47.08995291,46.999953,47.08995291
2025-07-31T17:40:00Z,47.0999529,47.0999529,47.0999529,47.0999529
2025-07-31T17:45:00Z,47.24995275,47.24995275,47.24995275,47.24995275
2025-07-31T17:50:00Z,46.4999535,46.4999535,45.98995401,45.98995401
2025-07-31T17:55:00Z,46.16995383,46.16995383,46.07995392,46.07995392
2025-07-31T18:00:00Z,46.62995337,46.65995334,46.41995358,46.41995358
2025-07-31T18:05:00Z,46.43995356,46.44995355,46.33995366,46.37995362
2025-07-31T18:10:00Z,46.23995376,46.23995376,46.23995376,46.23995376
2025-07-31T18:15:00Z,46.36495364,46.64995335,46.36495364,46.64995335
2025-07-31T18:20:00Z,47.15995284,47.15995284,46.90995309,46.90995309
2025-07-31T18:25:00Z,46.92995307,46.93995306,46.8999531,46.93995306
2025-07-31T18:30:00Z,47.0999529,47.0999529,47.0999529,47.0999529
2025-07-31T19:10:00Z,46.7999532,46.8999531,46.73995326,46.8999531
2025-07-31T19:15:00Z,47.16995283,47.16995283,47.02995297,47.07995292
2025-07-31T19:20:00Z,46.96995303,46.96995303,46.74995325,46.74995325
2025-07-31T19:25:00Z,46.90995309,46.90995309,46.7999532,46.7999532
2025-07-31T19:30:00Z,46.84995315,46.84995315,46.84995315,46.84995315
2025-07-31T19:35:00Z,46.68995331,46.87995312,46.68995331,46.87995312
2025-07-31T19:40:00Z,47.0999529,47.0999529,47.0999529,47.0999529
2025-07-31T19:45:00Z,46.999953,46.999953,46.999953,46.999953
2025-07-31T19:50:00Z,46.97995302,47.06995293,46.97995302,47.06995293
2025-07-31T19:55:00Z,47.10995289,47.2999527,47.10995289,47.26995273
2025-08-01T13:30:00Z,43.90995609,43.999956,43.31995668,43.47995652
2025-08-01T13:35:00Z,43.28995671,43.86995613,42.56995743,43.5999564
2025-08-01T13:40:00Z,43.18995681,43.23495676,42.80995719,42.97995702
2025-08-01T13:45:00Z,42.8999571,42.999957,41.999958,41.999958
2025-08-01T13:50:00Z,41.999958,42.22995777,41.71995828,41.81995818
2025-08-01T13:55:00Z,41.84995815,42.40995759,41.84995815,42.40995759
2025-08-01T14:00:00Z,42.1999578,42.1999578,41.24995875,41.48995851
2025-08-01T14:05:00Z,42.08995791,43.22995677,42.08995791,43.22995677
2025-08-01T14:10:00Z,43.27995672,44.35995564,43.26995673,44.35995564
2025-08-01T14:15:00Z,44.63995536,44.63995536,44.2999557,44.4999555
2025-08-01T14:20:00Z,44.78995521,45.06995493,44.63995536,45.06995493
2025-08-01T14:25:00Z,45.03995496,45.1999548,44.7999552,45.1999548
2025-08-01T14:30:00Z,45.75995424,45.75995424,45.61995438,45.61995438
2025-08-01T14:35:00Z,45.68995431,45.68995431,45.06995493,45.13995486
2025-08-01T14:40:00Z,45.06495493,45.37995462,44.91995508,44.91995508
2025-08-01T14:45:00Z,44.98995501,45.32495468,44.98995501,45.23995476
2025-08-01T14:50:00Z,45.00995499,45.03995496,44.51995548,44.85995514
2025-08-01T14:55:00Z,44.96995503,45.20995479,44.2999557,44.43995556
2025-08-01T15:00:00Z,44.2999557,44.2999557,44.15995584,44.22995577
2025-08-01T15:05:00Z,44.38995561,44.44995555,44.21995578,44.21995578
2025-08-01T15:10:00Z,44.27995572,44.3049557,44.24995575,44.24995575
2025-08-01T15:15:00Z,44.35995564,44.65995534,44.28995571,44.36995563
2025-08-01T15:20:00Z,44.60995539,44.60995539,44.3999556,44.3999556
2025-08-01T15:25:00Z,44.55995544,44.67995532,44.35995564,44.35995564
2025-08-01T15:30:00Z,44.36495564,44.4999555,44.36495564,44.48995551
2025-08-01T15:35:00Z,44.73995526,44.73995526,44.73995526,44.73995526
2025-08-01T15:40:00Z,44.8999551,44.91995508,44.80995519,44.80995519
2025-08-01T15:45:00Z,44.92995507,44.92995507,44.74995525,44.74995525
2025-08-01T15:50:00Z,44.95995504,44.95995504,44.95995504,44.95995504
2025-08-01T15:55:00Z,45.06995493,45.42995457,45.06995493,45.3999546
2025-08-01T16:00:00Z,45.3999546,45.44995455,45.34995465,45.44995455
2025-08-01T16:05:00Z,45.25995474,45.25995474,45.05995494,45.05995494
2025-08-01T16:15:00Z,45.0999549,45.20995479,44.999955,45.20995479
2025-08-01T16:20:00Z,45.42995457,45.44995455,45.42995457,45.44995455
2025-08-01T16:25:00Z,45.48995451,45.60995439,45.45995454,45.45995454
2025-08-01T16:30:00Z,45.50995449,45.50995449,44.999955,45.11995488
2025-08-01T16:35:00Z,45.20995479,45.20995479,44.92995507,44.92995507
2025-08-01T16:40:00Z,45.0999549,45.0999549,44.999955,44.999955
2025-08-01T16:45:00Z,44.81995518,44.93995506,44.4999555,44.4999555
2025-08-01T16:50:00Z,44.5999554,44.5999554,44.3999556,44.3999556
2025-08-01T16:55:00Z,44.1999558,44.23995576,44.1999558,44.23995576
2025-08-01T17:00:00Z,44.14995585,44.17995582,44.14995585,44.15995584
2025-08-01T17:05:00Z,44.31995568,44.31995568,44.25995574,44.25995574
2025-08-01T17:10:00Z,44.43995556,44.43995556,44.33995566,44.33995566
2025-08-01T17:15:00Z,44.26995573,44.26995573,44.26995573,44.26995573
2025-08-01T17:20:00Z,44.24995575,44.24995575,44.24995575,44.24995575
2025-08-01T17:25:00Z,44.10995589,44.10995589,43.8999561,43.8999561
2025-08-01T17:30:00Z,44.27995572,44.54995545,44.08995591,44.1049559
2025-08-01T17:35:00Z,44.21995578,44.21995578,43.94995605,43.94995605
2025-08-01T17:40:00Z,44.15995584,44.15995584,44.15995584,44.15995584
2025-08-01T17:45:00Z,44.36995563,44.36995563,44.02495598,44.02495598
2025-08-01T17:50:00Z,43.999956,43.999956,43.999956,43.999956
2025-08-01T17:55:00Z,43.999956,43.999956,43.999956,43.999956
2025-08-01T18:00:00Z,43.8999561,43.8999561,43.67995632,43.67995632
2025-08-01T18:05:00Z,43.4999565,43.4999565,43.32995667,43.32995667
2025-08-01T18:10:00Z,43.3999566,43.3999566,43.3999566,43.3999566
2025-08-01T18:15:00Z,43.71995628,43.71995628,43.71995628,43.71995628
2025-08-01T18:20:00Z,43.66995633,43.66995633,43.66995633,43.66995633
2025-08-01T18:25:00Z,44.1999558,44.36995563,44.1999558,44.35495565
2025-08-01T18:30:00Z,44.56995543,44.62495538,44.56995543,44.62495538
2025-08-01T18:35:00Z,44.70995529,44.70995529,44.70995529,44.70995529
2025-08-01T18:40:00Z,44.75995524,44.76995523,44.75995524,44.76995523
2025-08-01T18:45:00Z,44.76995523,44.76995523,44.56995543,44.56995543
2025-08-01T18:50:00Z,44.53995546,44.53995546,44.35995564,44.35995564
2025-08-01T19:00:00Z,44.1999558,44.20995579,44.1999558,44.20995579
2025-08-01T19:05:00Z,44.48995551,44.48995551,44.48995551,44.48995551
2025-08-01T19:15:00Z,44.43995556,44.43995556,44.43995556,44.43995556
2025-08-01T19:20:00Z,44.40995559,44.40995559,44.3999556,44.3999556
2025-08-01T19:25:00Z,44.34995565,44.34995565,44.31995568,44.31995568
2025-08-01T19:30:00Z,44.15995584,44.18995581,43.999956,44.18995581
2025-08-01T19:40:00Z,44.31995568,44.31995568,44.31995568,44.31995568
2025-08-01T19:45:00Z,44.52995547,44.78995521,44.47995552,44.78995521
2025-08-01T19:50:00Z,44.6049554,44.64995535,44.57995542,44.57995542
2025-08-01T19:55:00Z,44.50995549,44.50995549,44.33995566,44.48995551
2025-08-04T13:30:00Z,45.07995492,45.07995492,41.86995813,43.999956
2025-08-04T13:35:00Z,43.999956,44.48995551,43.78995621,44.1999558
2025-08-04T13:40:00Z,44.05995594,44.999955,43.86995613,44.999955
2025-08-04T13:45:00Z,45.03995496,45.5999544,45.03995496,45.46995453
2025-08-04T13:50:00Z,45.67995432,46.999953,45.65995434,46.4999535
2025-08-04T13:55:00Z,46.4999535,46.81995318,46.45995354,46.64995335
2025-08-04T14:00:00Z,46.82995317,46.86995313,46.24995375,46.24995375
2025-08-04T14:05:00Z,46.4999535,46.54995345,46.15995384,46.15995384
2025-08-04T14:10:00Z,46.0999539,46.21995378,46.01995398,46.0999539
2025-08-04T14:15:00Z,46.1999538,46.58495341,46.1999538,46.58495341
2025-08-04T14:20:00Z,46.43995356,46.43995356,46.43995356,46.43995356
2025-08-04T14:25:00Z,46.2999537,46.2999537,46.1999538,46.27495372
2025-08-04T14:30:00Z,46.1999538,46.1999538,46.1999538,46.1999538
2025-08-04T14:35:00Z,46.4999535,46.54995345,46.4999535,46.54995345
2025-08-04T14:40:00Z,46.38995361,46.38995361,46.16995383,46.16995383
2025-08-04T14:45:00Z,46.34995365,46.34995365,46.34995365,46.34995365
2025-08-04T14:50:00Z,46.12995387,46.21495379,46.12995387,46.21495379
2025-08-04T14:55:00Z,46.10995389,46.10995389,45.83995416,45.94995405
2025-08-04T15:00:00Z,45.95995404,46.08995391,45.95995404,46.08995391
2025-08-04T15:05:00Z,45.7999542,46.00995399,45.72995427,46.00995399
2025-08-04T15:10:00Z,45.96995403,45.96995403,45.96995403,45.96995403
2025-08-04T15:15:00Z,45.70995429,45.70995429,45.4999545,45.64995435
2025-08-04T15:20:00Z,45.83995416,45.83995416,45.83995416,45.83995416
2025-08-04T15:25:00Z,46.02995397,46.02995397,45.94995405,45.94995405
2025-08-04T15:30:00Z,46.28995371,46.3999536,46.24995375,46.24995375
2025-08-04T15:35:00Z,45.999954,46.01995398,45.95995404,45.95995404
2025-08-04T15:40:00Z,46.0999539,46.2999537,46.0999539,46.2999537
2025-08-04T15:45:00Z,46.23495376,46.4999535,46.08995391,46.4999535
2025-08-04T15:50:00Z,46.60995339,46.60995339,46.41995358,46.45995354
2025-08-04T15:55:00Z,46.5999534,46.5999534,46.5999534,46.5999534
2025-08-04T16:00:00Z,46.66995333,46.7999532,46.66995333,46.7999532
2025-08-04T16:05:00Z,46.68995331,46.8999531,46.68995331,46.8999531
2025-08-04T16:10:00Z,46.999953,46.999953,46.74995325,46.74995325
2025-08-04T16:15:00Z,46.81995318,46.92995307,46.81995318,46.88995311
2025-08-04T16:20:00Z,46.87995312,46.87995312,46.7999532,46.7999532
2025-08-04T16:25:00Z,46.88495312,47.1999528,46.88495312,47.1999528
2025-08-04T16:30:00Z,47.27995272,47.3999526,47.27995272,47.36995263
2025-08-04T16:35:00Z,47.3999526,47.44995255,47.24995275,47.24995275
2025-08-04T16:45:00Z,47.0999529,47.20995279,47.0999529,47.11995288
2025-08-04T16:50:00Z,47.06995293,47.06995293,47.05995294,47.05995294
2025-08-04T17:00:00Z,47.03995296,47.03995296,46.94995305,46.94995305
2025-08-04T17:05:00Z,46.7999532,46.80995319,46.7999532,46.80995319
2025-08-04T17:15:00Z,47.08995291,47.17995282,47.08995291,47.17995282
2025-08-04T17:20:00Z,47.01995298,47.32995267,47.01995298,47.32995267
2025-08-04T17:25:00Z,47.48995251,47.4999525,47.45995254,47.45995254
2025-08-04T17:30:00Z,47.54995245,47.5999524,47.4999525,47.4999525
2025-08-04T17:35:00Z,47.4999525,47.4999525,47.4999525,47.4999525
2025-08-04T17:40:00Z,47.45495255,47.5999524,47.45495255,47.5999524
2025-08-04T17:45:00Z,47.63995236,47.63995236,47.45995254,47.45995254
2025-08-04T17:55:00Z,47.21995278,47.21995278,47.21995278,47.21995278
2025-08-04T18:00:00Z,47.42995257,47.42995257,47.42995257,47.42995257
2025-08-04T18:20:00Z,47.4999525,47.4999525,47.20995279,47.20995279
2025-08-04T18:40:00Z,47.26495274,47.26495274,47.26495274,47.26495274
2025-08-04T18:50:00Z,47.3999526,47.4999525,47.31995268,47.31995268
2025-08-04T18:55:00Z,47.56995243,47.56995243,47.52995247,47.52995247
2025-08-04T19:00:00Z,47.58995241,47.64995235,47.4999525,47.4999525
2025-08-04T19:05:00Z,47.60995239,47.60995239,47.60995239,47.60995239
2025-08-04T19:15:00Z,47.6999523,47.74995225,47.6999523,47.74995225
2025-08-04T19:25:00Z,47.67995232,47.67995232,47.67995232,47.67995232
2025-08-04T19:30:00Z,47.60995239,47.68995231,47.60995239,47.68995231
2025-08-04T19:35:00Z,47.6999523,47.96995203,47.6999523,47.96995203
2025-08-04T19:40:00Z,47.94995205,48.07995192,47.91495209,47.91495209
2025-08-04T19:50:00Z,48.0999519,48.0999519,48.0999519,48.0999519
2025-08-04T19:55:00Z,48.05495195,48.06995193,47.8999521,48.06995193
2025-08-05T13:30:00Z,48.4999515,48.4999515,46.31995368,47.0999529
2025-08-05T13:35:00Z,47.48995251,48.26995173,47.0999529,48.20995179
2025-08-05T13:40:00Z,48.04995195,48.23995176,47.6999523,48.12995187
2025-08-05T13:45:00Z,47.999952,48.4999515,47.999952,48.4999515
2025-08-05T13:50:00Z,48.54995145,49.07995092,48.54995145,48.95995104
2025-08-05T13:55:00Z,48.63995136,49.13995086,48.63995136,49.08995091
2025-08-05T14:00:00Z,48.71995128,49.00995099,48.6999513,48.80995119
2025-08-05T14:05:00Z,48.68995131,49.0999509,48.51995148,48.999951
2025-08-05T14:10:00Z,49.18995081,49.18995081,48.32995167,48.4999515
2025-08-05T14:15:00Z,48.83995116,48.83995116,47.999952,47.999952
2025-08-05T14:20:00Z,48.0999519,48.0999519,47.6999523,47.82995217
2025-08-05T14:25:00Z,47.6999523,47.6999523,47.4999525,47.54995245
2025-08-05T14:30:00Z,47.41995258,47.41995258,46.93995306,46.93995306
2025-08-05T14:35:00Z,46.95995304,47.04995295,46.7999532,46.999953
2025-08-05T14:40:00Z,47.10995289,47.10995289,46.19095381,46.19095381
2025-08-05T14:45:00Z,46.01995398,46.07995392,45.5999544,45.5999544
2025-08-05T14:50:00Z,45.7999542,46.35995364,45.7999542,46.25995374
2025-08-05T14:55:00Z,46.1999538,46.38995361,46.1999538,46.38995361
2025-08-05T15:00:00Z,46.38995361,46.67995332,46.36995363,46.67995332
2025-08-05T15:05:00Z,46.86995313,46.87995312,46.54995345,46.54995345
2025-08-05T15:10:00Z,46.4999535,46.70995329,46.24995375,46.63995336
2025-08-05T15:15:00Z,46.6999533,46.6999533,46.34995365,46.48995351
2025-08-05T15:20:00Z,46.38995361,46.46995353,45.97995402,45.98995401
2025-08-05T15:25:00Z,46.14995385,46.14995385,45.999954,45.999954
2025-08-05T15:30:00Z,45.96995403,46.34995365,45.96995403,46.24995375
2025-08-05T15:35:00Z,46.15995384,46.15995384,45.66995433,45.66995433
2025-08-05T15:40:00Z,45.5999544,45.5999544,45.31995468,45.56995443
2025-08-05T15:45:00Z,45.5999544,45.5999544,45.3999546,45.3999546
2025-08-05T15:50:00Z,45.2999547,45.3999546,45.27995472,45.3999546
2025-08-05T15:55:00Z,45.51995448,45.51995448,45.34995465,45.34995465
2025-08-05T16:00:00Z,45.55995444,45.75995424,45.55995444,45.60995439
2025-08-05T16:05:00Z,45.76995423,45.76995423,45.6999543,45.6999543
2025-08-05T16:10:00Z,45.54995445,45.54995445,45.4999545,45.4999545
2025-08-05T16:15:00Z,45.64995435,45.64995435,45.36995463,45.53995446
2025-08-05T16:20:00Z,45.7999542,45.7999542,45.70995429,45.70995429
2025-08-05T16:25:00Z,45.64995435,45.64995435,45.4999545,45.4999545
2025-08-05T16:30:00Z,45.54995445,45.7999542,45.54995445,45.64995435
2025-08-05T16:35:00Z,45.70995429,45.70995429,45.3999546,45.3999546
2025-08-05T16:40:00Z,45.45995454,45.45995454,44.999955,44.999955
2025-08-05T16:45:00Z,44.91995508,44.91995508,44.7999552,44.87995512
2025-08-05T16:50:00Z,45.13995486,45.35495465,45.13995486,45.32995467
2025-08-05T16:55:00Z,45.30995469,45.40995459,45.17995482,45.17995482
2025-08-05T17:00:00Z,45.0999549,45.10995489,44.86995513,44.86995513
2025-08-05T17:05:00Z,44.98995501,44.98995501,44.72995527,44.72995527
2025-08-05T17:10:00Z,44.77995522,44.81995518,44.5999554,44.5999554
2025-08-05T17:15:00Z,44.4999555,44.68995531,44.42995557,44.51995548
2025-08-05T17:20:00Z,44.5999554,44.87995512,44.5999554,44.87995512
2025-08-05T17:25:00Z,44.90995509,45.02995497,44.90995509,45.02995497
2025-08-05T17:30:00Z,44.92995507,45.04995495,44.92995507,45.04995495
2025-08-05T17:35:00Z,45.08995491,45.14995485,45.01995498,45.01995498
2025-08-05T17:40:00Z,44.94995505,44.94995505,44.87995512,44.87995512
2025-08-05T17:50:00Z,45.67995432,45.70995429,45.57995442,45.70995429
2025-08-05T17:55:00Z,45.61995438,45.6999543,45.4999545,45.4999545
2025-08-05T18:05:00Z,45.47995452,45.48995451,45.47995452,45.48995451
2025-08-05T18:10:00Z,45.4999545,45.4999545,45.4999545,45.4999545
2025-08-05T18:15:00Z,45.17995482,45.17995482,45.17995482,45.17995482
2025-08-05T18:20:00Z,45.01995498,45.0999549,44.7999552,44.7999552
2025-08-05T18:25:00Z,44.7999552,44.84995515,44.47995552,44.47995552
2025-08-05T18:30:00Z,44.3999556,44.4999555,44.14995585,44.35995564
2025-08-05T18:35:00Z,44.24995575,44.25995574,44.24995575,44.25995574
2025-08-05T18:40:00Z,44.26995573,44.28995571,44.14995585,44.14995585
2025-08-05T18:45:00Z,44.53995546,44.53995546,43.999956,43.999956
2025-08-05T18:50:00Z,44.14495586,44.14495586,43.70995629,43.84995615
2025-08-05T18:55:00Z,43.73995626,43.74995625,43.73995626,43.74995625
2025-08-05T19:00:00Z,44.07995592,44.22495578,44.07995592,44.07995592
2025-08-05T19:05:00Z,44.1999558,44.43995556,44.1999558,44.43995556
2025-08-05T19:10:00Z,44.44995555,44.44995555,44.24995575,44.43995556
2025-08-05T19:15:00Z,44.71995528,44.71995528,44.26995573,44.46995553
2025-08-05T19:20:00Z,44.42495557,44.6999553,44.41995558,44.6999553
2025-08-05T19:25:00Z,44.67995532,44.7999552,44.67995532,44.73995526
2025-08-05T19:30:00Z,44.74995525,44.74995525,44.5999554,44.5999554
2025-08-05T19:35:00Z,44.4999555,44.50995549,44.44995555,44.50995549
2025-08-05T19:40:00Z,44.3999556,44.3999556,44.31995568,44.34995565
2025-08-05T19:45:00Z,44.34995565,44.36995563,44.2999557,44.2999557
2025-08-05T19:50:00Z,44.17995582,44.2999557,43.999956,43.999956
2025-08-05T19:55:00Z,43.999956,44.26995573,43.91995608,44.26995573
2025-08-06T13:30:00Z,45.54995445,46.2999537,45.44995455,45.999954
2025-08-06T13:35:00Z,45.5999544,45.76995423,45.17995482,45.42995457
2025-08-06T13:40:00Z,45.04995495,45.8999541,44.999955,45.78995421
2025-08-06T13:45:00Z,45.98995401,46.4999535,45.78995421,46.47995352
2025-08-06T13:50:00Z,46.58995341,46.75995324,46.15995384,46.64995335
2025-08-06T13:55:00Z,46.70995329,46.81995318,46.34995365,46.74995325
2025-08-06T14:00:00Z,46.7999532,46.999953,46.71495329,46.7999532
2025-08-06T14:05:00Z,46.85995314,47.20995279,46.55995344,46.55995344
2025-08-06T14:10:00Z,46.68995331,46.74995325,46.0999539,46.0999539
2025-08-06T14:15:00Z,46.01995398,46.01995398,45.4999545,45.5999544
2025-08-06T14:20:00Z,45.48995451,45.48995451,44.61995538,44.61995538
2025-08-06T14:25:00Z,44.5999554,44.75995524,44.1999558,44.52995547
2025-08-06T14:30:00Z,44.32995567,44.54995545,44.14995585,44.14995585
2025-08-06T14:35:00Z,44.14995585,44.75995524,44.14995585,44.75995524
2025-08-06T14:40:00Z,44.75995524,44.77995522,44.3999556,44.71995528
2025-08-06T14:45:00Z,44.52995547,44.52995547,44.07995592,44.31995568
2025-08-06T14:50:00Z,44.22995577,44.37995562,43.97995602,44.37995562
2025-08-06T14:55:00Z,44.60995539,45.05995494,44.57995542,45.00995499
2025-08-06T15:00:00Z,45.12995487,45.24995475,45.07995492,45.1999548
2025-08-06T15:05:00Z,45.18995481,45.3999546,45.10995489,45.3999546
2025-08-06T15:10:00Z,45.35995464,45.40995459,45.16995483,45.38995461
2025-08-06T15:15:00Z,45.32995467,45.40995459,45.32995467,45.34995465
2025-08-06T15:20:00Z,45.11995488,45.32995467,45.11995488,45.26995473
2025-08-06T15:25:00Z,45.28995471,45.31995468,44.7999552,44.7999552
2025-08-06T15:30:00Z,44.999955,44.999955,44.94995505,44.96995503
2025-08-06T15:35:00Z,44.999955,44.999955,44.61995538,44.78995521
2025-08-06T15:40:00Z,44.64995535,44.999955,44.63995536,44.7999552
2025-08-06T15:45:00Z,44.78995521,44.94995505,44.77995522,44.94995505
2025-08-06T15:50:00Z,45.00995499,45.03995496,44.90995509,44.91995508
2025-08-06T15:55:00Z,44.74995525,44.76995523,44.64995535,44.66995533
2025-08-06T16:00:00Z,44.58995541,44.68995531,44.4999555,44.68995531
2025-08-06T16:05:00Z,45.13995486,45.25995474,45.06995493,45.18995481
2025-08-06T16:10:00Z,45.11995488,45.3999546,45.0999549,45.1999548
2025-08-06T16:15:00Z,45.0949549,45.30995469,45.07995492,45.30995469
2025-08-06T16:20:00Z,45.47995452,45.67995432,45.47995452,45.56995443
2025-08-06T16:25:00Z,45.55995444,45.55995444,45.36995463,45.42995457
2025-08-06T16:30:00Z,45.45995454,45.4999545,44.999955,44.999955
2025-08-06T16:35:00Z,45.32995467,45.32995467,44.8999551,44.92995507
2025-08-06T16:40:00Z,45.28995471,45.40995459,45.14995485,45.18995481
2025-08-06T16:45:00Z,45.22995477,45.38995461,45.21995478,45.21995478
2025-08-06T16:50:00Z,45.31995468,45.36995463,45.14995485,45.14995485
2025-08-06T16:55:00Z,45.15995484,45.20995479,45.08995491,45.20995479
2025-08-06T17:00:00Z,45.32995467,45.34995465,45.01995498,45.03995496
2025-08-06T17:05:00Z,45.07995492,45.14995485,45.07995492,45.14995485
2025-08-06T17:10:00Z,45.14995485,45.36995463,45.14995485,45.1999548
2025-08-06T17:15:00Z,45.20995479,45.2999547,45.20995479,45.2999547
2025-08-06T17:20:00Z,45.2999547,45.33995466,45.2999547,45.33995466
2025-08-06T17:25:00Z,45.43995456,45.44995455,45.42995457,45.43995456
2025-08-06T17:30:00Z,45.44995455,45.74995425,45.44995455,45.74995425
2025-08-06T17:35:00Z,45.75995424,45.76995423,45.62995437,45.62995437
2025-08-06T17:40:00Z,45.65495435,45.68995431,45.4999545,45.56995443
2025-08-06T17:45:00Z,45.4999545,45.53995446,45.17995482,45.17995482
2025-08-06T17:50:00Z,45.16995483,45.23995476,45.16995483,45.1999548
2025-08-06T17:55:00Z,45.32995467,45.44995455,45.32995467,45.3999546
2025-08-06T18:00:00Z,45.4999545,45.50995449,45.44995455,45.44995455
2025-08-06T18:05:00Z,45.4999545,45.63995436,45.4999545,45.63995436
2025-08-06T18:10:00Z,45.74995425,45.74995425,45.66995433,45.6999543
2025-08-06T18:15:00Z,45.74995425,45.81995418,45.74995425,45.7999542
2025-08-06T18:20:00Z,45.82995417,45.999954,45.82995417,45.999954
2025-08-06T18:25:00Z,46.05995394,46.12995387,45.97995402,45.97995402
2025-08-06T18:30:00Z,46.13995386,46.20995379,46.04495396,46.12995387
2025-08-06T18:35:00Z,46.13995386,46.38995361,46.13995386,46.17995382
2025-08-06T18:40:00Z,46.30995369,46.40995359,46.24995375,46.40995359
2025-08-06T18:45:00Z,46.46995353,46.63995336,46.46995353,46.52995347
2025-08-06T18:50:00Z,46.44995355,46.44995355,46.34995365,46.34995365
2025-08-06T18:55:00Z,46.40995359,46.64995335,46.40995359,46.51995348
2025-08-06T19:00:00Z,46.77995322,46.92995307,46.77995322,46.88995311
2025-08-06T19:05:00Z,46.7999532,46.80995319,46.67995332,46.67995332
2025-08-06T19:10:00Z,46.76995323,46.7999532,46.71995328,46.71995328
2025-08-06T19:15:00Z,46.71995328,46.80995319,46.67995332,46.80995319
2025-08-06T19:20:00Z,46.999953,47.3999526,46.999953,47.2999527
2025-08-06T19:25:00Z,47.27995272,47.27995272,46.4999535,46.74495325
2025-08-06T19:30:00Z,46.64995335,47.01995298,46.54995345,47.01995298
2025-08-06T19:35:00Z,47.01495299,47.01495299,46.7999532,46.87995312
2025-08-06T19:40:00Z,46.86995313,46.999953,46.27995372,46.27995372
2025-08-06T19:45:00Z,46.52995347,46.7999532,46.52995347,46.61995338
2025-08-06T19:50:00Z,46.50995349,46.6999533,45.999954,46.6999533
2025-08-06T19:55:00Z,46.54995345,46.98995301,46.37995362,46.96995303
2025-08-07T13:30:00Z,47.97995202,50.8999491,46.22995377,46.3999536
2025-08-07T13:35:00Z,46.28995371,47.999952,45.85995414,47.34995265
2025-08-07T13:40:00Z,47.58995241,48.56995143,47.01995298,48.45995154
2025-08-07T13:45:00Z,48.35995164,50.83994916,48.35995164,50.83994916
2025-08-07T13:50:00Z,50.85994914,54.4999455,50.85994914,54.28994571
2025-08-07T13:55:00Z,54.08994591,55.6999443,53.58994641,55.33994466
2025-08-07T14:00:00Z,55.4999445,56.999943,55.16994483,56.60994339
2025-08-07T14:05:00Z,56.75994324,57.92994207,56.22994377,57.71994228
2025-08-07T14:10:00Z,57.70994229,59.90994009,57.27994272,59.90994009
2025-08-07T14:15:00Z,59.97994002,61.63993836,59.97994002,60.25993974
2025-08-07T14:20:00Z,60.21993978,60.21993978,58.1999418,58.1999418
2025-08-07T14:25:00Z,58.08994191,58.37994162,57.44994255,57.8999421
2025-08-07T14:30:00Z,58.1999418,58.26994173,56.4999435,57.85994214
2025-08-07T14:35:00Z,58.03994196,58.03994196,56.2999437,56.33994366
2025-08-07T14:40:00Z,56.12994387,57.34994265,56.10994389,57.1999428
2025-08-07T14:45:00Z,57.05994294,59.13994086,57.04994295,59.13994086
2025-08-07T14:50:00Z,59.43994056,59.4999405,58.04994195,58.98994101
2025-08-07T14:55:00Z,58.98994101,59.33994066,58.30994169,59.32994067
2025-08-07T15:00:00Z,59.42994057,60.10493989,58.70994129,58.82994117
2025-08-07T15:05:00Z,58.74994125,59.33994066,58.70994129,58.96994103
2025-08-07T15:10:00Z,58.72994127,59.10994089,58.48994151,59.10994089
2025-08-07T15:15:00Z,59.11994088,59.25994074,58.70994129,59.25994074
2025-08-07T15:20:00Z,58.48994151,59.90994009,58.48994151,59.90994009
2025-08-07T15:25:00Z,59.91994008,59.91994008,58.71994128,59.3999406
2025-08-07T15:30:00Z,59.46994053,59.58994041,58.81994118,58.94994105
2025-08-07T15:35:00Z,59.3999406,60.38993961,59.3999406,60.34493966
2025-08-07T15:40:00Z,60.22993977,60.34993965,59.5999404,59.76994023
2025-08-07T15:45:00Z,59.57994042,59.57994042,58.999941,58.999941
2025-08-07T15:50:00Z,59.16994083,59.37994062,58.62994137,58.78994121
2025-08-07T15:55:00Z,58.62994137,58.84994115,57.54994245,57.54994245
2025-08-07T16:00:00Z,57.6999423,57.97994202,57.51994248,57.86994213
2025-08-07T16:05:00Z,57.78994221,58.52994147,57.5999424,58.52994147
2025-08-07T16:10:00Z,58.48994151,58.58994141,57.76994223,58.58994141
2025-08-07T16:15:00Z,58.63994136,58.63994136,57.64994235,57.64994235
2025-08-07T16:20:00Z,57.51994248,57.72994227,57.2999427,57.72994227
2025-08-07T16:25:00Z,57.45494255,57.45994254,56.2999437,56.33994366
2025-08-07T16:30:00Z,56.13994386,56.74994325,55.63994436,56.07994392
2025-08-07T16:35:00Z,56.0999439,56.26994373,55.3999446,55.66994433
2025-08-07T16:40:00Z,55.44994455,55.66994433,55.1999448,55.54994445
2025-08-07T16:45:00Z,55.6049444,56.02994397,55.58994441,55.92494407
2025-08-07T16:50:00Z,56.08994391,57.33994266,56.04994395,57.33994266
2025-08-07T16:55:00Z,57.63994236,57.98994201,57.5999424,57.98994201
2025-08-07T17:00:00Z,58.44994155,58.51994148,57.87994212,57.999942
2025-08-07T17:05:00Z,57.98494201,58.5999414,57.60994239,58.45994154
2025-08-07T17:10:00Z,58.43994156,58.52994147,58.25994174,58.25994174
2025-08-07T17:15:00Z,58.41994158,58.64994135,57.999942,57.999942
2025-08-07T17:20:00Z,57.95994204,58.13994186,57.45994254,57.58994241
2025-08-07T17:25:00Z,57.5999424,57.65994234,57.20994279,57.20994279
2025-08-07T17:30:00Z,57.13994286,57.16994283,56.72994327,56.86494314
2025-08-07T17:35:00Z,56.58994341,57.02994297,56.46994353,56.88994311
2025-08-07T17:40:00Z,56.88994311,57.17994282,56.88994311,57.17994282
2025-08-07T17:45:00Z,57.54994245,57.54994245,57.20994279,57.20994279
2025-08-07T17:50:00Z,57.41994258,57.51994248,57.41994258,57.46994253
2025-08-07T17:55:00Z,57.4999425,57.72994227,57.47994252,57.47994252
2025-08-07T18:00:00Z,57.58994241,57.72994227,57.44994255,57.44994255
2025-08-07T18:05:00Z,57.45994254,57.54494246,56.35994364,56.35994364
2025-08-07T18:10:00Z,56.22994377,56.32994367,55.999944,55.999944
2025-08-07T18:15:00Z,55.999944,56.14994385,55.999944,55.999944
2025-08-07T18:20:00Z,56.0999439,56.0999439,55.77994422,55.8999441
2025-08-07T18:25:00Z,55.91994408,56.55994344,55.91994408,56.47994352
2025-08-07T18:30:00Z,56.46494354,56.85994314,56.46494354,56.85994314
2025-08-07T18:35:00Z,56.74994325,56.74994325,56.65994334,56.65994334
2025-08-07T18:40:00Z,56.86994313,56.86994313,56.47994352,56.47994352
2025-08-07T18:45:00Z,56.41994358,56.95994304,56.31994368,56.84994315
2025-08-07T18:50:00Z,56.81994318,57.27994272,56.81994318,57.27994272
2025-08-07T18:55:00Z,57.13994286,57.2999427,56.84494315,56.96994303
2025-08-07T19:00:00Z,56.999943,57.2999427,56.98494301,57.2999427
2025-08-07T19:05:00Z,57.28494271,57.28494271,57.22994277,57.22994277
2025-08-07T19:10:00Z,57.22994277,57.22994277,57.20994279,57.20994279
2025-08-07T19:15:00Z,57.00994299,57.5999424,57.00994299,57.5999424
2025-08-07T19:20:00Z,57.53994246,57.53994246,57.28994271,57.45994254
2025-08-07T19:25:00Z,57.42994257,57.4999425,57.18994281,57.4999425
2025-08-07T19:30:00Z,57.36994263,57.81994218,57.35994264,57.75994224
2025-08-07T19:35:00Z,57.73994226,58.00994199,57.73994226,57.83994216
2025-08-07T19:40:00Z,57.73994226,57.84994215,57.71994228,57.81994218
2025-08-07T19:45:00Z,57.999942,58.27994172,57.999942,58.1999418
2025-08-07T19:50:00Z,58.24994175,58.41994158,58.1999418,58.21994178
2025-08-07T19:55:00Z,58.3049417,58.3049417,57.67994232,57.7999422
2025-08-08T13:30:00Z,60.999939,63.3999366,60.55993944,62.84993715
2025-08-08T13:35:00Z,62.90993709,62.90993709,60.999939,62.3999376
2025-08-08T13:40:00Z,62.44993755,64.61993538,62.21993778,64.41993558
2025-08-08T13:45:00Z,64.33993566,64.63993536,63.5999364,64.23993576
2025-08-08T13:50:00Z,63.999936,64.25993574,62.38993761,62.84993715
2025-08-08T13:55:00Z,63.60993639,64.1999358,62.65993734,62.65993734
2025-08-08T14:00:00Z,62.60993739,62.60993739,61.3999386,61.91993808
2025-08-08T14:05:00Z,62.14993785,63.00993699,61.87993812,63.00993699
2025-08-08T14:10:00Z,63.1999368,63.999936,62.94993705,63.53993646
2025-08-08T14:15:00Z,63.68993631,64.4999355,63.42993657,64.20993579
2025-08-08T14:20:00Z,63.8999361,64.81993518,63.43993656,64.6999353
2025-08-08T14:25:00Z,64.66993533,64.77993522,63.37993662,63.46993653
2025-08-08T14:30:00Z,63.00993699,63.53993646,62.999937,63.34993665
2025-08-08T14:35:00Z,63.13993686,63.28993671,62.62993737,63.01993698
2025-08-08T14:40:00Z,62.999937,63.62993637,62.6999373,63.47993652
2025-08-08T14:45:00Z,63.52993647,64.15993584,63.46993653,63.62993637
2025-08-08T14:50:00Z,63.36993663,63.36993663,62.74993725,62.91993708
2025-08-08T14:55:00Z,62.78993721,62.78993721,61.98993801,62.01993798
2025-08-08T15:00:00Z,62.01993798,62.4999375,61.82993817,62.4999375
2025-08-08T15:05:00Z,62.53993746,62.93993706,62.22993777,62.56993743
2025-08-08T15:10:00Z,62.25993774,62.25993774,61.4999385,62.16993783
2025-08-08T15:15:00Z,62.5999374,62.999937,62.52993747,62.84993715
2025-08-08T15:20:00Z,62.8999371,63.13993686,62.82493718,63.0999369
2025-08-08T15:25:00Z,63.24993675,63.24993675,62.7999372,62.7999372
2025-08-08T15:30:00Z,62.67993732,62.76993723,62.47993752,62.47993752
2025-08-08T15:35:00Z,62.71993728,62.73993726,62.11993788,62.11993788
2025-08-08T15:40:00Z,62.14993785,62.74993725,62.14993785,62.50993749
2025-08-08T15:45:00Z,62.65993734,63.2999367,62.65993734,63.2999367
2025-08-08T15:50:00Z,63.44993655,63.83993616,63.44993655,63.46993653
2025-08-08T15:55:00Z,63.56993643,63.7999362,63.52993647,63.54993645
2025-08-08T16:00:00Z,63.38993661,63.65993634,63.38993661,63.61993638
2025-08-08T16:05:00Z,63.74993625,63.77993622,63.53993646,63.77993622
2025-08-08T16:10:00Z,63.7049363,63.94993605,63.52993647,63.82993617
2025-08-08T16:15:00Z,63.67993632,63.67993632,63.28993671,63.38993661
2025-08-08T16:20:00Z,63.37993662,63.38993661,62.999937,62.999937
2025-08-08T16:25:00Z,63.00993699,63.26993673,62.76993723,62.78993721
2025-08-08T16:30:00Z,62.88993711,62.999937,62.63993736,62.66993733
2025-08-08T16:35:00Z,62.86993713,63.18993681,62.86993713,62.87993712
2025-08-08T16:40:00Z,62.6999373,63.05493694,62.6999373,63.05493694
2025-08-08T16:45:00Z,62.97993702,63.28993671,62.70993729,62.96993703
2025-08-08T16:50:00Z,62.88993711,62.88993711,62.16993783,62.24993775
2025-08-08T16:55:00Z,62.32993767,62.34993765,61.999938,62.07993792
2025-08-08T17:00:00Z,62.07993792,62.13993786,61.7999382,62.13993786
2025-08-08T17:05:00Z,61.74993825,62.2999377,61.62993837,62.16993783
2025-08-08T17:10:00Z,62.35993764,62.56993743,61.93993806,62.14993785
2025-08-08T17:15:00Z,62.05993794,62.25993774,61.999938,62.05993794
2025-08-08T17:20:00Z,61.86993813,62.17993782,61.70993829,62.17993782
2025-08-08T17:25:00Z,62.32993767,62.56493744,62.2999377,62.54993745
2025-08-08T17:30:00Z,62.6999373,63.15993684,62.6999373,63.04993695
2025-08-08T17:35:00Z,63.1999368,63.1999368,63.01993698,63.15993684
2025-08-08T17:40:00Z,63.51993648,63.51993648,63.47993652,63.51993648
2025-08-08T17:45:00Z,63.55993644,63.56993643,63.10993689,63.10993689
2025-08-08T17:50:00Z,63.04993695,63.04993695,63.04993695,63.04993695
2025-08-08T17:55:00Z,62.999937,63.01993698,62.999937,63.01993698
2025-08-08T18:00:00Z,62.55993744,62.77993722,62.53993746,62.77993722
2025-08-08T18:05:00Z,63.12993687,63.61993638,63.12993687,63.51993648
2025-08-08T18:10:00Z,63.70993629,64.15993584,63.70993629,64.06993593
2025-08-08T18:15:00Z,64.1999358,64.4999355,64.18993581,64.34993565
2025-08-08T18:20:00Z,64.51993548,65.02993497,64.51993548,64.84993515
2025-08-08T18:25:00Z,64.51993548,64.57993542,64.41993558,64.52993547
2025-08-08T18:30:00Z,64.41993558,64.41993558,63.999936,63.999936
2025-08-08T18:35:00Z,64.23993576,64.23993576,63.54993645,63.66993633
2025-08-08T18:40:00Z,63.67493632,63.80993619,63.64993635,63.80993619
2025-08-08T18:45:00Z,63.40993659,63.41993658,63.34993665,63.34993665
2025-08-08T18:50:00Z,63.21993678,63.30993669,63.21993678,63.30993669
2025-08-08T18:55:00Z,63.3999366,63.56993643,63.23993676,63.23993676
2025-08-08T19:00:00Z,63.20993679,63.33993666,62.91993708,63.33993666
2025-08-08T19:05:00Z,63.34993665,63.34993665,63.26993673,63.26993673
2025-08-08T19:10:00Z,63.26993673,63.2999367,63.15993684,63.15993684
2025-08-08T19:15:00Z,63.10993689,63.10993689,62.91993708,62.93993706
2025-08-08T19:25:00Z,62.94993705,62.94993705,62.94993705,62.94993705
2025-08-08T19:30:00Z,62.62993737,63.4999365,62.5999374,63.4999365
2025-08-08T19:35:00Z,63.46993653,63.47993652,63.07993692,63.07993692
2025-08-08T19:40:00Z,63.18993681,63.57993642,63.18993681,63.57993642
2025-08-08T19:45:00Z,63.6999363,63.71993628,63.63993636,63.63993636
2025-08-08T19:50:00Z,63.24993675,63.33993666,62.90993709,62.90993709
2025-08-08T19:55:00Z,62.4999375,62.81993718,62.17493782,62.61993738
2025-08-11T13:30:00Z,62.4999375,63.28993671,61.27993872,62.22993777
2025-08-11T13:35:00Z,61.7999382,63.35493664,61.67993832,62.7999372
2025-08-11T13:40:00Z,63.26993673,63.7999362,63.26993673,63.75993624
2025-08-11T13:45:00Z,63.8999361,64.2999357,62.86993713,62.8999371
2025-08-11T13:50:00Z,63.61993638,63.61993638,62.20993779,62.20993779
2025-08-11T13:55:00Z,62.20993779,63.24993675,62.10993789,63.24993675
2025-08-11T14:00:00Z,63.36993663,63.4999365,62.6999373,62.6999373
2025-08-11T14:05:00Z,63.25993674,63.999936,63.25993674,63.999936
2025-08-11T14:10:00Z,63.87993612,64.78993521,63.87993612,64.73993526
2025-08-11T14:15:00Z,64.999935,65.32993467,64.999935,65.32993467
2025-08-11T14:20:00Z,65.4999345,66.35993364,65.32993467,65.999934
2025-08-11T14:25:00Z,66.12993387,66.4999335,65.50993449,66.42993357
2025-08-11T14:30:00Z,66.50993349,66.5999334,66.10993389,66.10993389
2025-08-11T14:35:00Z,65.70993429,65.70993429,64.999935,64.999935
2025-08-11T14:40:00Z,65.1999348,65.65993434,64.999935,65.65993434
2025-08-11T14:45:00Z,65.73993426,65.74993425,65.10993489,65.10993489
2025-08-11T14:50:00Z,65.3999346,65.40993459,64.95993504,64.95993504
2025-08-11T14:55:00Z,64.6999353,64.84993515,64.63993536,64.64993535
2025-08-11T15:00:00Z,64.42993557,64.68993531,64.42993557,64.68993531
2025-08-11T15:05:00Z,64.22993577,64.7999352,64.22993577,64.35993564
2025-08-11T15:10:00Z,64.34993565,64.7999352,64.34993565,64.7999352
2025-08-11T15:20:00Z,65.17993482,65.7999342,65.17993482,65.63993436
2025-08-11T15:25:00Z,65.87993412,65.87993412,65.87993412,65.87993412
2025-08-11T15:30:00Z,65.2999347,65.2999347,65.02993497,65.02993497
2025-08-11T15:35:00Z,65.14993485,65.3999346,64.83993516,64.83993516
2025-08-11T15:40:00Z,64.4999355,64.6999353,64.41993558,64.6999353
2025-08-11T15:45:00Z,65.06993493,65.06993493,64.97993502,64.97993502
2025-08-11T15:50:00Z,65.0999349,65.0999349,65.0999349,65.0999349
2025-08-11T15:55:00Z,65.22993477,65.57993442,65.22993477,65.24993475
2025-08-11T16:00:00Z,65.37993462,65.68993431,65.37993462,65.68993431
2025-08-11T16:05:00Z,65.6999343,65.6999343,65.42993457,65.42993457
2025-08-11T16:15:00Z,65.43993456,65.43993456,65.43993456,65.43993456
2025-08-11T16:20:00Z,65.999934,66.20993379,65.999934,66.20993379
2025-08-11T16:25:00Z,66.1999338,66.2999337,66.06993393,66.07993392
2025-08-11T16:30:00Z,66.3999336,66.83993316,66.3999336,66.83993316
2025-08-11T16:35:00Z,66.94993305,67.0999329,66.94993305,67.0999329
2025-08-11T16:40:00Z,66.97993302,66.97993302,66.73993326,66.73993326
2025-08-11T16:45:00Z,66.82993317,67.1999328,66.82993317,67.1999328
2025-08-11T16:50:00Z,67.01993298,67.03993296,66.72993327,66.72993327
2025-08-11T16:55:00Z,66.999933,66.999933,66.999933,66.999933
2025-08-11T17:00:00Z,66.88993311,66.88993311,66.7999332,66.7999332
2025-08-11T17:05:00Z,66.7999332,66.7999332,66.7999332,66.7999332
2025-08-11T17:10:00Z,67.02993297,67.02993297,67.02993297,67.02993297
2025-08-11T17:15:00Z,66.81493319,66.999933,66.81493319,66.999933
2025-08-11T17:20:00Z,67.05993294,67.20993279,67.04993295,67.04993295
2025-08-11T17:25:00Z,67.07993292,67.37993262,67.07993292,67.36493263
2025-08-11T17:30:00Z,67.55993244,67.55993244,67.2999327,67.2999327
2025-08-11T17:35:00Z,67.24993275,67.24993275,67.04993295,67.04993295
2025-08-11T17:40:00Z,67.12993287,67.25993274,67.12993287,67.25993274
2025-08-11T17:45:00Z,67.0999329,67.0999329,67.0999329,67.0999329
2025-08-11T17:50:00Z,67.1999328,67.1999328,67.1999328,67.1999328
2025-08-11T17:55:00Z,66.58993341,66.58993341,66.56993343,66.58993341
2025-08-11T18:00:00Z,66.08993391,66.08993391,66.08993391,66.08993391
2025-08-11T18:05:00Z,66.42993357,66.42993357,66.42993357,66.42993357
2025-08-11T18:15:00Z,66.81993318,66.98993301,66.81993318,66.98993301
2025-08-11T18:20:00Z,66.74993325,66.74993325,66.37993362,66.37993362
2025-08-11T18:25:00Z,66.50993349,66.50993349,66.50993349,66.50993349
2025-08-11T18:35:00Z,66.64993335,66.98993301,66.64993335,66.98993301
2025-08-11T18:40:00Z,66.91993308,66.91993308,66.81993318,66.81993318
2025-08-11T18:45:00Z,66.01993398,66.38993361,65.999934,66.38993361
2025-08-11T18:50:00Z,66.37993362,66.37993362,66.18993381,66.18993381
2025-08-11T18:55:00Z,66.03993396,66.03993396,65.8999341,65.8999341
2025-08-11T19:00:00Z,65.88993411,65.88993411,65.34993465,65.34993465
2025-08-11T19:05:00Z,65.38993461,65.38993461,65.38993461,65.38993461
2025-08-11T19:10:00Z,65.26993473,65.26993473,65.1999348,65.1999348
2025-08-11T19:15:00Z,65.14993485,65.22493477,64.77993522,64.77993522
2025-08-11T19:20:00Z,64.94993505,64.94993505,64.94993505,64.94993505
2025-08-11T19:25:00Z,65.04993495,65.0999349,65.04993495,65.0999349
2025-08-11T19:35:00Z,65.0999349,65.0999349,65.0999349,65.0999349
2025-08-11T19:40:00Z,65.10993489,65.10993489,65.02993497,65.10993489
2025-08-11T19:50:00Z,65.23993476,65.23993476,65.22993477,65.22993477
2025-08-11T19:55:00Z,65.1999348,65.50993449,65.18993481,65.24993475
2025-08-12T13:30:00Z,65.13993486,65.13993486,64.31993568,64.999935
2025-08-12T13:35:00Z,65.94993405,66.38993361,65.33993466,65.33993466
2025-08-12T13:40:00Z,64.999935,66.31993368,64.83993516,66.17993382
2025-08-12T13:45:00Z,66.17993382,66.51493349,65.85993414,66.24993375
2025-08-12T13:50:00Z,65.999934,65.999934,64.999935,65.42993457
2025-08-12T13:55:00Z,65.4999345,65.4999345,64.31993568,64.31993568
2025-08-12T14:00:00Z,64.00993599,64.15993584,63.77993622,63.999936
2025-08-12T14:05:00Z,64.1999358,64.43993556,64.14993585,64.43993556
2025-08-12T14:10:00Z,64.43993556,64.43993556,63.68993631,64.17993582
2025-08-12T14:15:00Z,64.2999357,64.45993554,64.20993579,64.20993579
2025-08-12T14:20:00Z,64.06993593,64.06993593,63.76993623,63.76993623
2025-08-12T14:25:00Z,63.999936,64.45993554,63.999936,64.45993554
2025-08-12T14:30:00Z,64.999935,64.999935,64.67993532,64.67993532
2025-08-12T14:35:00Z,64.68993531,64.85993514,64.68993531,64.85993514
2025-08-12T14:40:00Z,64.46993553,64.46993553,64.01993598,64.01993598
2025-08-12T14:45:00Z,64.00993599,64.00993599,64.00993599,64.00993599
2025-08-12T14:50:00Z,64.34993565,64.34993565,64.24993575,64.24993575
2025-08-12T14:55:00Z,64.11993588,64.11993588,63.999936,63.999936
2025-08-12T15:00:00Z,63.72993627,63.84993615,63.68993631,63.68993631
2025-08-12T15:05:00Z,63.84993615,63.84993615,63.41993658,63.84993615
2025-08-12T15:10:00Z,64.2999357,64.2999357,64.2999357,64.2999357
2025-08-12T15:15:00Z,64.73993526,64.999935,64.73993526,64.999935
2025-08-12T15:25:00Z,65.2999347,65.2999347,65.15993484,65.20993479
2025-08-12T15:30:00Z,64.6999353,64.6999353,64.6999353,64.6999353
2025-08-12T15:35:00Z,64.57993542,64.73993526,64.4999355,64.73993526
2025-08-12T15:40:00Z,64.74993525,64.74993525,64.74993525,64.74993525
2025-08-12T15:45:00Z,64.53993546,64.53993546,64.4999355,64.52993547
2025-08-12T15:50:00Z,64.46993553,64.48993551,64.46993553,64.47993552
2025-08-12T15:55:00Z,64.58993541,64.999935,64.58993541,64.999935
2025-08-12T16:10:00Z,64.74993525,65.24993475,64.74993525,65.24993475
2025-08-12T16:15:00Z,65.26993473,65.28993471,64.74993525,64.74993525
2025-08-12T16:20:00Z,64.98993501,64.999935,64.98993501,64.999935
2025-08-12T16:30:00Z,65.2999347,65.2999347,65.18993481,65.18993481
2025-08-12T16:35:00Z,65.04993495,65.14993485,65.04993495,65.14993485
2025-08-12T16:40:00Z,64.93993506,64.96993503,64.66993533,64.66993533
2025-08-12T16:50:00Z,64.84993515,64.84993515,64.84993515,64.84993515
2025-08-12T16:55:00Z,64.8999351,64.999935,64.8999351,64.999935
2025-08-12T17:00:00Z,65.02993497,65.2999347,65.02993497,65.28993471
2025-08-12T17:05:00Z,65.67993432,65.78993421,65.4999345,65.78993421
2025-08-12T17:10:00Z,65.38993461,65.38993461,65.36993463,65.36993463
2025-08-12T17:25:00Z,65.56993443,65.56993443,65.56993443,65.56993443
2025-08-12T17:30:00Z,65.66993433,65.66993433,65.44993455,65.44993455
2025-08-12T17:35:00Z,65.73993426,65.73993426,65.73993426,65.73993426
2025-08-12T17:40:00Z,65.5999344,65.5999344,65.5999344,65.5999344
2025-08-12T17:45:00Z,65.71993428,65.75993424,65.68993431,65.68993431
2025-08-12T18:00:00Z,65.34993465,65.34993465,65.34993465,65.34993465
2025-08-12T18:10:00Z,65.37993462,65.37993462,65.34993465,65.34993465
2025-08-12T18:15:00Z,65.20993479,65.22993477,65.06993493,65.06993493
2025-08-12T18:20:00Z,64.98993501,65.16993483,64.98993501,65.14993485
2025-08-12T18:25:00Z,65.36993463,65.36993463,65.36993463,65.36993463
2025-08-12T18:30:00Z,65.63993436,65.66993433,65.61993438,65.65993434
2025-08-12T18:35:00Z,65.8999341,66.11993388,65.8999341,66.11993388
2025-08-12T18:40:00Z,66.13993386,66.21993378,66.13993386,66.21993378
2025-08-12T18:45:00Z,66.03993396,66.04993395,65.96993403,65.96993403
2025-08-12T18:50:00Z,65.6999343,65.74993425,65.6999343,65.74993425
2025-08-12T19:05:00Z,65.76993423,65.76993423,65.50993449,65.54993445
2025-08-12T19:15:00Z,65.32993467,65.32993467,65.2999347,65.2999347
2025-08-12T19:20:00Z,65.34993465,65.34993465,65.34993465,65.34993465
2025-08-12T19:25:00Z,65.61993438,65.86993413,65.61993438,65.86993413
2025-08-12T19:35:00Z,65.56993443,65.56993443,65.45993454,65.45993454
2025-08-12T19:40:00Z,65.32493468,65.32493468,65.32493468,65.32493468
2025-08-12T19:45:00Z,65.11993488,65.2999347,65.11993488,65.2999347
2025-08-12T19:50:00Z,65.33993466,65.33993466,65.33993466,65.33993466
2025-08-12T19:55:00Z,66.01993398,66.01993398,65.6999343,65.7999342
2025-08-13T13:30:00Z,66.15993384,66.15993384,64.7999352,66.01993398
2025-08-13T13:35:00Z,65.47993452,65.83993416,64.15993584,64.84993515
2025-08-13T13:40:00Z,64.73993526,65.01993498,64.71993528,64.81993518
2025-08-13T13:45:00Z,64.50993549,64.62993537,63.57993642,63.75993624
2025-08-13T13:50:00Z,63.58993641,63.75993624,62.87993712,62.87993712
2025-08-13T13:55:00Z,62.66993733,62.66993733,62.31993768,62.32993767
2025-08-13T14:00:00Z,62.32993767,62.37993762,61.86993813,62.37993762
2025-08-13T14:05:00Z,62.24993775,62.25993774,61.52993847,61.73993826
2025-08-13T14:10:00Z,61.76993823,61.76993823,60.96993903,61.62993837
2025-08-13T14:15:00Z,61.96993803,62.87993712,61.96993803,62.87993712
2025-08-13T14:20:00Z,62.84993715,63.02993697,62.72993727,62.72993727
2025-08-13T14:25:00Z,62.5999374,62.86993713,62.5999374,62.74993725
2025-08-13T14:30:00Z,62.77993722,63.07993692,62.4999375,62.4999375
2025-08-13T14:35:00Z,62.45993754,62.45993754,61.75993824,61.84993815
2025-08-13T14:40:00Z,61.88993811,61.88993811,61.5999384,61.66993833
2025-08-13T14:45:00Z,61.4999385,61.57993842,60.24993975,60.74993925
2025-08-13T14:50:00Z,60.999939,61.03993896,60.2999397,60.2999397
2025-08-13T14:55:00Z,60.64993935,60.64993935,60.3999396,60.3999396
2025-08-13T15:00:00Z,60.22993977,60.22993977,59.5999404,59.64994035
2025-08-13T15:05:00Z,59.7999402,60.43993956,59.6999403,59.6999403
2025-08-13T15:10:00Z,59.90994009,59.90994009,59.24994075,59.24994075
2025-08-13T15:15:00Z,59.32994067,59.48994051,58.999941,59.33994066
2025-08-13T15:20:00Z,59.7999402,59.99994,59.7999402,59.99994
2025-08-13T15:25:00Z,60.28993971,60.32993967,58.999941,58.999941
2025-08-13T15:30:00Z,58.74994125,59.57994042,58.63994136,59.57994042
2025-08-13T15:35:00Z,59.12994087,59.12994087,59.11994088,59.11994088
2025-08-13T15:40:00Z,59.55994044,59.80994019,59.55994044,59.76994023
2025-08-13T15:45:00Z,59.8999401,60.62993937,59.8999401,60.34993965
2025-08-13T15:50:00Z,59.84994015,59.84994015,59.37994062,59.41994058
2025-08-13T15:55:00Z,59.31494069,59.31494069,58.999941,58.999941
2025-08-13T16:00:00Z,58.95994104,58.999941,58.78994121,58.999941
2025-08-13T16:05:00Z,59.16994083,59.24994075,58.26994173,58.26994173
2025-08-13T16:10:00Z,58.17994182,58.55994144,58.17994182,58.46994153
2025-08-13T16:15:00Z,58.73994126,58.73994126,58.38994161,58.38994161
2025-08-13T16:20:00Z,57.999942,58.42994157,57.76994223,58.42994157
2025-08-13T16:25:00Z,58.4999415,58.4999415,58.4999415,58.4999415
2025-08-13T16:30:00Z,58.54994145,58.92994107,58.3999416,58.92994107
2025-08-13T16:35:00Z,59.10994089,59.10994089,59.10994089,59.10994089
2025-08-13T16:40:00Z,58.999941,59.02994097,58.999941,59.02994097
2025-08-13T16:50:00Z,58.58994141,58.58994141,58.58994141,58.58994141
2025-08-13T16:55:00Z,59.11994088,59.11994088,58.97994102,58.97994102
2025-08-13T17:00:00Z,60.02993997,60.0999399,59.95994004,60.0999399
2025-08-13T17:05:00Z,59.81994018,60.21993978,59.81994018,60.21993978
2025-08-13T17:10:00Z,60.15993984,60.15993984,60.00993999,60.00993999
2025-08-13T17:15:00Z,59.81994018,60.33993966,59.81994018,60.33993966
2025-08-13T17:20:00Z,60.76993923,60.7999392,60.74993925,60.74993925
2025-08-13T17:25:00Z,60.999939,61.18993881,60.999939,61.18993881
2025-08-13T17:30:00Z,61.3999386,61.46993853,60.68993931,60.95993904
2025-08-13T17:35:00Z,61.31993868,61.50993849,61.0999389,61.50993849
2025-08-13T17:40:00Z,61.5999384,61.5999384,61.30993869,61.30993869
2025-08-13T17:45:00Z,61.10993889,61.13993886,60.73993926,60.73993926
2025-08-13T17:50:00Z,60.76993923,60.999939,60.76993923,60.86993913
2025-08-13T17:55:00Z,60.75993924,61.01993898,60.75993924,61.01993898
2025-08-13T18:00:00Z,61.12993887,61.25993874,61.00993899,61.00993899
2025-08-13T18:05:00Z,61.15993884,61.15993884,61.10993889,61.10993889
2025-08-13T18:10:00Z,60.73993926,60.73993926,60.55993944,60.55993944
2025-08-13T18:15:00Z,60.24993975,60.24993975,60.16993983,60.16993983
2025-08-13T18:20:00Z,60.05993994,60.24993975,60.05993994,60.24993975
2025-08-13T18:25:00Z,60.01993998,60.01993998,60.01993998,60.01993998
2025-08-13T18:30:00Z,59.99994,59.99994,59.87994012,59.87994012
2025-08-13T18:35:00Z,59.95994004,60.10993989,59.80994019,60.10993989
2025-08-13T18:40:00Z,60.08993991,60.08993991,60.08993991,60.08993991
2025-08-13T18:45:00Z,60.37993962,60.37993962,60.23993976,60.23993976
2025-08-13T18:50:00Z,60.2999397,60.35993964,60.10993989,60.35993964
2025-08-13T18:55:00Z,60.1999398,60.25993974,60.1999398,60.1999398
2025-08-13T19:00:00Z,60.1999398,60.1999398,59.99994,59.99994
2025-08-13T19:05:00Z,59.94994005,59.94994005,59.67994032,59.67994032
2025-08-13T19:10:00Z,59.30994069,59.48994051,59.28994071,59.48994051
2025-08-13T19:15:00Z,59.66994033,60.07993992,59.66994033,60.02993997
2025-08-13T19:25:00Z,60.0999399,60.0999399,59.87994012,60.04993995
2025-08-13T19:30:00Z,59.7999402,59.7999402,59.7999402,59.7999402
2025-08-13T19:35:00Z,59.93994006,59.93994006,59.85994014,59.85994014
2025-08-13T19:40:00Z,59.82994017,59.95994004,59.75994024,59.75994024
2025-08-13T19:45:00Z,59.70994029,59.76994023,59.55994044,59.76994023
2025-08-13T19:50:00Z,59.68994031,59.68994031,59.68994031,59.68994031
2025-08-13T19:55:00Z,60.04993995,60.04993995,60.04993995,60.04993995
2025-08-14T13:30:00Z,56.0999439,58.31994168,55.78994421,58.31994168
2025-08-14T13:35:00Z,58.05994194,58.75994124,57.8999421,58.75994124
2025-08-14T13:40:00Z,58.78994121,58.84994115,58.41994158,58.50994149
2025-08-14T13:45:00Z,58.14994185,58.60994139,58.02994197,58.37994162
2025-08-14T13:50:00Z,58.6999413,59.3999406,58.6999413,59.35994064
2025-08-14T13:55:00Z,59.36994063,59.51994048,58.999941,58.999941
2025-08-14T14:00:00Z,58.80994119,58.80994119,58.64994135,58.74994125
2025-08-14T14:05:00Z,58.71994128,58.999941,58.48994151,58.48994151
2025-08-14T14:10:00Z,58.55994144,58.55994144,58.53994146,58.53994146
2025-08-14T14:15:00Z,58.70994129,59.2999407,58.4999415,59.25994074
2025-08-14T14:25:00Z,58.57994142,58.57994142,58.57994142,58.57994142
2025-08-14T14:30:00Z,58.72994127,58.72994127,58.26994173,58.26994173
2025-08-14T14:35:00Z,58.04994195,58.04994195,57.999942,57.999942
2025-08-14T14:40:00Z,58.37994162,58.37994162,58.37994162,58.37994162
2025-08-14T14:45:00Z,57.85994214,57.999942,57.85994214,57.999942
2025-08-14T14:50:00Z,57.94994205,57.94994205,57.81994218,57.81994218
2025-08-14T14:55:00Z,57.81994218,57.92994207,57.66994233,57.68994231
2025-08-14T15:00:00Z,57.6999423,57.92994207,57.6999423,57.90994209
2025-08-14T15:05:00Z,57.44994255,57.44994255,57.35994264,57.35994264
2025-08-14T15:10:00Z,57.22994277,57.22994277,56.999943,57.22994277
2025-08-14T15:15:00Z,57.22994277,57.46994253,57.22994277,57.46994253
2025-08-14T15:20:00Z,57.04994295,57.04994295,56.6999433,56.6999433
2025-08-14T15:25:00Z,56.50994349,56.50994349,56.00994399,56.2999437
2025-08-14T15:30:00Z,56.04994395,56.04994395,55.87994412,55.87994412
2025-08-14T15:35:00Z,56.14994385,56.14994385,55.999944,55.999944
2025-08-14T15:40:00Z,55.87994412,55.94994405,55.87994412,55.94994405
2025-08-14T15:50:00Z,56.80994319,56.80994319,56.80994319,56.80994319
2025-08-14T15:55:00Z,56.78994321,56.78994321,56.78994321,56.78994321
2025-08-14T16:00:00Z,56.77994322,56.77994322,56.28994371,56.28994371
2025-08-14T16:05:00Z,55.999944,55.999944,55.999944,55.999944
2025-08-14T16:10:00Z,55.999944,55.999944,55.64994435,55.75994424
2025-08-14T16:15:00Z,55.35994464,55.6999443,55.28994471,55.68994431
2025-08-14T16:20:00Z,55.15994484,55.80994419,55.14994485,55.80994419
2025-08-14T16:25:00Z,55.72994427,55.7999442,55.71994428,55.7999442
2025-08-14T16:30:00Z,55.81994418,55.92994407,55.7999442,55.92994407
2025-08-14T16:35:00Z,56.11994388,56.11994388,56.11994388,56.11994388
2025-08-14T16:40:00Z,55.85994414,55.85994414,55.54994445,55.54994445
2025-08-14T16:45:00Z,55.60994439,55.60994439,55.47994452,55.48994451
2025-08-14T16:50:00Z,55.31994468,55.31994468,55.31994468,55.31994468
2025-08-14T16:55:00Z,55.08994491,55.16994483,55.07994492,55.16994483
2025-08-14T17:00:00Z,54.999945,54.999945,54.68994531,54.7999452
2025-08-14T17:05:00Z,54.73994526,54.73994526,54.73994526,54.73994526
2025-08-14T17:10:00Z,55.10994489,55.10994489,54.999945,54.999945
2025-08-14T17:15:00Z,54.86994513,54.86994513,54.76994523,54.85994514
2025-08-14T17:20:00Z,54.999945,54.999945,54.999945,54.999945
2025-08-14T17:25:00Z,55.2999447,55.2999447,55.2999447,55.2999447
2025-08-14T17:30:00Z,55.33994466,55.33994466,55.16994483,55.16994483
2025-08-14T17:40:00Z,54.999945,55.0999449,54.98994501,55.0999449
2025-08-14T17:45:00Z,55.14994485,55.14994485,54.72994527,54.81994518
2025-08-14T17:50:00Z,54.6999453,54.76994523,54.63994536,54.76994523
2025-08-14T17:55:00Z,54.88994511,54.88994511,54.7999452,54.84994515
2025-08-14T18:00:00Z,54.7999452,54.7999452,54.78994521,54.78994521
2025-08-14T18:05:00Z,54.7999452,54.86994513,54.75994524,54.85994514
2025-08-14T18:10:00Z,54.8999451,54.8999451,54.66994533,54.66994533
2025-08-14T18:15:00Z,54.5999454,54.68994531,54.57994542,54.68994531
2025-08-14T18:20:00Z,54.82994517,54.82994517,54.82994517,54.82994517
2025-08-14T18:25:00Z,55.04494496,55.04494496,54.999945,54.999945
2025-08-14T18:40:00Z,55.1999448,55.1999448,55.1999448,55.1999448
2025-08-14T18:50:00Z,55.4999445,55.5999444,55.4999445,55.56994443
2025-08-14T18:55:00Z,55.57994442,55.57994442,55.50994449,55.50994449
2025-08-14T19:05:00Z,55.6999443,55.6999443,55.6999443,55.6999443
2025-08-14T19:15:00Z,55.31994468,55.31994468,55.2999447,55.2999447
2025-08-14T19:20:00Z,55.4999445,55.4999445,55.4999445,55.4999445
2025-08-14T19:30:00Z,55.72994427,55.72994427,55.64994435,55.64994435
2025-08-14T19:35:00Z,55.56994443,55.999944,55.56994443,55.999944
2025-08-14T19:40:00Z,56.20994379,56.20994379,55.92994407,55.92994407
2025-08-14T19:45:00Z,55.77994422,55.77994422,55.73994426,55.77994422
2025-08-14T19:50:00Z,55.6999443,55.88994411,55.6999443,55.88994411
2025-08-14T19:55:00Z,56.03994396,56.60994339,56.03994396,56.60994339
2025-08-15T13:30:00Z,56.4999435,57.18994281,54.999945,55.46994453
2025-08-15T13:35:00Z,55.56994443,55.56994443,53.8999461,53.8999461
2025-08-15T13:40:00Z,53.7999462,54.47994552,53.40994659,54.47994552
2025-08-15T13:45:00Z,54.70994529,54.70994529,53.35994664,53.35994664
2025-08-15T13:50:00Z,53.85994614,54.63994536,53.85994614,54.27994572
2025-08-15T13:55:00Z,54.92994507,55.27994472,54.92994507,55.27994472
2025-08-15T14:00:00Z,55.60994439,55.60994439,55.60994439,55.60994439
2025-08-15T14:05:00Z,55.75994424,56.05994394,55.63994436,55.87994412
2025-08-15T14:10:00Z,56.1999438,56.80994319,56.15494385,56.80994319
2025-08-15T14:15:00Z,56.95994304,57.04994295,56.74994325,57.04994295
2025-08-15T14:20:00Z,57.03494296,57.04994295,56.7999432,56.83994316
2025-08-15T14:25:00Z,57.0999429,57.48994251,57.0999429,57.38994261
2025-08-15T14:30:00Z,57.14994285,57.38994261,56.7999432,56.83994316
2025-08-15T14:35:00Z,56.90994309,57.62994237,56.90994309,57.62994237
2025-08-15T14:40:00Z,57.66994233,58.43994156,57.66994233,58.12994187
2025-08-15T14:45:00Z,58.02994197,58.02994197,57.36994263,57.4999425
2025-08-15T14:50:00Z,57.4999425,57.4999425,57.4999425,57.4999425
2025-08-15T15:00:00Z,57.2999427,57.42994257,57.12994287,57.24994275
2025-08-15T15:05:00Z,57.0999429,57.2999427,57.0999429,57.2999427
2025-08-15T15:10:00Z,57.45994254,57.45994254,57.45994254,57.45994254
2025-08-15T15:15:00Z,57.28994271,57.30994269,57.14994285,57.24994275
2025-08-15T15:25:00Z,57.71994228,57.71994228,57.61994238,57.61994238
2025-08-15T15:30:00Z,57.3999426,57.4999425,57.34994265,57.34994265
2025-08-15T15:35:00Z,57.00994299,57.00994299,57.00994299,57.00994299
2025-08-15T15:40:00Z,57.13994286,57.13994286,56.7999432,56.85994314
2025-08-15T15:45:00Z,56.76994323,56.76994323,56.47994352,56.6999433
2025-08-15T15:50:00Z,56.80994319,56.88994311,56.80994319,56.88994311
2025-08-15T16:05:00Z,56.81994318,56.81994318,56.81994318,56.81994318
2025-08-15T16:15:00Z,57.04994295,57.04994295,57.04994295,57.04994295
2025-08-15T16:20:00Z,56.97994302,56.97994302,56.97994302,56.97994302
2025-08-15T16:25:00Z,56.77994322,56.77994322,56.77994322,56.77994322
2025-08-15T16:30:00Z,56.80494319,56.80494319,56.80494319,56.80494319
2025-08-15T16:45:00Z,57.35994264,57.35994264,57.35994264,57.35994264
2025-08-15T16:55:00Z,57.44994255,57.44994255,57.44994255,57.44994255
2025-08-15T17:00:00Z,57.48994251,57.48994251,57.47994252,57.47994252
2025-08-15T17:05:00Z,57.34994265,57.34994265,57.34994265,57.34994265
2025-08-15T17:10:00Z,57.15994284,57.15994284,57.05994294,57.05994294
2025-08-15T17:20:00Z,57.00994299,57.20994279,57.00994299,57.20994279
2025-08-15T17:25:00Z,56.999943,56.999943,56.97994302,56.999943
2025-08-15T17:30:00Z,57.22994277,57.22994277,57.22994277,57.22994277
2025-08-15T17:45:00Z,56.999943,56.999943,56.999943,56.999943
2025-08-15T17:50:00Z,56.8999431,56.8999431,56.8999431,56.8999431
2025-08-15T17:55:00Z,57.12994287,57.12994287,57.12994287,57.12994287
2025-08-15T18:00:00Z,57.31994268,57.31994268,57.31994268,57.31994268
2025-08-15T18:05:00Z,57.34994265,57.34994265,57.34994265,57.34994265
2025-08-15T18:10:00Z,57.3999426,57.3999426,57.3999426,57.3999426
2025-08-15T18:15:00Z,56.96994303,57.26994273,56.96994303,57.26994273
2025-08-15T18:35:00Z,57.02994297,57.27994272,56.96994303,56.97994302
2025-08-15T18:55:00Z,56.73994326,56.73994326,56.73994326,56.73994326
2025-08-15T19:05:00Z,56.5999434,56.5999434,56.5999434,56.5999434
2025-08-15T19:20:00Z,57.20994279,57.20994279,56.98994301,56.98994301
2025-08-15T19:25:00Z,56.999943,57.00994299,56.98994301,56.999943
2025-08-15T19:30:00Z,57.18994281,57.1999428,57.18994281,57.1999428
2025-08-15T19:35:00Z,57.1999428,57.26994273,57.1999428,57.21994278
2025-08-15T19:45:00Z,57.26994273,57.3999426,57.26994273,57.3999426
2025-08-15T19:50:00Z,57.67994232,57.67994232,57.67994232,57.67994232
2025-08-15T19:55:00Z,57.78994221,57.7999422,57.71994228,57.78994221
2025-08-18T13:30:00Z,57.65994234,58.37994162,57.65994234,58.19494181
2025-08-18T13:35:00Z,58.44994155,59.01494099,58.2999417,58.2999417
2025-08-18T13:40:00Z,57.93994206,57.93994206,57.06994293,57.06994293
2025-08-18T13:45:00Z,56.8999431,57.42994257,56.8999431,57.1999428
2025-08-18T13:50:00Z,56.96994303,56.96994303,56.96994303,56.96994303
2025-08-18T13:55:00Z,56.53994346,56.53994346,56.31994368,56.31994368
2025-08-18T14:00:00Z,56.73994326,57.40994259,56.73994326,57.40994259
2025-08-18T14:10:00Z,57.05994294,57.05994294,56.72994327,56.72994327
2025-08-18T14:15:00Z,57.43994256,57.43994256,57.43994256,57.43994256
2025-08-18T14:20:00Z,57.34494266,57.5999424,57.34494266,57.5999424
2025-08-18T14:25:00Z,58.30994169,58.30994169,58.30994169,58.30994169
2025-08-18T14:30:00Z,58.25994174,58.45994154,58.10994189,58.37994162
2025-08-18T14:35:00Z,58.38994161,58.4999415,58.05994194,58.05994194
2025-08-18T14:40:00Z,58.2999417,58.32994167,58.2999417,58.32994167
2025-08-18T14:45:00Z,57.999942,57.999942,57.65994234,57.70994229
2025-08-18T14:50:00Z,58.22994177,58.34994165,58.22994177,58.30994169
2025-08-18T14:55:00Z,58.30994169,58.5999414,58.30994169,58.54994145
2025-08-18T15:00:00Z,58.56994143,58.65994134,58.46994153,58.46994153
2025-08-18T15:05:00Z,58.17994182,58.17994182,57.74994225,57.74994225
2025-08-18T15:10:00Z,57.80994219,57.80994219,57.80994219,57.80994219
2025-08-18T15:20:00Z,57.68994231,57.68994231,57.5999424,57.5999424
2025-08-18T15:25:00Z,57.3999426,57.3999426,57.3999426,57.3999426
2025-08-18T15:30:00Z,57.35994264,57.35994264,56.98994301,56.98994301
2025-08-18T15:35:00Z,56.999943,56.999943,56.54994345,56.54994345
2025-08-18T15:40:00Z,56.73994326,56.73994326,56.5999434,56.5999434
2025-08-18T15:45:00Z,56.62994337,56.62994337,56.62994337,56.62994337
2025-08-18T15:50:00Z,56.80994319,56.80994319,56.80994319,56.80994319
2025-08-18T15:55:00Z,56.6999433,56.78994321,56.66994333,56.66994333
2025-08-18T16:00:00Z,56.76994323,56.84994315,56.69494331,56.84994315
2025-08-18T16:05:00Z,56.6999433,56.80994319,56.68994331,56.80994319
2025-08-18T16:15:00Z,56.994943,56.994943,56.98994301,56.98994301
2025-08-18T16:20:00Z,57.18994281,57.3999426,57.18994281,57.3999426
2025-08-18T16:25:00Z,57.74994225,57.74994225,57.74994225,57.74994225
2025-08-18T16:30:00Z,57.72994227,57.72994227,57.54994245,57.54994245
2025-08-18T16:35:00Z,57.57994242,57.57994242,57.57494243,57.57494243
2025-08-18T16:40:00Z,57.75994224,57.75994224,57.57994242,57.5999424
2025-08-18T16:55:00Z,57.61994238,57.61994238,57.4999425,57.4999425
2025-08-18T17:05:00Z,57.33994266,57.33994266,57.33994266,57.33994266
2025-08-18T17:15:00Z,57.78994221,57.78994221,57.78994221,57.78994221
2025-08-18T17:25:00Z,57.40994259,57.57494243,57.40994259,57.57494243
2025-08-18T17:30:00Z,57.67994232,57.67994232,57.67994232,57.67994232
2025-08-18T17:35:00Z,57.94994205,57.97994202,57.94994205,57.97994202
2025-08-18T18:00:00Z,57.90994209,57.90994209,57.64994235,57.64994235
2025-08-18T18:25:00Z,57.47994252,57.47994252,57.47994252,57.47994252
2025-08-18T18:30:00Z,57.52494247,57.52494247,57.44994255,57.44994255
2025-08-18T18:55:00Z,57.5999424,57.5999424,57.42994257,57.42994257
2025-08-18T19:15:00Z,57.84994215,57.999942,57.84994215,57.999942
2025-08-18T19:20:00Z,58.04994195,58.06994193,57.93994206,57.93994206
2025-08-18T19:25:00Z,57.66994233,57.70994229,57.66994233,57.70994229
2025-08-18T19:30:00Z,57.83994216,57.83994216,57.74994225,57.74994225
2025-08-18T19:40:00Z,57.63994236,57.63994236,57.63994236,57.63994236
2025-08-18T19:45:00Z,57.80994219,57.80994219,57.80994219,57.80994219
2025-08-18T19:50:00Z,57.60994239,57.60994239,57.34994265,57.40994259
2025-08-18T19:55:00Z,57.54494246,57.97994202,57.54494246,57.7999422
2025-08-19T13:30:00Z,55.6999443,56.47994352,55.3999446,55.76994423
2025-08-19T13:35:00Z,55.21994478,55.87994412,54.999945,55.46494454
2025-08-19T13:40:00Z,55.2999447,55.2999447,53.5999464,53.5999464
2025-08-19T13:45:00Z,53.51994648,53.51994648,51.31994868,51.32994867
2025-08-19T13:50:00Z,51.4999485,52.8999471,51.4999485,52.8999471
2025-08-19T13:55:00Z,52.999947,52.999947,52.1999478,52.67994732
2025-08-19T14:00:00Z,52.82994717,52.82994717,52.36994763,52.70994729
2025-08-19T14:05:00Z,53.22994677,53.2999467,53.07994692,53.24994675
2025-08-19T14:10:00Z,53.22994677,53.4999465,52.98994701,53.4999465
2025-08-19T14:15:00Z,53.4999465,53.4999465,53.16994683,53.3999466
2025-08-19T14:20:00Z,53.3999466,53.3999466,52.80994719,52.80994719
2025-08-19T14:25:00Z,52.7999472,52.7999472,51.4999485,51.51994848
2025-08-19T14:30:00Z,51.60994839,51.64994835,50.999949,50.999949
2025-08-19T14:35:00Z,50.7999492,50.90994909,50.36994963,50.53094947
2025-08-19T14:40:00Z,50.4999495,50.55994944,49.64995035,49.67995032
2025-08-19T14:45:00Z,50.01994998,50.4999495,49.97995002,50.42094958
2025-08-19T14:50:00Z,50.47994952,50.98994901,50.47994952,50.8999491
2025-08-19T14:55:00Z,50.87994912,50.999949,50.5999494,50.5999494
2025-08-19T15:00:00Z,50.5999494,50.60994939,49.7999502,49.7999502
2025-08-19T15:05:00Z,49.85995014,49.99995,49.85995014,49.92995007
2025-08-19T15:10:00Z,49.7999502,50.08994991,49.7999502,49.98995001
2025-08-19T15:15:00Z,50.31994968,50.64994935,50.20994979,50.64994935
2025-08-19T15:20:00Z,51.2999487,51.2999487,51.2999487,51.2999487
2025-08-19T15:25:00Z,51.4999485,51.73994826,51.4999485,51.73994826
2025-08-19T15:30:00Z,51.8999481,51.8999481,51.66994833,51.68994831
2025-08-19T15:35:00Z,51.999948,51.999948,51.84994815,51.84994815
2025-08-19T15:40:00Z,52.34994765,52.34994765,52.34994765,52.34994765
2025-08-19T15:45:00Z,52.53994746,52.56994743,52.4999475,52.4999475
2025-08-19T15:50:00Z,52.32994767,52.32994767,52.07994792,52.07994792
2025-08-19T15:55:00Z,52.23994776,52.3999476,52.23994776,52.3999476
2025-08-19T16:00:00Z,52.60994739,52.60994739,52.60994739,52.60994739
2025-08-19T16:10:00Z,52.4999475,52.4999475,52.4999475,52.4999475
2025-08-19T16:15:00Z,52.44994755,52.5999474,52.44994755,52.5999474
2025-08-19T16:25:00Z,52.63994736,52.63994736,52.37994762,52.48994751
2025-08-19T16:30:00Z,52.36994763,52.36994763,52.34994765,52.34994765
2025-08-19T16:35:00Z,52.54994745,52.54994745,52.54994745,52.54994745
2025-08-19T16:40:00Z,52.03994796,52.03994796,51.87994812,51.87994812
2025-08-19T16:45:00Z,51.77994822,52.01994798,51.6999483,52.01994798
2025-08-19T17:00:00Z,51.4999485,51.4999485,51.34994865,51.38994861
2025-08-19T17:05:00Z,51.2999487,51.2999487,51.2999487,51.2999487
2025-08-19T17:15:00Z,51.85994814,51.85994814,51.6999483,51.6999483
2025-08-19T17:20:00Z,51.999948,51.999948,51.999948,51.999948
2025-08-19T17:25:00Z,52.00994799,52.00994799,51.95994804,51.95994804
2025-08-19T17:30:00Z,52.06994793,52.06994793,52.06994793,52.06994793
2025-08-19T17:40:00Z,52.2999477,52.2999477,52.25994774,52.25994774
2025-08-19T17:45:00Z,52.26994773,52.26994773,52.26994773,52.26994773
2025-08-19T17:50:00Z,52.26994773,52.26994773,52.21994778,52.21994778
2025-08-19T18:00:00Z,52.10994789,52.10994789,52.10994789,52.10994789
2025-08-19T18:10:00Z,52.25994774,52.3999476,52.25994774,52.3999476
2025-08-19T18:20:00Z,52.21994778,52.23494776,52.21994778,52.23494776
2025-08-19T18:30:00Z,52.2999477,52.31994768,52.2999477,52.2999477
2025-08-19T18:35:00Z,52.1999478,52.1999478,51.84994815,51.84994815
2025-08-19T18:40:00Z,51.87994812,51.87994812,51.63994836,51.63994836
2025-08-19T18:55:00Z,51.84994815,51.84994815,51.84994815,51.84994815
2025-08-19T19:00:00Z,51.51994848,51.51994848,50.999949,50.999949
2025-08-19T19:05:00Z,50.70994929,50.70994929,50.70994929,50.70994929
2025-08-19T19:10:00Z,50.7999492,50.8999491,50.7999492,50.8999491
2025-08-19T19:20:00Z,51.02994897,51.02994897,51.02994897,51.02994897
2025-08-19T19:35:00Z,50.87994912,50.87994912,50.72994927,50.72994927
2025-08-19T19:40:00Z,50.78994921,50.85994914,50.78994921,50.85994914
2025-08-19T19:45:00Z,50.70994929,50.70994929,50.47994952,50.47994952
2025-08-19T19:50:00Z,50.16994983,50.25994974,49.99995,50.25994974
2025-08-19T19:55:00Z,50.46994953,50.93994906,50.45994954,50.93994906
2025-08-20T13:30:00Z,49.1999508,49.51995048,47.92995207,48.1999518
2025-08-20T13:35:00Z,48.50995149,48.83995116,48.50995149,48.83995116
2025-08-20T13:40:00Z,48.43995156,48.43995156,46.999953,46.999953
2025-08-20T13:45:00Z,46.74995325,46.74995325,45.47995452,45.47995452
2025-08-20T13:50:00Z,45.24995475,45.74995425,44.999955,44.999955
2025-08-20T13:55:00Z,45.25995474,46.03995396,45.25995474,45.8999541
2025-08-20T14:00:00Z,46.11995388,46.65995334,45.4999545,45.4999545
2025-08-20T14:05:00Z,45.17995482,45.17995482,44.12995587,44.20995579
2025-08-20T14:10:00Z,44.2999557,44.82995517,44.22995577,44.82995517
2025-08-20T14:15:00Z,45.08495492,45.20995479,44.62995537,45.20995479
2025-08-20T14:20:00Z,45.74995425,45.88995411,45.74995425,45.88995411
2025-08-20T14:25:00Z,46.1999538,46.1999538,45.91495409,45.91495409
2025-08-20T14:30:00Z,45.71995428,45.74995425,45.60995439,45.74995425
2025-08-20T14:35:00Z,45.78995421,45.78995421,45.65995434,45.72995427
2025-08-20T14:40:00Z,45.48995451,45.84995415,45.48995451,45.84995415
2025-08-20T14:45:00Z,46.04995395,46.04995395,45.36995463,45.36995463
2025-08-20T14:50:00Z,45.56995443,45.90995409,45.56995443,45.6999543
2025-08-20T14:55:00Z,45.999954,46.00995399,45.999954,46.00995399
2025-08-20T15:00:00Z,46.34995365,46.57995342,46.34995365,46.44995355
2025-08-20T15:05:00Z,46.94995305,47.24995275,46.94995305,47.24995275
2025-08-20T15:10:00Z,47.28995271,47.4999525,47.28995271,47.44995255
2025-08-20T15:15:00Z,47.50995249,47.8999521,47.43995256,47.8999521
2025-08-20T15:20:00Z,47.999952,48.58995141,47.999952,48.58995141
2025-08-20T15:25:00Z,48.56995143,48.96995103,48.2999517,48.96995103
2025-08-20T15:30:00Z,48.73995126,49.10995089,48.72995127,49.10995089
2025-08-20T15:35:00Z,49.2999507,49.2999507,48.6999513,48.74995125
2025-08-20T15:40:00Z,48.82995117,48.82995117,48.4999515,48.4999515
2025-08-20T15:45:00Z,48.5999514,48.5999514,48.56995143,48.56995143
2025-08-20T15:50:00Z,48.2999517,48.2999517,47.78995221,47.78995221
2025-08-20T16:05:00Z,49.10995089,49.3999506,49.10995089,49.3999506
2025-08-20T16:10:00Z,49.10995089,49.4999505,49.10995089,49.25995074
2025-08-20T16:15:00Z,49.47995052,49.47995052,49.31995068,49.31995068
2025-08-20T16:20:00Z,49.54995045,49.60995039,49.54995045,49.60995039
2025-08-20T16:25:00Z,49.6999503,49.6999503,49.63995036,49.63995036
2025-08-20T16:30:00Z,49.4999505,49.4999505,49.4999505,49.4999505
2025-08-20T16:35:00Z,49.51995048,49.51995048,49.40995059,49.47895052
2025-08-20T16:40:00Z,49.21995078,49.22995077,49.21995078,49.22995077
2025-08-20T16:55:00Z,49.33495066,49.33995066,49.33495066,49.33995066
2025-08-20T17:00:00Z,49.23995076,49.23995076,49.23995076,49.23995076
2025-08-20T17:05:00Z,49.54995045,49.54995045,49.44995055,49.44995055
2025-08-20T17:15:00Z,49.2999507,49.2999507,49.2999507,49.2999507
2025-08-20T17:20:00Z,49.23995076,49.31995068,49.14995085,49.31995068
2025-08-20T17:25:00Z,49.33995066,49.33995066,49.33995066,49.33995066
2025-08-20T17:30:00Z,49.90995009,49.99995,49.90995009,49.99995
2025-08-20T17:35:00Z,50.07994992,50.07994992,50.07994992,50.07994992
2025-08-20T17:40:00Z,49.92995007,49.92995007,49.85995014,49.85995014
2025-08-20T17:45:00Z,49.95995004,49.95995004,49.95995004,49.95995004
2025-08-20T17:50:00Z,49.95995004,49.95995004,49.95995004,49.95995004
2025-08-20T17:55:00Z,50.10994989,50.10994989,50.10994989,50.10994989
2025-08-20T18:10:00Z,49.45995054,49.45995054,49.45995054,49.45995054
2025-08-20T18:15:00Z,49.28995071,49.28995071,49.28995071,49.28995071
2025-08-20T18:35:00Z,49.08995091,49.08995091,48.93995106,48.999951
2025-08-20T18:40:00Z,49.02495097,49.2999507,49.02495097,49.27495073
2025-08-20T18:45:00Z,49.25995074,49.25995074,49.25995074,49.25995074
2025-08-20T18:50:00Z,49.48995051,49.48995051,49.48995051,49.48995051
2025-08-20T19:05:00Z,49.54495046,49.54495046,49.4999505,49.4999505
2025-08-20T19:20:00Z,50.65994934,50.65994934,50.65994934,50.65994934
2025-08-20T19:30:00Z,50.68994931,50.71994928,50.54994945,50.54994945
2025-08-20T19:35:00Z,50.74994925,50.74994925,50.58994941,50.58994941
2025-08-20T19:50:00Z,50.40994959,50.41994958,50.36994963,50.36994963
2025-08-20T19:55:00Z,50.74994925,50.78994921,50.74994925,50.78994921
2025-08-21T13:30:00Z,51.08994891,51.4999485,50.92994907,51.4999485
2025-08-21T13:35:00Z,51.97994802,52.07994792,51.7999482,52.04994795
2025-08-21T13:40:00Z,52.36994763,53.24494675,52.35994764,52.98994701
2025-08-21T13:45:00Z,52.4999475,52.7999472,52.23994776,52.7999472
2025-08-21T13:50:00Z,52.87994712,52.87994712,52.74994725,52.74994725
2025-08-21T13:55:00Z,53.14994685,53.1999468,52.72994727,52.72994727
2025-08-21T14:00:00Z,52.4999475,53.8999461,52.47994752,53.8999461
2025-08-21T14:05:00Z,53.999946,54.30994569,53.999946,54.27094573
2025-08-21T14:10:00Z,54.56994543,54.65994534,54.14994585,54.14994585
2025-08-21T14:15:00Z,54.10994589,54.58994541,54.10994589,54.58994541
2025-08-21T14:20:00Z,54.7999452,54.999945,54.48994551,54.48994551
2025-08-21T14:25:00Z,54.77994522,55.2999447,54.77994522,55.2999447
2025-08-21T14:30:00Z,55.16994483,55.44994455,54.37994562,54.64994535
2025-08-21T14:35:00Z,54.78994521,54.85994514,54.4999455,54.76994523
2025-08-21T14:40:00Z,54.62994537,54.98994501,54.51994548,54.88994511
2025-08-21T14:45:00Z,54.999945,54.999945,54.62994537,54.76994523
2025-08-21T14:50:00Z,54.77994522,55.16994483,54.77994522,55.16994483
2025-08-21T14:55:00Z,55.1999448,55.54994445,55.1999448,55.46994453
2025-08-21T15:00:00Z,55.48994451,55.4999445,54.999945,54.999945
2025-08-21T15:05:00Z,54.7999452,54.7999452,54.72994527,54.72994527
2025-08-21T15:10:00Z,54.4999455,54.4999455,53.87994612,53.87994612
2025-08-21T15:15:00Z,53.94994605,54.06994593,53.92994607,53.98994601
2025-08-21T15:20:00Z,54.05994594,54.05994594,53.83994616,54.01994598
2025-08-21T15:25:00Z,54.15994584,54.15994584,53.71994628,53.73494626
2025-08-21T15:35:00Z,53.76994623,53.88994611,53.65994634,53.73994626
2025-08-21T15:40:00Z,53.51994648,53.77994622,53.51994648,53.73994626
2025-08-21T15:45:00Z,53.55994644,53.55994644,53.55994644,53.55994644
2025-08-21T15:50:00Z,53.4999465,53.50994649,52.999947,52.999947
2025-08-21T15:55:00Z,52.77994722,52.87994712,52.77994722,52.87994712
2025-08-21T16:00:00Z,52.91994708,52.91994708,52.91994708,52.91994708
2025-08-21T16:05:00Z,52.75994724,52.75994724,52.67994732,52.67994732
2025-08-21T16:10:00Z,52.74994725,52.74994725,52.66994733,52.66994733
2025-08-21T16:15:00Z,52.80994719,53.23994676,52.80994719,53.23994676
2025-08-21T16:20:00Z,53.14994685,53.17494682,53.02994697,53.02994697
2025-08-21T16:25:00Z,53.04994695,53.04994695,52.50994749,52.50994749
2025-08-21T16:30:00Z,52.80994719,52.80994719,52.68994731,52.73994726
2025-08-21T16:35:00Z,52.53994746,52.5999474,52.3999476,52.57994742
2025-08-21T16:40:00Z,52.4999475,52.4999475,52.36994763,52.36994763
2025-08-21T16:45:00Z,52.1999478,52.1999478,52.1999478,52.1999478
2025-08-21T16:55:00Z,52.1999478,52.1999478,52.1999478,52.1999478
2025-08-21T17:00:00Z,51.88994811,52.25994774,51.87994812,52.22994777
2025-08-21T17:05:00Z,52.2999477,52.30994769,52.07994792,52.07994792
2025-08-21T17:10:00Z,51.80994819,51.80994819,51.7999482,51.7999482
2025-08-21T17:25:00Z,51.92994807,51.999948,51.92994807,51.999948
2025-08-21T17:30:00Z,52.3999476,52.3999476,52.25994774,52.25994774
2025-08-21T17:35:00Z,52.4049476,52.4049476,52.4049476,52.4049476
2025-08-21T17:40:00Z,52.24994775,52.24994775,52.10994789,52.10994789
2025-08-21T17:45:00Z,52.50994749,52.50994749,52.50994749,52.50994749
2025-08-21T17:50:00Z,52.45994754,52.45994754,52.45994754,52.45994754
2025-08-21T17:55:00Z,52.4999475,52.4999475,52.4999475,52.4999475
2025-08-21T18:00:00Z,52.48994751,52.5999474,52.48994751,52.4999475
2025-08-21T18:05:00Z,52.44994755,52.44994755,52.44994755,52.44994755
2025-08-21T18:10:00Z,52.32994767,52.40994759,52.32994767,52.40994759
2025-08-21T18:20:00Z,52.16994783,52.16994783,52.16994783,52.16994783
2025-08-21T18:25:00Z,52.23494776,52.26994773,52.23494776,52.25994774
2025-08-21T18:35:00Z,52.16994783,52.1999478,52.11994788,52.1999478
2025-08-21T18:40:00Z,52.23994776,52.23994776,52.23994776,52.23994776
2025-08-21T18:45:00Z,51.999948,51.999948,51.999948,51.999948
2025-08-21T18:55:00Z,52.34994765,52.34994765,52.34994765,52.34994765
2025-08-21T19:05:00Z,52.35994764,52.35994764,52.35994764,52.35994764
2025-08-21T19:10:00Z,52.55994744,52.55994744,52.55994744,52.55994744
2025-08-21T19:15:00Z,52.46994753,52.46994753,52.46994753,52.46994753
2025-08-21T19:20:00Z,52.4999475,52.4999475,52.47994752,52.47994752
2025-08-21T19:25:00Z,52.15994784,52.15994784,52.15994784,52.15994784
2025-08-21T19:30:00Z,52.25994774,52.2999477,52.25994774,52.2999477
2025-08-21T19:40:00Z,52.23994776,52.27994772,52.23994776,52.26994773
2025-08-21T19:45:00Z,52.22994777,52.26994773,52.05994794,52.06994793
2025-08-21T19:50:00Z,52.06994793,52.14994785,52.05994794,52.07994792
2025-08-22T13:30:00Z,52.33994766,52.33994766,50.70994929,51.71994828
2025-08-22T13:35:00Z,51.38494862,51.4999485,51.38494862,51.4999485
2025-08-22T13:40:00Z,51.72994827,52.4999475,51.72994827,52.4999475
2025-08-22T13:45:00Z,52.61994738,52.81994718,52.40994759,52.53994746
2025-08-22T13:50:00Z,52.85994714,52.85994714,52.85994714,52.85994714
2025-08-22T13:55:00Z,52.2999477,52.2999477,51.27994872,51.27994872
2025-08-22T14:00:00Z,51.96994803,54.999945,51.92994807,54.65994534
2025-08-22T14:05:00Z,54.98994501,54.98994501,54.16994583,54.86994513
2025-08-22T14:10:00Z,55.35994464,56.38994361,55.13994486,56.24994375
2025-08-22T14:15:00Z,56.48994351,56.65994334,55.76994423,55.7999442
2025-08-22T14:20:00Z,55.62994437,55.62994437,54.77994522,55.58994441
2025-08-22T14:25:00Z,55.50994449,56.2999437,55.50994449,56.07994392
2025-08-22T14:30:00Z,56.01994398,56.999943,55.999944,56.999943
2025-08-22T14:35:00Z,57.37994262,58.11994188,57.37994262,58.11994188
2025-08-22T14:40:00Z,58.1999418,58.67994132,57.999942,58.14994185
2025-08-22T14:45:00Z,58.33994166,58.48994151,58.24994175,58.28994171
2025-08-22T14:50:00Z,58.22994177,58.76994123,58.22994177,58.71994128
2025-08-22T14:55:00Z,58.58994141,58.58994141,58.28994171,58.44994155
2025-08-22T15:00:00Z,58.46994153,59.26994073,58.46994153,59.16994083
2025-08-22T15:05:00Z,58.999941,59.03994096,58.58994141,58.5999414
2025-08-22T15:10:00Z,58.70994129,58.77994122,58.33994166,58.73994126
2025-08-22T15:15:00Z,58.72994127,58.90994109,58.27994172,58.28994171
2025-08-22T15:20:00Z,58.25994174,58.54994145,58.24994175,58.54994145
2025-08-22T15:25:00Z,58.30994169,58.30994169,57.81994218,57.86994213
2025-08-22T15:30:00Z,58.37994162,58.37994162,58.37994162,58.37994162
2025-08-22T15:35:00Z,58.44994155,58.60994139,58.44994155,58.60994139
2025-08-22T15:40:00Z,58.21994178,58.21994178,57.999942,57.999942
2025-08-22T15:45:00Z,58.0999419,58.0999419,57.75994224,57.79494221
2025-08-22T15:50:00Z,57.82994217,58.00994199,57.82994217,57.95994204
2025-08-22T15:55:00Z,57.96994203,57.96994203,57.95994204,57.95994204
2025-08-22T16:00:00Z,58.3999416,58.85994114,58.30994169,58.30994169
2025-08-22T16:05:00Z,57.87994212,57.87994212,57.64994235,57.64994235
2025-08-22T16:10:00Z,57.52994247,57.52994247,57.2999427,57.36994263
2025-08-22T16:15:00Z,57.31994268,57.35994264,56.95994304,57.2999427
2025-08-22T16:20:00Z,57.37994262,57.37994262,57.37994262,57.37994262
2025-08-22T16:25:00Z,56.999943,56.999943,56.999943,56.999943
2025-08-22T16:30:00Z,57.28994271,57.28994271,57.28994271,57.28994271
2025-08-22T16:35:00Z,57.52994247,57.62994237,57.1999428,57.1999428
2025-08-22T16:40:00Z,57.21994278,57.21994278,57.21994278,57.21994278
2025-08-22T16:45:00Z,57.2999427,57.35994264,57.24994275,57.24994275
2025-08-22T16:50:00Z,57.03994296,57.03994296,56.95994304,56.98994301
2025-08-22T16:55:00Z,56.94994305,57.13994286,56.94994305,57.13994286
2025-08-22T17:00:00Z,57.23994276,57.23994276,57.23994276,57.23994276
2025-08-22T17:10:00Z,57.55994244,57.55994244,57.50994249,57.50994249
2025-08-22T17:15:00Z,57.90994209,57.90994209,57.90994209,57.90994209
2025-08-22T17:20:00Z,57.98994201,57.999942,57.98994201,57.999942
2025-08-22T17:25:00Z,58.26994173,58.28994171,58.21994178,58.21994178
2025-08-22T17:30:00Z,58.21994178,58.27994172,58.21994178,58.27994172
2025-08-22T17:40:00Z,58.22994177,58.22994177,58.22994177,58.22994177
2025-08-22T17:45:00Z,58.13994186,58.13994186,57.93994206,57.93994206
2025-08-22T17:50:00Z,57.88994211,57.88994211,57.88994211,57.88994211
2025-08-22T18:00:00Z,57.95994204,57.999942,57.94994205,57.999942
2025-08-22T18:10:00Z,57.85994214,57.85994214,57.85994214,57.85994214
2025-08-22T18:25:00Z,57.60994239,57.60994239,57.5999424,57.5999424
2025-08-22T18:40:00Z,57.74994225,57.74994225,57.74994225,57.74994225
2025-08-22T18:45:00Z,57.58994241,57.5999424,57.58994241,57.5999424
2025-08-22T19:00:00Z,57.35994264,57.57994242,57.35994264,57.57994242
2025-08-22T19:05:00Z,57.67994232,57.67994232,57.67994232,57.67994232
2025-08-22T19:10:00Z,57.83994216,57.83994216,57.83994216,57.83994216
2025-08-22T19:15:00Z,57.71994228,57.72494228,57.60994239,57.60994239
2025-08-22T19:25:00Z,57.93994206,57.999942,57.93994206,57.999942
2025-08-22T19:30:00Z,57.999942,57.999942,57.999942,57.999942
2025-08-22T19:40:00Z,57.7999422,57.7999422,57.7999422,57.7999422
2025-08-22T19:50:00Z,57.84994215,57.8999421,57.6999423,57.8999421
2025-08-22T19:55:00Z,57.89494211,58.05994194,57.89494211,58.04994195
2025-08-25T13:30:00Z,57.98994201,57.98994201,56.93994306,57.13994286
2025-08-25T13:35:00Z,57.45994254,57.54994245,57.45994254,57.46994253
2025-08-25T13:40:00Z,57.1999428,57.23994276,57.17994282,57.23994276
2025-08-25T13:45:00Z,56.6999433,56.6999433,56.38994361,56.38994361
2025-08-25T13:50:00Z,56.81994318,56.81994318,55.999944,55.999944
2025-08-25T13:55:00Z,56.65994334,56.97994302,56.65994334,56.97994302
2025-08-25T14:00:00Z,57.35994264,57.35994264,57.35994264,57.35994264
2025-08-25T14:05:00Z,57.67994232,58.58994141,57.67994232,58.58994141
2025-08-25T14:10:00Z,58.60994139,59.03994096,58.58994141,59.03994096
2025-08-25T14:15:00Z,58.95994104,59.05994094,58.75994124,59.05994094
2025-08-25T14:20:00Z,58.98994101,59.48994051,58.98994101,59.26994073
2025-08-25T14:25:00Z,59.53994046,59.5999404,59.13994086,59.13994086
2025-08-25T14:30:00Z,59.52994047,60.1999398,59.52994047,59.88994011
2025-08-25T14:35:00Z,60.0999399,60.4999395,60.0999399,60.40993959
2025-08-25T14:40:00Z,60.41993958,60.46993953,59.42994057,59.42994057
2025-08-25T14:45:00Z,59.41994058,59.41994058,59.10994089,59.34994065
2025-08-25T14:50:00Z,59.0999409,59.1999408,59.06994093,59.1999408
2025-08-25T14:55:00Z,59.02994097,59.7999402,59.01994098,59.64994035
2025-08-25T15:00:00Z,59.6999403,59.76994023,59.6999403,59.75994024
2025-08-25T15:05:00Z,59.76994023,59.76994023,59.75994024,59.75994024
2025-08-25T15:10:00Z,60.04993995,60.04993995,60.04993995,60.04993995
2025-08-25T15:15:00Z,59.92994007,59.99994,59.92994007,59.99994
2025-08-25T15:20:00Z,60.18993981,60.22993977,60.02993997,60.02993997
2025-08-25T15:25:00Z,60.22993977,60.22993977,59.87994012,59.87994012
2025-08-25T15:30:00Z,59.84994015,60.06993993,59.83994016,60.06993993
2025-08-25T15:35:00Z,59.20994079,59.20994079,59.20994079,59.20994079
2025-08-25T15:40:00Z,59.24494075,59.33994066,59.14994085,59.14994085
2025-08-25T15:45:00Z,59.22994077,59.2999407,59.22994077,59.27994072
2025-08-25T15:50:00Z,59.5999404,59.5999404,59.5999404,59.5999404
2025-08-25T15:55:00Z,59.11994088,59.11994088,59.05994094,59.05994094
2025-08-25T16:05:00Z,59.67994032,59.70994029,59.61994038,59.61994038
2025-08-25T16:10:00Z,59.99994,59.99994,59.99994,59.99994
2025-08-25T16:15:00Z,59.88994011,59.8999401,59.86994013,59.86994013
2025-08-25T16:20:00Z,59.66994033,59.66994033,59.65994034,59.65994034
2025-08-25T16:30:00Z,59.40994059,59.40994059,59.40994059,59.40994059
2025-08-25T16:40:00Z,59.64994035,59.7999402,59.64994035,59.7999402
2025-08-25T16:45:00Z,59.98994001,59.99994,59.8999401,59.8999401
2025-08-25T16:50:00Z,59.97994002,60.05993994,59.97994002,60.05993994
2025-08-25T17:00:00Z,59.7999402,59.80994019,59.65994034,59.80994019
2025-08-25T17:05:00Z,59.81994018,59.81994018,59.81994018,59.81994018
2025-08-25T17:20:00Z,59.81994018,59.81994018,59.81994018,59.81994018
2025-08-25T17:25:00Z,59.76994023,59.76994023,59.66994033,59.66994033
2025-08-25T17:35:00Z,59.53994046,59.53994046,59.53994046,59.53994046
2025-08-25T17:40:00Z,59.53994046,59.53994046,59.53994046,59.53994046
2025-08-25T17:45:00Z,59.70994029,59.70994029,59.70994029,59.70994029
2025-08-25T17:50:00Z,59.92994007,59.92994007,59.88994011,59.88994011
2025-08-25T18:05:00Z,60.05993994,60.2999397,60.05993994,60.2999397
2025-08-25T18:10:00Z,60.30993969,60.37993962,60.30993969,60.37993962
2025-08-25T18:20:00Z,60.37993962,60.37993962,60.2999397,60.2999397
2025-08-25T18:25:00Z,60.31993968,60.31993968,60.31993968,60.31993968
2025-08-25T18:30:00Z,60.4999395,60.78993921,60.4999395,60.6999393
2025-08-25T18:35:00Z,60.58993941,60.58993941,60.4999395,60.4999395
2025-08-25T18:40:00Z,60.47993952,60.47993952,60.41993958,60.41993958
2025-08-25T18:45:00Z,60.3999396,60.3999396,60.35993964,60.3999396
2025-08-25T19:05:00Z,60.71993928,60.88993911,60.71993928,60.88993911
2025-08-25T19:10:00Z,60.88993911,60.92993907,60.7999392,60.7999392
2025-08-25T19:15:00Z,60.57993942,60.57993942,60.57993942,60.57993942
2025-08-25T19:20:00Z,60.75993924,60.75993924,60.75993924,60.75993924
2025-08-25T19:25:00Z,60.85993914,61.00993899,60.85993914,61.00993899
2025-08-25T19:30:00Z,61.18993881,61.23993876,60.74993925,60.74993925
2025-08-25T19:35:00Z,60.999939,60.999939,60.88993911,60.88993911
2025-08-25T19:40:00Z,60.91993908,60.93993906,60.83993916,60.93993906
2025-08-25T19:45:00Z,60.90993909,60.999939,60.81993918,60.90993909
2025-08-25T19:50:00Z,60.999939,60.999939,60.61993938,60.65993934
2025-08-25T19:55:00Z,60.65993934,60.65993934,60.47993952,60.4999395
2025-08-26T13:30:00Z,59.66994033,59.99994,58.94994105,58.999941
2025-08-26T13:35:00Z,59.6999403,61.12993887,59.6999403,60.38993961
2025-08-26T13:40:00Z,61.04993895,61.35993864,60.78993921,61.21993878
2025-08-26T13:45:00Z,61.02993897,61.2999387,60.52993947,61.07993892
2025-08-26T13:50:00Z,61.58993841,62.41993758,61.53993846,62.41993758
2025-08-26T13:55:00Z,62.43993756,62.78993721,62.18993781,62.67993732
2025-08-26T14:00:00Z,62.87993712,63.00993699,62.52993747,62.84993715
2025-08-26T14:05:00Z,62.82993717,63.61993638,62.82993717,63.27993672
2025-08-26T14:10:00Z,63.25993674,63.27993672,62.73993726,62.84993715
2025-08-26T14:15:00Z,63.03993696,64.23993576,62.94993705,64.1999358
2025-08-26T14:20:00Z,64.20993579,64.50993549,64.13993586,64.36993563
2025-08-26T14:25:00Z,64.40993559,64.61993538,64.24993575,64.30993569
2025-08-26T14:30:00Z,64.28993571,65.11993488,64.08993591,64.999935
2025-08-26T14:35:00Z,64.95993504,65.45993454,64.95993504,65.32993467
2025-08-26T14:40:00Z,65.27993472,65.96993403,65.04993495,65.90993409
2025-08-26T14:45:00Z,65.8999341,65.94993405,65.25993474,65.31993468
2025-08-26T14:50:00Z,65.28993471,65.2999347,64.93993506,64.93993506
2025-08-26T14:55:00Z,64.91993508,64.91993508,64.1999358,64.1999358
2025-08-26T15:00:00Z,64.43993556,64.4999355,64.43993556,64.4999355
2025-08-26T15:05:00Z,64.15993584,64.3999356,64.06993593,64.3999356
2025-08-26T15:10:00Z,64.87993512,65.10993489,64.86993513,65.10993489
2025-08-26T15:15:00Z,65.17993482,65.25993474,65.17993482,65.21993478
2025-08-26T15:20:00Z,65.40993459,65.40993459,65.40993459,65.40993459
2025-08-26T15:25:00Z,65.14993485,65.14993485,64.51093549,64.51093549
2025-08-26T15:35:00Z,64.34993565,64.3999356,64.34993565,64.3999356
2025-08-26T15:40:00Z,64.48993551,64.53993546,64.48993551,64.53993546
2025-08-26T15:45:00Z,64.78993521,64.80993519,64.62993537,64.62993537
2025-08-26T15:50:00Z,64.44993555,64.44993555,64.44993555,64.44993555
2025-08-26T15:55:00Z,64.71993528,64.71993528,64.71993528,64.71993528
2025-08-26T16:00:00Z,64.61993538,64.61993538,64.33993566,64.33993566
2025-08-26T16:05:00Z,64.14993585,64.44993555,64.14993585,64.44993555
2025-08-26T16:10:00Z,64.1999358,64.40993559,64.1999358,64.40993559
2025-08-26T16:20:00Z,64.40993559,64.40993559,64.40993559,64.40993559
2025-08-26T16:25:00Z,64.02993597,64.1999358,64.02993597,64.1999358
2025-08-26T16:30:00Z,64.1999358,64.25993574,64.1999358,64.25993574
2025-08-26T16:35:00Z,64.1999358,64.1999358,64.1999358,64.1999358
2025-08-26T16:40:00Z,64.35993564,64.35993564,64.35993564,64.35993564
2025-08-26T16:45:00Z,64.4999355,64.4999355,64.4999355,64.4999355
2025-08-26T16:50:00Z,64.47993552,64.47993552,64.47993552,64.47993552
2025-08-26T17:00:00Z,64.65993534,64.65993534,64.65993534,64.65993534
2025-08-26T17:05:00Z,64.5999354,64.5999354,64.43993556,64.5999354
2025-08-26T17:10:00Z,64.56993543,64.56993543,64.45993554,64.47993552
2025-08-26T17:15:00Z,64.2999357,64.45993554,64.2999357,64.45993554
2025-08-26T17:20:00Z,64.97993502,65.33993466,64.97993502,65.20993479
2025-08-26T17:25:00Z,64.85993514,64.85993514,64.85993514,64.85993514
2025-08-26T17:30:00Z,64.47993552,64.52993547,64.15993584,64.15993584
2025-08-26T17:35:00Z,64.42993557,64.42993557,64.40993559,64.40993559
2025-08-26T17:55:00Z,64.12993587,64.12993587,64.12993587,64.12993587
2025-08-26T18:00:00Z,64.84993515,64.84993515,64.84993515,64.84993515
2025-08-26T18:20:00Z,64.6999353,64.6999353,64.6999353,64.6999353
2025-08-26T18:25:00Z,64.64993535,64.64993535,64.64993535,64.64993535
2025-08-26T18:30:00Z,64.4999355,64.4999355,64.4999355,64.4999355
2025-08-26T18:40:00Z,64.63993536,64.63993536,64.63993536,64.63993536
2025-08-26T18:45:00Z,64.5999354,64.71993528,64.55993544,64.71993528
2025-08-26T18:50:00Z,64.999935,64.999935,64.999935,64.999935
2025-08-26T18:55:00Z,65.07993492,65.07993492,65.07993492,65.07993492
2025-08-26T19:00:00Z,64.999935,65.04993495,64.999935,65.04993495
2025-08-26T19:15:00Z,65.0999349,65.24993475,65.0999349,65.24993475
2025-08-26T19:20:00Z,65.36993463,65.4999345,65.36993463,65.4999345
2025-08-26T19:25:00Z,65.41993458,65.52993447,65.38993461,65.44993455
2025-08-26T19:30:00Z,65.62993437,65.62993437,65.48993451,65.48993451
2025-08-26T19:35:00Z,65.44993455,65.44993455,65.33993466,65.33993466
2025-08-26T19:40:00Z,65.11993488,65.11993488,65.08993491,65.08993491
2025-08-26T19:50:00Z,65.44993455,65.5999344,65.1999348,65.43993456
2025-08-26T19:55:00Z,65.23993476,65.37993462,65.23993476,65.37993462
2025-08-27T13:30:00Z,65.26993473,66.64993335,64.50993549,66.64993335
2025-08-27T13:35:00Z,66.64993335,66.81993318,64.77993522,64.97993502
2025-08-27T13:40:00Z,64.95993504,65.12993487,64.48993551,64.90993509
2025-08-27T13:45:00Z,64.88993511,64.999935,63.999936,64.17993582
2025-08-27T13:50:00Z,64.3999356,64.3999356,64.08993591,64.08993591
2025-08-27T13:55:00Z,64.34993565,64.34993565,63.86993613,63.86993613
2025-08-27T14:00:00Z,64.1999358,64.31993568,64.1999358,64.27993572
2025-08-27T14:05:00Z,63.999936,63.999936,63.76993623,63.76993623
2025-08-27T14:10:00Z,63.74993625,63.8999361,63.4999365,63.8999361
2025-08-27T14:15:00Z,64.12993587,64.12993587,64.12993587,64.12993587
2025-08-27T14:25:00Z,64.4999355,64.5999354,64.0999359,64.0999359
2025-08-27T14:30:00Z,64.1999358,64.26993573,63.98993601,63.98993601
2025-08-27T14:35:00Z,64.01993598,64.24993575,64.01993598,64.24993575
2025-08-27T14:40:00Z,63.999936,64.08993591,63.92993607,64.08993591
2025-08-27T14:45:00Z,63.7999362,63.7999362,63.7999362,63.7999362
2025-08-27T14:55:00Z,64.4999355,64.4999355,64.4999355,64.4999355
2025-08-27T15:00:00Z,64.63993536,64.63993536,63.7999362,63.7999362
2025-08-27T15:10:00Z,63.86993613,63.86993613,63.76993623,63.76993623
2025-08-27T15:15:00Z,63.90993609,63.90993609,63.90993609,63.90993609
2025-08-27T15:25:00Z,63.71993628,63.86993613,63.71993628,63.78993621
2025-08-27T15:30:00Z,63.999936,63.999936,63.999936,63.999936
2025-08-27T15:35:00Z,63.91993608,64.16993583,63.91993608,64.14993585
2025-08-27T15:40:00Z,64.00993599,64.00993599,63.7999362,63.7999362
2025-08-27T15:50:00Z,63.93993606,63.93993606,63.93993606,63.93993606
2025-08-27T16:00:00Z,63.50993649,63.50993649,63.50993649,63.50993649
2025-08-27T16:20:00Z,62.999937,62.999937,62.80993719,62.88993711
2025-08-27T16:25:00Z,62.63993736,62.73993726,62.63993736,62.73993726
2025-08-27T16:30:00Z,62.62993737,62.6999373,62.61993738,62.6999373
2025-08-27T16:35:00Z,62.4999375,62.56993743,62.41993758,62.56993743
2025-08-27T17:00:00Z,63.4999365,63.4999365,63.4999365,63.4999365
2025-08-27T17:05:00Z,63.4999365,63.4999365,63.4999365,63.4999365
2025-08-27T17:20:00Z,63.3999366,63.3999366,63.3999366,63.3999366
2025-08-27T17:30:00Z,63.40993659,63.40993659,63.30993669,63.36993663
2025-08-27T17:40:00Z,63.45993654,63.81993618,63.45993654,63.81993618
2025-08-27T17:45:00Z,63.81993618,63.81993618,63.6999363,63.6999363
2025-08-27T17:50:00Z,63.66993633,63.76993623,63.66993633,63.76993623
2025-08-27T18:05:00Z,64.02993597,64.15993584,64.02993597,64.15993584
2025-08-27T18:10:00Z,64.16993583,64.27993572,64.12993587,64.27993572
2025-08-27T18:15:00Z,64.2999357,64.56993543,64.2999357,64.56993543
2025-08-27T18:35:00Z,64.34993565,64.47993552,64.34993565,64.47993552
2025-08-27T18:40:00Z,64.67993532,64.67993532,64.64993535,64.64993535
2025-08-27T18:45:00Z,64.4999355,64.4999355,64.4999355,64.4999355
2025-08-27T18:55:00Z,64.4999355,64.4999355,64.4999355,64.4999355
2025-08-27T19:00:00Z,64.1999358,64.1999358,64.0999359,64.15993584
2025-08-27T19:05:00Z,64.06993593,64.06993593,64.06993593,64.06993593
2025-08-27T19:10:00Z,63.62993637,63.62993637,63.32993667,63.61993638
2025-08-27T19:25:00Z,63.3999366,63.3999366,63.22993677,63.22993677
2025-08-27T19:30:00Z,63.48993651,63.53993646,63.48993651,63.53993646
2025-08-27T19:35:00Z,63.4999365,63.56993643,63.4999365,63.56993643
2025-08-27T19:40:00Z,63.50993649,63.51993648,63.50993649,63.51993648
2025-08-27T19:45:00Z,63.57993642,63.77993622,63.41993658,63.77993622
2025-08-27T19:55:00Z,63.74993625,63.74993625,63.48993651,63.48993651
2025-08-28T13:30:00Z,64.64993535,66.999933,64.64993535,66.999933
2025-08-28T13:35:00Z,66.999933,67.77993222,66.60993339,67.38993261
2025-08-28T13:40:00Z,67.36993263,68.21993178,67.10993289,67.58993241
2025-08-28T13:45:00Z,67.15993284,67.999932,66.63993336,67.58993241
2025-08-28T13:50:00Z,67.15993284,67.35993264,66.30993369,66.30993369
2025-08-28T13:55:00Z,66.999933,66.999933,66.03993396,66.08993391
2025-08-28T14:00:00Z,66.8999331,67.68993231,66.84993315,67.47993252
2025-08-28T14:05:00Z,67.63993236,68.25993174,67.63993236,67.6999323
2025-08-28T14:10:00Z,67.92993207,68.28993171,67.6999323,68.28993171
2025-08-28T14:15:00Z,67.999932,68.02993197,66.999933,66.999933
2025-08-28T14:20:00Z,66.72993327,66.999933,66.5999334,66.999933
2025-08-28T14:25:00Z,66.91993308,67.04493295,66.85993314,66.85993314
2025-08-28T14:30:00Z,67.2999327,67.2999327,67.23993276,67.23993276
2025-08-28T14:35:00Z,67.23993276,67.78993221,67.23993276,67.78993221
2025-08-28T14:40:00Z,67.87993212,68.15993184,67.72993227,67.7999322
2025-08-28T14:45:00Z,67.97993202,67.97993202,67.97993202,67.97993202
2025-08-28T14:50:00Z,67.91993208,67.91993208,67.90993209,67.90993209
2025-08-28T14:55:00Z,68.05993194,68.51993148,68.05993194,68.2999317
2025-08-28T15:00:00Z,67.91993208,68.02993197,67.74993225,67.75993224
2025-08-28T15:05:00Z,68.05993194,68.54993145,68.01993198,68.54993145
2025-08-28T15:10:00Z,68.60993139,68.74993125,68.57993142,68.60993139
2025-08-28T15:15:00Z,68.87993112,68.999931,68.87993112,68.8999311
2025-08-28T15:20:00Z,68.94993105,68.94993105,68.94993105,68.94993105
2025-08-28T15:25:00Z,68.97993102,69.08993091,68.7999312,69.08993091
2025-08-28T15:30:00Z,69.27993072,69.6999303,69.27993072,69.6999303
2025-08-28T15:35:00Z,69.60993039,69.60993039,69.50993049,69.50993049
2025-08-28T15:40:00Z,69.4999305,69.4999305,68.999931,68.999931
2025-08-28T15:45:00Z,69.06993093,69.0999309,69.05993094,69.06993093
2025-08-28T15:50:00Z,69.14993085,69.1999308,69.14993085,69.14993085
2025-08-28T15:55:00Z,69.05993094,69.07993092,68.7999312,68.7999312
2025-08-28T16:00:00Z,69.01493099,69.20993079,69.01493099,69.20993079
2025-08-28T16:05:00Z,69.13493087,69.13493087,69.13493087,69.13493087
2025-08-28T16:10:00Z,69.17993082,69.17993082,69.17993082,69.17993082
2025-08-28T16:15:00Z,69.31993068,69.60993039,69.26993073,69.4999305
2025-08-28T16:20:00Z,69.56993043,69.5999304,69.56993043,69.5999304
2025-08-28T16:25:00Z,69.6999303,70.01992998,69.64993035,69.68993031
2025-08-28T16:30:00Z,69.43993056,69.5999304,69.43993056,69.5999304
2025-08-28T16:35:00Z,69.65993034,70.1999298,69.65993034,70.0999299
2025-08-28T16:45:00Z,70.42992957,70.44992955,70.2999297,70.2999297
2025-08-28T16:50:00Z,70.1999298,70.3999296,70.1999298,70.3999296
2025-08-28T16:55:00Z,70.11992988,70.11992988,70.11992988,70.11992988
2025-08-28T17:00:00Z,70.04992995,70.43992956,70.04992995,70.33992966
2025-08-28T17:05:00Z,69.99993,69.99993,69.74993025,69.74993025
2025-08-28T17:10:00Z,69.74993025,69.74993025,69.67993032,69.67993032
2025-08-28T17:15:00Z,69.84993015,69.84993015,69.7999302,69.7999302
2025-08-28T17:25:00Z,69.93993006,69.98993001,69.91993008,69.98993001
2025-08-28T17:30:00Z,70.00992999,70.00992999,70.00992999,70.00992999
2025-08-28T17:40:00Z,69.98993001,69.98993001,69.98993001,69.98993001
2025-08-28T17:45:00Z,69.74993025,69.74993025,69.74993025,69.74993025
2025-08-28T17:50:00Z,69.81993018,69.81993018,69.65993034,69.65993034
2025-08-28T17:55:00Z,69.4999305,69.4999305,69.46993053,69.46993053
2025-08-28T18:00:00Z,69.45993054,69.71993028,69.45993054,69.70993029
2025-08-28T18:05:00Z,69.77993022,69.77993022,69.77993022,69.77993022
2025-08-28T18:10:00Z,69.72993027,69.73993026,69.72993027,69.73993026
2025-08-28T18:15:00Z,69.58993041,69.58993041,69.55993044,69.55993044
2025-08-28T18:20:00Z,69.4999305,69.60993039,69.4999305,69.57993042
2025-08-28T18:25:00Z,69.66993033,69.67993032,69.66993033,69.67993032
2025-08-28T18:30:00Z,69.57993042,69.63993036,69.57993042,69.63993036
2025-08-28T18:35:00Z,69.7999302,69.7999302,69.7999302,69.7999302
2025-08-28T18:40:00Z,69.86993013,69.8999301,69.82993017,69.82993017
2025-08-28T18:45:00Z,69.86993013,69.86993013,69.86993013,69.86993013
2025-08-28T18:50:00Z,69.4999305,69.4999305,69.25993074,69.26993073
2025-08-28T18:55:00Z,69.24993075,69.38993061,69.24993075,69.38993061
2025-08-28T19:05:00Z,69.35993064,69.43993056,69.24993075,69.30993069
2025-08-28T19:10:00Z,69.15993084,69.15993084,69.04993095,69.04993095
2025-08-28T19:15:00Z,68.80993119,68.80993119,68.73993126,68.7999312
2025-08-28T19:20:00Z,68.81993118,68.8999311,68.81993118,68.8999311
2025-08-28T19:25:00Z,68.73993126,68.76993123,68.72993127,68.72993127
2025-08-28T19:30:00Z,68.74993125,68.999931,68.74993125,68.999931
2025-08-28T19:40:00Z,68.84993115,68.93993106,68.84993115,68.93993106
2025-08-28T19:45:00Z,69.31993068,69.31993068,69.31993068,69.31993068
2025-08-28T19:50:00Z,69.27993072,69.27993072,69.06993093,69.06993093
2025-08-28T19:55:00Z,69.18993081,69.32993067,68.96993103,68.96993103
2025-08-29T13:30:00Z,68.27993172,68.88993111,68.11993188,68.88993111
2025-08-29T13:35:00Z,69.10993089,69.6999303,68.42493157,68.42493157
2025-08-29T13:40:00Z,68.0999319,69.20993079,68.0999319,68.6999313
2025-08-29T13:45:00Z,68.5999314,68.61993138,67.62993237,67.62993237
2025-08-29T13:50:00Z,67.74993225,68.11993188,67.74993225,68.11993188
2025-08-29T13:55:00Z,67.82993217,67.82993217,67.65993234,67.65993234
2025-08-29T14:00:00Z,68.28993171,68.3999316,67.63993236,67.63993236
2025-08-29T14:05:00Z,67.70993229,67.82993217,67.07993292,67.82993217
2025-08-29T14:10:00Z,67.50993249,68.11993188,67.1999328,68.11993188
2025-08-29T14:15:00Z,67.37993262,67.47993252,66.78993321,67.15993284
2025-08-29T14:20:00Z,67.96993203,68.0999319,67.8999321,68.0999319
2025-08-29T14:25:00Z,67.72993227,68.05993194,67.52993247,68.05993194
2025-08-29T14:30:00Z,67.91993208,68.28993171,67.88993211,68.27993172
2025-08-29T14:35:00Z,68.22993177,68.22993177,68.22993177,68.22993177
2025-08-29T14:40:00Z,67.85993214,67.85993214,67.5999324,67.61993238
2025-08-29T14:45:00Z,67.4999325,67.73993226,67.31993268,67.54993245
2025-08-29T14:50:00Z,67.61993238,67.61993238,66.7999332,66.7999332
2025-08-29T14:55:00Z,66.76993323,66.87993312,65.999934,66.33993366
2025-08-29T15:00:00Z,66.65993334,66.71993328,66.65993334,66.71993328
2025-08-29T15:05:00Z,66.65993334,67.0999329,66.47993352,67.0999329
2025-08-29T15:10:00Z,67.56993243,67.56993243,67.56993243,67.56993243
2025-08-29T15:15:00Z,67.999932,67.999932,67.83993216,67.83993216
2025-08-29T15:20:00Z,68.04993195,68.04993195,68.04993195,68.04993195
2025-08-29T15:25:00Z,68.06993193,68.17993182,67.84993215,67.84993215
2025-08-29T15:30:00Z,67.41993258,67.50493249,67.41993258,67.4999325
2025-08-29T16:00:00Z,67.68993231,67.68993231,67.52993247,67.52993247
2025-08-29T16:05:00Z,67.37993262,67.62993237,67.37993262,67.62993237
2025-08-29T16:10:00Z,67.80993219,68.1999318,67.80993219,68.1999318
2025-08-29T16:15:00Z,68.4999315,68.4999315,68.4999315,68.4999315
2025-08-29T16:20:00Z,68.41993158,68.41993158,68.41993158,68.41993158
2025-08-29T16:25:00Z,68.32993167,68.32993167,67.999932,67.999932
2025-08-29T16:35:00Z,68.00993199,68.00993199,68.00993199,68.00993199
2025-08-29T16:45:00Z,68.04993195,68.04993195,68.04993195,68.04993195
2025-08-29T16:50:00Z,68.28993171,68.2999317,68.28993171,68.2999317
2025-08-29T17:00:00Z,67.55993244,67.55993244,67.27993272,67.27993272
2025-08-29T17:05:00Z,67.04993295,67.07993292,66.999933,67.07993292
2025-08-29T17:10:00Z,66.65993334,66.68993331,66.60993339,66.60993339
2025-08-29T17:15:00Z,66.53993346,66.53993346,66.53993346,66.53993346
2025-08-29T17:25:00Z,66.95993304,67.04993295,66.41993358,66.41993358
2025-08-29T17:30:00Z,66.47993352,66.47993352,66.47993352,66.47993352
2025-08-29T17:40:00Z,66.63993336,66.63993336,66.63993336,66.63993336
2025-08-29T17:45:00Z,66.53493346,66.53493346,66.44993355,66.44993355
2025-08-29T17:50:00Z,66.77993322,66.77993322,66.77993322,66.77993322
2025-08-29T17:55:00Z,66.76993323,66.76993323,66.76993323,66.76993323
2025-08-29T18:10:00Z,66.999933,67.14993285,66.999933,67.14993285
2025-08-29T18:15:00Z,67.1999328,67.1999328,67.1999328,67.1999328
2025-08-29T18:45:00Z,66.999933,66.999933,66.999933,66.999933
2025-08-29T18:50:00Z,67.1999328,67.1999328,67.1999328,67.1999328
2025-08-29T18:55:00Z,67.64993235,67.64993235,67.64993235,67.64993235
2025-08-29T19:05:00Z,67.46993253,67.74993225,67.46993253,67.74993225
2025-08-29T19:10:00Z,67.82993217,67.82993217,67.82993217,67.82993217
2025-08-29T19:15:00Z,68.04993195,68.0999319,68.04993195,68.0999319
2025-08-29T19:20:00Z,67.999932,67.999932,67.999932,67.999932
2025-08-29T19:25:00Z,67.83993216,67.83993216,67.80993219,67.80993219
2025-08-29T19:30:00Z,67.94993205,68.05993194,67.94993205,68.05993194
2025-08-29T19:35:00Z,67.86993213,67.96993203,67.85993214,67.96993203
2025-08-29T19:40:00Z,68.4999315,68.4999315,68.4999315,68.4999315
2025-08-29T19:45:00Z,68.4999315,68.4999315,68.37993162,68.44993155
2025-08-29T19:50:00Z,68.0999319,68.10993189,67.61993238,67.61993238
2025-08-29T19:55:00Z,67.62993237,67.78993221,67.62993237,67.74993225
2025-09-02T13:30:00Z,62.999937,63.06993693,60.64993935,61.02993897
2025-09-02T13:35:00Z,61.0999389,63.7999362,60.74993925,63.65993634
2025-09-02T13:40:00Z,63.70993629,64.999935,63.62993637,64.999935
2025-09-02T13:45:00Z,65.0999349,66.37993362,65.0999349,65.80993419
2025-09-02T13:50:00Z,66.23993376,66.23993376,65.52993447,65.999934
2025-09-02T13:55:00Z,65.83993416,66.05993394,65.83993416,66.05993394
2025-09-02T14:00:00Z,66.7999332,66.84993315,66.13993386,66.13993386
2025-09-02T14:05:00Z,65.72993427,65.85993414,65.32993467,65.32993467
2025-09-02T14:10:00Z,65.12993487,65.90993409,65.12993487,65.66993433
2025-09-02T14:15:00Z,65.32993467,65.71993428,65.32993467,65.71993428
2025-09-02T14:20:00Z,65.91993408,66.26993373,65.91993408,65.999934
2025-09-02T14:25:00Z,65.6999343,66.53993346,65.6999343,66.53993346
2025-09-02T14:30:00Z,66.87993312,66.87993312,66.76993323,66.76993323
2025-09-02T14:35:00Z,66.70993329,66.999933,66.66993333,66.66993333
2025-09-02T14:40:00Z,66.74993325,66.82993317,66.48993351,66.48993351
2025-09-02T14:45:00Z,66.00993399,66.00993399,66.00993399,66.00993399
2025-09-02T14:50:00Z,65.55993444,65.6999343,65.54993445,65.6999343
2025-09-02T14:55:00Z,65.5999344,66.28993371,65.5999344,66.28993371
2025-09-02T15:00:00Z,66.57993342,66.57993342,66.44993355,66.44993355
2025-09-02T15:05:00Z,66.47993352,66.47993352,66.36993363,66.36993363
2025-09-02T15:10:00Z,66.0999339,66.44993355,66.0999339,66.44993355
2025-09-02T15:15:00Z,65.84993415,65.84993415,65.52993447,65.52993447
2025-09-02T15:30:00Z,65.14993485,65.14993485,65.14993485,65.14993485
2025-09-02T15:35:00Z,64.999935,64.999935,64.75993524,64.90993509
2025-09-02T15:40:00Z,64.6999353,64.999935,64.65993534,64.65993534
2025-09-02T15:45:00Z,64.54993545,64.63993536,64.54993545,64.63993536
2025-09-02T15:50:00Z,64.77993522,64.77993522,64.6999353,64.6999353
2025-09-02T15:55:00Z,65.02993497,65.02993497,65.02993497,65.02993497
2025-09-02T16:00:00Z,65.12993487,65.33993466,65.04993495,65.33993466
2025-09-02T16:05:00Z,65.13993486,65.13993486,65.12993487,65.12993487
2025-09-02T16:15:00Z,64.86993513,64.96993503,64.86993513,64.96993503
2025-09-02T16:20:00Z,65.07993492,65.07993492,65.07993492,65.07993492
2025-09-02T16:25:00Z,65.05993494,65.05993494,65.05993494,65.05993494
2025-09-02T16:30:00Z,65.61993438,65.61993438,65.61993438,65.61993438
2025-09-02T16:40:00Z,65.47993452,65.66993433,65.47993452,65.66993433
2025-09-02T16:50:00Z,65.34993465,65.34993465,65.33993466,65.33993466
2025-09-02T17:00:00Z,65.56993443,65.56993443,65.48993451,65.48993451
2025-09-02T17:05:00Z,65.12993487,65.21993478,65.11993488,65.21993478
2025-09-02T17:10:00Z,65.23993476,65.23993476,65.23993476,65.23993476
2025-09-02T17:15:00Z,65.57993442,65.57993442,65.52993447,65.52993447
2025-09-02T17:25:00Z,65.95993404,66.37993362,65.95993404,66.37993362
2025-09-02T17:30:00Z,66.74993325,66.87993312,66.74993325,66.83993316
2025-09-02T17:35:00Z,66.97993302,67.0999329,66.97993302,67.0999329
2025-09-02T17:40:00Z,67.57993242,68.38993161,67.57993242,68.38993161
2025-09-02T17:45:00Z,68.39493161,68.39493161,68.18993181,68.18993181
2025-09-02T17:50:00Z,68.37493163,68.37493163,67.66993233,67.6999323
2025-09-02T18:00:00Z,67.48993251,67.51993248,67.48993251,67.51993248
2025-09-02T18:15:00Z,67.60993239,67.60993239,67.46993253,67.46993253
2025-09-02T18:20:00Z,67.3999326,67.3999326,67.3999326,67.3999326
2025-09-02T18:30:00Z,67.23993276,67.23993276,66.999933,66.999933
2025-09-02T18:35:00Z,67.12993287,67.12993287,67.12993287,67.12993287
2025-09-02T18:45:00Z,67.54493245,67.61993238,67.54493245,67.55993244
2025-09-02T18:50:00Z,68.18993181,68.20993179,68.17993182,68.2049318
2025-09-02T19:00:00Z,67.64493235,67.68993231,67.64493235,67.68993231
2025-09-02T19:05:00Z,67.5999324,67.5999324,67.5999324,67.5999324
2025-09-02T19:15:00Z,67.66993233,67.68993231,67.66993233,67.68993231
2025-09-02T19:20:00Z,67.67993232,67.73993226,67.67993232,67.73993226
2025-09-02T19:25:00Z,67.6999323,67.6999323,67.6999323,67.6999323
2025-09-02T19:30:00Z,67.85993214,67.999932,67.84993215,67.84993215
2025-09-02T19:35:00Z,68.04993195,68.36993163,68.04993195,68.35993164
2025-09-02T19:40:00Z,68.1999318,68.1999318,68.11993188,68.11993188
2025-09-02T19:45:00Z,67.91993208,68.01993198,67.91993208,68.01993198
2025-09-02T19:50:00Z,68.01993198,68.36993163,68.01993198,68.36993163
2025-09-02T19:55:00Z,68.51993148,68.64993135,68.51993148,68.64993135
2025-09-03T13:30:00Z,71.3999286,72.51992748,69.95993004,70.32992967
2025-09-03T13:35:00Z,70.999929,71.999928,70.48992951,70.48992951
2025-09-03T13:40:00Z,70.999929,71.47992852,70.68992931,71.22992877
2025-09-03T13:45:00Z,71.48992851,71.999928,71.33992866,71.91992808
2025-09-03T13:50:00Z,72.05992794,72.5999274,71.94992805,71.94992805
2025-09-03T13:55:00Z,71.25992874,71.4999285,71.16992883,71.4999285
2025-09-03T14:00:00Z,71.75992824,72.73992726,71.75992824,72.72992727
2025-09-03T14:05:00Z,72.78492722,72.78492722,72.35992764,72.62992737
2025-09-03T14:10:00Z,72.66992733,72.6999273,71.80992819,71.85992814
2025-09-03T14:15:00Z,71.84992815,72.41992758,71.78992821,72.3999276
2025-09-03T14:20:00Z,72.32992767,72.54992745,72.22992777,72.31992768
2025-09-03T14:25:00Z,72.25992774,72.64992735,72.20992779,72.3999276
2025-09-03T14:30:00Z,72.41992758,72.7999272,72.10992789,72.7999272
2025-09-03T14:35:00Z,72.999927,73.31992668,72.97992702,73.31992668
2025-09-03T14:40:00Z,72.94992705,73.24992675,72.94992705,73.2049268
2025-09-03T14:45:00Z,73.44992655,73.5999264,72.999927,73.26992673
2025-09-03T14:50:00Z,73.0999269,73.0999269,72.74992725,72.74992725
2025-09-03T14:55:00Z,72.36992763,72.43992756,72.01992798,72.11492788
2025-09-03T15:00:00Z,72.26992773,72.35992764,71.94992805,72.10992789
2025-09-03T15:05:00Z,72.31992768,72.4999275,72.27992772,72.4999275
2025-09-03T15:10:00Z,72.26992773,72.26992773,72.23992776,72.23992776
2025-09-03T15:15:00Z,72.55992744,72.55992744,71.91992808,71.93992806
2025-09-03T15:20:00Z,71.80992819,71.80992819,71.67992832,71.67992832
2025-09-03T15:25:00Z,71.61992838,71.61992838,71.4999285,71.61992838
2025-09-03T15:30:00Z,71.46992853,71.67992832,71.44992855,71.67992832
2025-09-03T15:35:00Z,71.8999281,72.0999279,71.8999281,72.0999279
2025-09-03T15:40:00Z,71.85992814,71.85992814,71.67992832,71.67992832
2025-09-03T15:45:00Z,71.67992832,71.67992832,71.4999285,71.52992847
2025-09-03T15:50:00Z,71.64992835,71.81992818,71.55992844,71.81992818
2025-09-03T15:55:00Z,71.7999282,71.84992815,71.77992822,71.84992815
2025-09-03T16:00:00Z,71.7999282,71.7999282,71.5999284,71.5999284
2025-09-03T16:05:00Z,72.24992775,72.24992775,72.23992776,72.23992776
2025-09-03T16:10:00Z,72.34992765,72.34992765,72.20992779,72.23992776
2025-09-03T16:15:00Z,72.15992784,72.15992784,71.77992822,71.77992822
2025-09-03T16:20:00Z,72.0999279,72.0999279,72.0999279,72.0999279
2025-09-03T16:25:00Z,72.06492794,72.21492779,71.72992827,72.21492779
2025-09-03T16:30:00Z,72.17992782,72.17992782,72.17992782,72.17992782
2025-09-03T16:40:00Z,71.56992843,71.76992823,71.56992843,71.76992823
2025-09-03T16:50:00Z,71.67992832,71.67992832,71.67992832,71.67992832
2025-09-03T17:00:00Z,72.00992799,72.30992769,72.00992799,72.30992769
2025-09-03T17:05:00Z,72.45992754,72.4999275,72.21992778,72.21992778
2025-09-03T17:10:00Z,72.28992771,72.44992755,72.28992771,72.44992755
2025-09-03T17:20:00Z,72.1999278,72.1999278,72.10992789,72.10992789
2025-09-03T17:25:00Z,72.08992791,72.12992787,72.08992791,72.12992787
2025-09-03T17:30:00Z,71.62992837,71.62992837,71.62992837,71.62992837
2025-09-03T17:40:00Z,71.31992868,71.31992868,71.28992871,71.28992871
2025-09-03T17:45:00Z,71.28992871,71.28992871,70.96992903,70.96992903
2025-09-03T18:00:00Z,70.54992945,70.54992945,70.54992945,70.54992945
2025-09-03T18:05:00Z,70.31992968,70.51992948,70.31992968,70.51992948
2025-09-03T18:10:00Z,70.72992927,70.73992926,70.72992927,70.73992926
2025-09-03T18:15:00Z,70.61992938,70.61992938,70.60992939,70.60992939
2025-09-03T18:20:00Z,70.3999296,70.52992947,70.25992974,70.25992974
2025-09-03T18:25:00Z,70.34992965,70.34992965,70.34992965,70.34992965
2025-09-03T18:30:00Z,70.0999299,70.0999299,69.8999301,69.94993005
2025-09-03T18:35:00Z,69.7999302,69.7999302,69.56993043,69.56993043
2025-09-03T18:40:00Z,69.83993016,70.08492991,69.83993016,70.08492991
2025-09-03T18:45:00Z,70.1999298,70.1999298,70.1999298,70.1999298
2025-09-03T18:50:00Z,70.17992982,70.17992982,70.17992982,70.17992982
2025-09-03T18:55:00Z,70.57992942,70.57992942,70.51992948,70.51992948
2025-09-03T19:00:00Z,70.07992992,70.07992992,69.81993018,69.81993018
2025-09-03T19:15:00Z,69.84993015,69.95993004,69.84993015,69.95993004
2025-09-03T19:20:00Z,70.08992991,70.08992991,69.90993009,69.90993009
2025-09-03T19:30:00Z,69.80993019,69.80993019,69.80993019,69.80993019
2025-09-03T19:35:00Z,69.99993,70.03992996,69.99993,70.03992996
2025-09-03T19:45:00Z,70.00992999,70.00992999,70.00992999,70.00992999
2025-09-03T19:50:00Z,70.01992998,70.01992998,70.01992998,70.01992998
2025-09-03T19:55:00Z,69.97993002,70.15992984,69.97993002,70.15992984
2025-09-04T13:30:00Z,73.19492681,76.7999232,72.999927,74.48992551
2025-09-04T13:35:00Z,74.33992566,74.44492556,73.67492632,74.44492556
2025-09-04T13:40:00Z,74.61992538,74.999925,73.36992663,73.53992646
2025-09-04T13:45:00Z,74.4999255,74.4999255,72.999927,72.999927
2025-09-04T13:50:00Z,72.90992709,73.64992635,72.84992715,73.47992652
2025-09-04T13:55:00Z,73.55992644,74.04992595,73.05992694,73.8999261
2025-09-04T14:00:00Z,73.94992605,73.999926,71.7999282,71.84992815
2025-09-04T14:05:00Z,71.73992826,72.48992751,71.5999284,72.48992751
2025-09-04T14:10:00Z,72.26992773,72.62992737,72.01992798,72.01992798
2025-09-04T14:15:00Z,71.92992807,71.92992807,71.24992875,71.53992846
2025-09-04T14:20:00Z,71.44992855,71.98992801,71.2999287,71.98992801
2025-09-04T14:25:00Z,72.17992782,72.34992765,71.999928,72.34992765
2025-09-04T14:30:00Z,72.82992717,73.00992699,72.82992717,73.00992699
2025-09-04T14:35:00Z,72.95992704,73.45992654,72.95992704,73.2999267
2025-09-04T14:40:00Z,73.37992662,73.48992651,73.24992675,73.26992673
2025-09-04T14:45:00Z,73.51992648,73.67992632,73.41992658,73.55992644
2025-09-04T14:50:00Z,73.87992612,73.87992612,73.63992636,73.84992615
2025-09-04T14:55:00Z,73.74992625,73.74992625,72.72992727,72.72992727
2025-09-04T15:00:00Z,72.6999273,72.72992727,72.13492787,72.13492787
2025-09-04T15:05:00Z,71.92992807,72.15992784,71.92992807,72.03992796
2025-09-04T15:10:00Z,71.87992812,71.98992801,71.74992825,71.74992825
2025-09-04T15:15:00Z,72.43492757,72.43492757,72.32992767,72.32992767
2025-09-04T15:20:00Z,72.42992757,72.42992757,71.98992801,71.98992801
2025-09-04T15:25:00Z,72.15992784,72.15992784,71.76992823,71.76992823
2025-09-04T15:30:00Z,71.76992823,72.00992799,71.74992825,71.87992812
2025-09-04T15:35:00Z,72.01992798,72.51992748,71.97992802,72.46992753
2025-09-04T15:40:00Z,72.72992727,73.01992698,72.56992743,72.92992707
2025-09-04T15:45:00Z,72.81992718,73.32992667,72.81992718,73.28992671
2025-09-04T15:50:00Z,73.4999265,73.51992648,73.4999265,73.4999265
2025-09-04T15:55:00Z,73.36992663,73.36992663,73.23992676,73.25992674
2025-09-04T16:00:00Z,72.4999275,72.4999275,72.4999275,72.4999275
2025-09-04T16:05:00Z,72.18992781,72.6999273,72.18992781,72.52992747
2025-09-04T16:20:00Z,72.78992721,72.78992721,72.6999273,72.6999273
2025-09-04T16:25:00Z,72.74992725,72.74992725,72.6999273,72.6999273
2025-09-04T16:30:00Z,72.7999272,73.4999265,72.7999272,73.4999265
2025-09-04T16:35:00Z,73.44992655,73.44992655,73.3999266,73.3999266
2025-09-04T16:45:00Z,73.40992659,73.40992659,73.3999266,73.3999266
2025-09-04T16:50:00Z,74.1999258,74.21992578,73.77992622,73.83992616
2025-09-04T16:55:00Z,73.81992618,73.98992601,73.72992627,73.72992627
2025-09-04T17:00:00Z,74.08492592,74.12992587,74.08492592,74.12992587
2025-09-04T17:05:00Z,74.04992595,74.04992595,73.53992646,73.53992646
2025-09-04T17:10:00Z,73.24992675,73.31992668,73.24992675,73.31992668
2025-09-04T17:20:00Z,73.21992678,73.54992645,73.21992678,73.54992645
2025-09-04T17:25:00Z,73.64992635,73.64992635,73.61992638,73.64992635
2025-09-04T17:35:00Z,73.34492666,73.34492666,72.999927,72.999927
2025-09-04T17:45:00Z,73.52992647,73.52992647,73.37992662,73.47992652
2025-09-04T17:50:00Z,73.67992632,73.67992632,73.67992632,73.67992632
2025-09-04T17:55:00Z,73.46992653,73.48992651,73.46992653,73.48992651
2025-09-04T18:05:00Z,73.75992624,73.999926,73.75992624,73.95992604
2025-09-04T18:20:00Z,73.999926,73.999926,73.999926,73.999926
2025-09-04T18:25:00Z,74.08992591,74.08992591,73.8999261,73.96992603
2025-09-04T18:30:00Z,74.08992591,74.24992575,74.08992591,74.24992575
2025-09-04T18:35:00Z,74.33992566,74.34992565,74.27992572,74.27992572
2025-09-04T18:40:00Z,74.4999255,74.4999255,74.14992585,74.14992585
2025-09-04T18:45:00Z,74.24992575,74.24992575,74.24992575,74.24992575
2025-09-04T18:55:00Z,74.27992572,74.27992572,74.15992584,74.15992584
2025-09-04T19:00:00Z,74.34992565,74.34992565,74.34992565,74.34992565
2025-09-04T19:05:00Z,74.06992593,74.06992593,74.02992597,74.02992597
2025-09-04T19:10:00Z,73.64992635,73.82992617,73.64992635,73.82992617
2025-09-04T19:15:00Z,73.84992615,73.84992615,73.84992615,73.84992615
2025-09-04T19:20:00Z,74.01992598,74.15992584,74.01992598,74.15992584
2025-09-04T19:25:00Z,74.1999258,74.23992576,74.01992598,74.01992598
2025-09-04T19:30:00Z,73.75492625,73.75492625,73.53992646,73.53992646
2025-09-04T19:35:00Z,73.51992648,73.5999264,73.46992653,73.5999264
2025-09-04T19:40:00Z,73.8999261,74.30992569,73.8999261,73.96992603
2025-09-04T19:45:00Z,73.86992613,73.86992613,73.55992644,73.6999263
2025-09-04T19:50:00Z,73.67992632,73.999926,73.67992632,73.87492613
2025-09-04T19:55:00Z,73.7999262,73.90992609,73.66992633,73.90992609
2025-09-05T13:30:00Z,75.0999249,75.13492487,73.57992642,73.85992614
2025-09-05T13:35:00Z,73.65992634,73.85992614,70.74992925,70.74992925
2025-09-05T13:40:00Z,70.82992917,73.00992699,70.82992917,72.54992745
2025-09-05T13:45:00Z,72.18992781,72.18992781,71.24992875,72.14992785
2025-09-05T13:50:00Z,72.17992782,72.74992725,71.80992819,71.97992802
2025-09-05T13:55:00Z,71.4999285,71.60992839,70.3999296,70.47992952
2025-09-05T14:00:00Z,69.91993008,70.44992955,69.78993021,70.15992984
2025-09-05T14:05:00Z,70.47992952,70.47992952,69.62993037,70.16992983
2025-09-05T14:10:00Z,70.62992937,70.999929,70.62992937,70.95992904
2025-09-05T14:15:00Z,70.90992909,70.90992909,69.5999304,69.5999304
2025-09-05T14:20:00Z,69.91993008,70.32992967,69.44993055,69.44993055
2025-09-05T14:25:00Z,69.02993097,69.02993097,68.3999316,68.5999314
2025-09-05T14:30:00Z,68.64993135,68.64993135,67.4999325,67.74993225
2025-09-05T14:35:00Z,67.84993215,67.999932,67.54993245,67.71993228
2025-09-05T14:40:00Z,67.82993217,67.82993217,66.74993325,66.74993325
2025-09-05T14:45:00Z,66.77993322,66.77993322,65.62993437,65.7999342
2025-09-05T14:50:00Z,65.999934,67.63993236,65.999934,67.63993236
2025-09-05T14:55:00Z,67.71993228,67.71993228,66.1999338,66.1999338
2025-09-05T15:00:00Z,66.14993385,66.34993365,64.8999351,65.04993495
2025-09-05T15:05:00Z,65.03993496,65.82993417,64.999935,65.66993433
2025-09-05T15:10:00Z,65.58993441,66.07993392,65.33993466,66.05993394
2025-09-05T15:15:00Z,66.7999332,66.7999332,65.87993412,65.87993412
2025-09-05T15:20:00Z,66.51993348,66.90993309,66.16993383,66.3999336
2025-09-05T15:25:00Z,66.41993358,66.42993357,66.25993374,66.25993374
2025-09-05T15:30:00Z,67.25993274,68.10993189,67.12993287,67.78993221
2025-09-05T15:35:00Z,68.14993185,68.67993132,68.04993195,68.55993144
2025-09-05T15:40:00Z,68.54993145,68.82993117,68.2999317,68.74993125
2025-09-05T15:45:00Z,68.43993156,69.06993093,68.30993169,69.06993093
2025-09-05T15:50:00Z,69.08993091,69.11993088,68.3999316,68.3999316
2025-09-05T15:55:00Z,68.94993105,69.14993085,68.64993135,69.08993091
2025-09-05T16:00:00Z,69.0999309,69.23993076,68.61993138,68.61993138
2025-09-05T16:05:00Z,68.52993147,68.53993146,68.34993165,68.35993164
2025-09-05T16:10:00Z,69.20993079,69.45993054,69.11993088,69.45993054
2025-09-05T16:15:00Z,69.46993053,69.46993053,69.04993095,69.04993095
2025-09-05T16:20:00Z,68.95993104,69.66993033,68.7999312,69.66993033
2025-09-05T16:25:00Z,69.72993027,69.72993027,68.67993132,68.67993132
2025-09-05T16:30:00Z,68.68993131,68.70993129,68.06993193,68.06993193
2025-09-05T16:35:00Z,68.00993199,68.00993199,67.999932,67.999932
2025-09-05T16:40:00Z,68.15993184,68.58993141,68.15993184,68.4999315
2025-09-05T16:45:00Z,68.91993108,69.14993085,68.85993114,68.85993114
2025-09-05T16:50:00Z,68.76993123,68.82993117,68.68993131,68.82993117
2025-09-05T17:00:00Z,69.17993082,69.23993076,68.999931,68.999931
2025-09-05T17:05:00Z,68.5999314,68.999931,68.5999314,68.999931
2025-09-05T17:10:00Z,69.44993055,69.44993055,69.32493068,69.32493068
2025-09-05T17:15:00Z,69.51993048,69.87993012,69.35993064,69.35993064
2025-09-05T17:20:00Z,69.40993059,69.80993019,69.40993059,69.80993019
2025-09-05T17:25:00Z,69.84993015,69.95993004,69.81993018,69.95993004
2025-09-05T17:30:00Z,69.28993071,69.43993056,69.28993071,69.43993056
2025-09-05T17:35:00Z,69.26993073,69.60993039,69.25993074,69.2999307
2025-09-05T17:40:00Z,69.30993069,69.30993069,69.08993091,69.08993091
2025-09-05T17:45:00Z,69.24993075,69.31993068,69.24993075,69.31993068
2025-09-05T17:50:00Z,69.41993058,69.41993058,69.41993058,69.41993058
2025-09-05T17:55:00Z,69.47993052,69.78993021,69.47993052,69.71993028
2025-09-05T18:00:00Z,69.80993019,69.91993008,69.80993019,69.91993008
2025-09-05T18:05:00Z,69.85993014,70.06992993,69.85993014,70.01992998
2025-09-05T18:10:00Z,69.99993,70.25992974,69.91993008,70.25992974
2025-09-05T18:15:00Z,70.24992975,70.32992967,70.06992993,70.32992967
2025-09-05T18:20:00Z,69.99993,69.99993,69.54993045,69.73993026
2025-09-05T18:25:00Z,69.55993044,69.55993044,69.50993049,69.53993046
2025-09-05T18:30:00Z,69.91993008,69.91993008,69.74993025,69.74993025
2025-09-05T18:35:00Z,69.82993017,69.86993013,69.82993017,69.84993015
2025-09-05T18:40:00Z,69.7999302,70.03992996,69.7999302,70.03992996
2025-09-05T18:45:00Z,70.34992965,70.64992935,70.26992973,70.45992954
2025-09-05T18:50:00Z,70.48992951,70.48992951,69.87993012,69.92993007
2025-09-05T18:55:00Z,69.84993015,69.84993015,69.60993039,69.83993016
2025-09-05T19:00:00Z,69.8999301,69.8999301,69.46993053,69.51993048
2025-09-05T19:05:00Z,69.96993003,69.96993003,69.96993003,69.96993003
2025-09-05T19:10:00Z,69.8999301,69.8999301,69.88993011,69.88993011
2025-09-05T19:15:00Z,69.64993035,69.83993016,69.43993056,69.43993056
2025-09-05T19:20:00Z,69.3999306,69.3999306,69.34993065,69.35993064
2025-09-05T19:25:00Z,69.68993031,69.76993023,69.68993031,69.76993023
2025-09-05T19:30:00Z,69.87993012,69.97993002,69.7999302,69.7999302
2025-09-05T19:35:00Z,69.98993001,70.07992992,69.70993029,69.70993029
2025-09-05T19:40:00Z,69.99993,69.99993,69.99993,69.99993
2025-09-05T19:45:00Z,70.00992999,70.16992983,69.96993003,70.16992983
2025-09-05T19:50:00Z,70.16992983,70.2999297,69.74993025,69.74993025
2025-09-05T19:55:00Z,69.90993009,70.87992912,69.90993009,70.87992912
2025-09-08T13:30:00Z,84.7999152,86.77991322,83.999916,86.6999133
2025-09-08T13:35:00Z,86.98991301,87.65991234,85.83991416,86.10991389
2025-09-08T13:40:00Z,86.26491374,87.45991254,85.35991464,87.45991254
2025-09-08T13:45:00Z,87.4999125,89.08991091,87.4999125,89.08991091
2025-09-08T13:50:00Z,89.1999108,89.53991046,88.58991141,88.64991135
2025-09-08T13:55:00Z,88.62991137,88.8999111,87.45991254,87.85991214
2025-09-08T14:00:00Z,88.58991141,88.63991136,87.65991234,88.23991176
2025-09-08T14:05:00Z,87.87991212,87.87991212,87.18991281,87.30991269
2025-09-08T14:10:00Z,86.999913,87.2999127,86.43991356,87.2999127
2025-09-08T14:15:00Z,87.2999127,87.47991252,85.08991491,85.17991482
2025-09-08T14:20:00Z,85.1999148,85.30991469,84.3999156,84.73991526
2025-09-08T14:25:00Z,85.01991498,86.06991393,84.80991519,86.06991393
2025-09-08T14:30:00Z,86.0999139,86.4999135,85.44991455,85.44991455
2025-09-08T14:35:00Z,85.47991452,85.52991447,84.85991514,85.13991486
2025-09-08T14:40:00Z,85.02991497,85.4999145,84.6999153,85.2999147
2025-09-08T14:45:00Z,86.03991396,86.0999139,85.25991474,85.25991474
2025-09-08T14:50:00Z,84.84991515,85.22991477,84.7999152,85.13991486
2025-09-08T14:55:00Z,85.31991468,85.7999142,84.94991505,85.48991451
2025-09-08T15:00:00Z,85.74991425,86.25991374,85.18991481,85.25991474
2025-09-08T15:05:00Z,84.86991513,86.5999134,84.76991523,86.5999134
2025-09-08T15:10:00Z,86.76991323,87.16991283,86.76991323,87.14991285
2025-09-08T15:15:00Z,87.03991296,87.03991296,86.2999137,86.4999135
2025-09-08T15:20:00Z,86.45991354,86.80991319,86.32991367,86.73991326
2025-09-08T15:25:00Z,86.30991369,86.72991327,86.2999137,86.72991327
2025-09-08T15:30:00Z,86.33991366,86.999913,86.22991377,86.999913
2025-09-08T15:35:00Z,86.85991314,86.999913,86.71991328,86.77991322
2025-09-08T15:40:00Z,86.8999131,86.8999131,85.88991411,86.16991383
2025-09-08T15:45:00Z,86.72991327,87.1999128,86.67991332,87.1999128
2025-09-08T15:50:00Z,87.32991267,87.5999124,87.1999128,87.48991251
2025-09-08T15:55:00Z,87.4999125,87.7999122,87.34991265,87.58991241
2025-09-08T16:00:00Z,87.8999121,87.90991209,87.6999123,87.81991218
2025-09-08T16:05:00Z,87.80991219,87.999912,87.37991262,87.37991262
2025-09-08T16:10:00Z,87.52991247,87.56991243,87.30991269,87.42991257
2025-09-08T16:15:00Z,87.57991242,87.6999123,87.4999125,87.65991234
2025-09-08T16:20:00Z,87.7999122,87.7999122,87.52991247,87.52991247
2025-09-08T16:25:00Z,87.64991235,87.999912,87.61991238,87.80991219
2025-09-08T16:30:00Z,87.7999122,87.96991203,86.91991308,86.95991304
2025-09-08T16:35:00Z,86.85991314,86.999913,86.40991359,86.54991345
2025-09-08T16:40:00Z,86.41991358,86.6999133,86.41991358,86.64991335
2025-09-08T16:45:00Z,86.74991325,86.74991325,86.38991361,86.4999135
2025-09-08T16:50:00Z,86.45991354,86.45991354,85.61991438,85.61991438
2025-09-08T16:55:00Z,85.8999141,85.8999141,85.55991444,85.55991444
2025-09-08T17:00:00Z,85.47991452,85.98991401,85.32991467,85.98991401
2025-09-08T17:05:00Z,85.48991451,85.48991451,85.31991468,85.40991459
2025-09-08T17:10:00Z,85.48991451,85.51991448,85.48991451,85.51991448
2025-09-08T17:15:00Z,85.51991448,85.51991448,85.16991483,85.18991481
2025-09-08T17:20:00Z,85.16991483,85.16991483,85.04991495,85.04991495
2025-09-08T17:25:00Z,85.46991453,85.46991453,85.42991457,85.42991457
2025-09-08T17:30:00Z,85.32991467,85.36991463,84.999915,84.999915
2025-09-08T17:35:00Z,85.28991471,85.28991471,85.02991497,85.02991497
2025-09-08T17:40:00Z,85.04991495,85.04991495,85.03991496,85.03991496
2025-09-08T17:45:00Z,85.32991467,85.32991467,85.10991489,85.11991488
2025-09-08T17:50:00Z,84.90991509,85.28991471,84.90991509,85.28991471
2025-09-08T17:55:00Z,85.35991464,85.53991446,85.34991465,85.48991451
2025-09-08T18:00:00Z,85.5999144,85.88991411,85.5999144,85.88991411
2025-09-08T18:05:00Z,85.84991415,85.84991415,85.84991415,85.84991415
2025-09-08T18:10:00Z,85.91991408,86.28991371,85.91991408,86.23991376
2025-09-08T18:15:00Z,86.58991341,87.04991295,86.58991341,86.95991304
2025-09-08T18:20:00Z,86.97991302,87.17991282,86.88991311,87.05991294
2025-09-08T18:25:00Z,86.81991318,86.81991318,86.81991318,86.81991318
2025-09-08T18:35:00Z,86.54991345,86.54991345,86.54991345,86.54991345
2025-09-08T18:40:00Z,86.67991332,86.67991332,86.5999134,86.5999134
2025-09-08T18:45:00Z,86.56991343,86.56991343,86.4999135,86.50991349
2025-09-08T18:50:00Z,86.999913,86.999913,86.85991314,86.85991314
2025-09-08T18:55:00Z,86.4999135,86.999913,86.4999135,86.999913
2025-09-08T19:00:00Z,87.04991295,87.35991264,87.04991295,87.18991281
2025-09-08T19:05:00Z,86.98991301,86.98991301,86.55991344,86.61991338
2025-09-08T19:10:00Z,86.53991346,86.6999133,86.51991348,86.67991332
2025-09-08T19:15:00Z,86.51991348,86.51991348,86.27991372,86.4999135
2025-09-08T19:20:00Z,86.81991318,86.81991318,86.81991318,86.81991318
2025-09-08T19:25:00Z,87.07991292,87.2999127,86.8999131,86.8999131
2025-09-08T19:30:00Z,86.999913,86.999913,86.999913,86.999913
2025-09-08T19:35:00Z,87.43991256,87.4999125,87.40991259,87.48991251
2025-09-08T19:40:00Z,87.52991247,87.53991246,87.47991252,87.53991246
2025-09-08T19:45:00Z,87.66991233,87.66991233,87.36991263,87.46991253
2025-09-08T19:50:00Z,87.51991248,87.81991218,87.15991284,87.6999123
2025-09-08T19:55:00Z,87.52991247,87.52991247,86.88991311,87.07991292
2025-09-09T13:30:00Z,86.999913,89.5999104,86.999913,88.75991124
2025-09-09T13:35:00Z,88.28991171,88.95991104,87.74991225,88.95991104
2025-09-09T13:40:00Z,88.6999113,89.36991063,88.01991198,88.97991102
2025-09-09T13:45:00Z,89.16991083,89.51991048,88.77991122,89.1999108
2025-09-09T13:50:00Z,88.62991137,89.20991079,88.62991137,89.20991079
2025-09-09T13:55:00Z,89.45991054,89.58991041,88.45991154,88.74991125
2025-09-09T14:00:00Z,88.12991187,88.12991187,87.36991263,87.51991248
2025-09-09T14:05:00Z,87.88991211,88.26991173,87.43991256,87.43991256
2025-09-09T14:10:00Z,87.00991299,87.52091248,86.999913,87.50991249
2025-09-09T14:15:00Z,87.62991237,88.4999115,87.58991241,87.58991241
2025-09-09T14:20:00Z,88.43991156,88.44991155,87.999912,87.999912
2025-09-09T14:25:00Z,88.61991138,88.82991117,88.4999115,88.63991136
2025-09-09T14:30:00Z,88.6999113,88.82991117,88.35991164,88.35991164
2025-09-09T14:35:00Z,88.30991169,88.3999116,87.4999125,87.4999125
2025-09-09T14:40:00Z,87.87991212,87.999912,87.63991236,87.999912
2025-09-09T14:45:00Z,88.45991154,88.999911,88.45991154,88.8999111
2025-09-09T14:50:00Z,88.88991111,89.25991074,88.88991111,88.96991103
2025-09-09T14:55:00Z,89.1999108,89.62991037,88.91991108,88.91991108
2025-09-09T15:00:00Z,89.07991092,89.07991092,88.3999116,88.3999116
2025-09-09T15:05:00Z,88.13991186,88.13991186,87.65991234,87.65991234
2025-09-09T15:10:00Z,87.4999125,87.54991245,87.02991297,87.02991297
2025-09-09T15:20:00Z,87.8999121,87.93991206,87.8999121,87.91991208
2025-09-09T15:25:00Z,87.78991221,87.78991221,87.25991274,87.4999125
2025-09-09T15:30:00Z,87.3999126,87.46991253,86.84991315,87.14991285
2025-09-09T15:35:00Z,87.05991294,87.05991294,86.75991324,86.75991324
2025-09-09T15:40:00Z,86.81991318,86.83991316,86.4999135,86.77991322
2025-09-09T15:45:00Z,87.15991284,87.15991284,87.15991284,87.15991284
2025-09-09T15:55:00Z,86.98991301,86.98991301,86.74991325,86.74991325
2025-09-09T16:00:00Z,86.6999133,86.6999133,86.67991332,86.67991332
2025-09-09T16:05:00Z,86.73991326,86.73991326,86.60991339,86.65991334
2025-09-09T16:10:00Z,87.70991229,88.07991192,87.70991229,88.04991195
2025-09-09T16:15:00Z,88.28991171,88.36991163,88.28991171,88.36991163
2025-09-09T16:30:00Z,87.00991299,87.00991299,87.00991299,87.00991299
2025-09-09T16:35:00Z,87.34991265,87.34991265,87.34991265,87.34991265
2025-09-09T16:40:00Z,87.64991235,87.74991225,87.64991235,87.74991225
2025-09-09T16:45:00Z,87.71991228,87.96991203,87.5999124,87.87991212
2025-09-09T16:50:00Z,87.95991204,88.03991196,87.7949122,87.7949122
2025-09-09T16:55:00Z,88.27991172,88.27991172,88.27991172,88.27991172
2025-09-09T17:00:00Z,88.2999117,88.2999117,88.28991171,88.28991171
2025-09-09T17:10:00Z,88.22991177,88.74991125,88.22991177,88.72991127
2025-09-09T17:15:00Z,88.999911,89.22991077,88.999911,89.22991077
2025-09-09T17:20:00Z,89.18991081,89.51991048,89.18991081,89.51991048
2025-09-09T17:25:00Z,89.5999104,89.5999104,89.52991047,89.52991047
2025-09-09T17:30:00Z,89.36991063,89.43991056,89.36991063,89.43991056
2025-09-09T17:35:00Z,89.44991055,89.45991054,89.08991091,89.08991091
2025-09-09T17:40:00Z,89.06991093,89.06991093,88.95991104,88.97991102
2025-09-09T17:45:00Z,88.92991107,89.14991085,88.8999111,88.8999111
2025-09-09T17:50:00Z,88.85991114,88.86991113,88.85991114,88.86991113
2025-09-09T17:55:00Z,89.05991094,89.05991094,88.94991105,88.94991105
2025-09-09T18:00:00Z,89.22991077,89.27991072,89.1999108,89.20991079
2025-09-09T18:05:00Z,89.16991083,89.41991058,89.16991083,89.36991063
2025-09-09T18:10:00Z,89.53991046,89.53991046,89.23991076,89.28991071
2025-09-09T18:15:00Z,89.66991033,89.70991029,89.58991041,89.58991041
2025-09-09T18:20:00Z,89.73991026,89.75991024,89.44991055,89.44991055
2025-09-09T18:25:00Z,89.5999104,89.5999104,89.13991086,89.13991086
2025-09-09T18:40:00Z,89.72991027,89.75991024,89.72991027,89.75991024
2025-09-09T18:45:00Z,89.76991023,90.57990942,89.76991023,90.57990942
2025-09-09T18:50:00Z,90.58990941,90.66990933,89.7999102,89.7999102
2025-09-09T18:55:00Z,90.08990991,90.08990991,89.73991026,89.73991026
2025-09-09T19:00:00Z,89.72991027,89.72991027,89.06991093,89.06991093
2025-09-09T19:05:00Z,89.24991075,89.60991039,89.24991075,89.40991059
2025-09-09T19:10:00Z,89.51991048,89.51991048,89.51991048,89.51991048
2025-09-09T19:20:00Z,89.62991037,89.62991037,89.62991037,89.62991037
2025-09-09T19:25:00Z,89.62991037,89.62991037,89.24991075,89.24991075
2025-09-09T19:30:00Z,88.93991106,89.10991089,88.93991106,89.10991089
2025-09-09T19:35:00Z,89.02991097,89.02991097,88.6999113,88.71991128
2025-09-09T19:40:00Z,88.91991108,88.98991101,88.76991123,88.76991123
2025-09-09T19:45:00Z,89.21991078,89.22991077,89.1999108,89.1999108
2025-09-09T19:50:00Z,89.46991053,90.35990964,89.46991053,89.86991013
2025-09-09T19:55:00Z,90.06990993,90.81990918,90.06990993,90.52990947
2025-09-10T13:30:00Z,92.3999076,94.27990572,92.3999076,92.54990745
2025-09-10T13:35:00Z,93.22990677,94.27990572,92.91990708,94.27990572
2025-09-10T13:40:00Z,94.24990575,95.7999042,93.96990603,95.3999046
2025-09-10T13:45:00Z,95.3999046,95.3999046,94.21990578,94.21990578
2025-09-10T13:50:00Z,94.04990595,95.08990491,93.4999065,94.4999055
2025-09-10T13:55:00Z,94.70990529,94.70990529,94.30990569,94.40990559
2025-09-10T14:00:00Z,93.999906,94.2999057,93.3999066,93.3999066
2025-09-10T14:05:00Z,93.12990687,93.12990687,91.87990812,92.2049078
2025-09-10T14:10:00Z,92.5999074,93.3999066,92.43990756,92.43990756
2025-09-10T14:15:00Z,92.47990752,93.41990658,92.41990758,93.1999068
2025-09-10T14:20:00Z,93.5999064,93.5999064,93.37990662,93.48990651
2025-09-10T14:25:00Z,94.32990567,94.32990567,94.32990567,94.32990567
2025-09-10T14:30:00Z,94.28990571,94.28990571,94.28990571,94.28990571
2025-09-10T14:35:00Z,94.26990573,94.35990564,94.26990573,94.35990564
2025-09-10T14:40:00Z,94.3999056,94.5999054,94.3999056,94.5999054
2025-09-10T14:45:00Z,94.74990525,95.07490493,94.74990525,94.85990514
2025-09-10T14:50:00Z,94.43990556,94.43990556,94.31990568,94.41490559
2025-09-10T14:55:00Z,94.32990567,94.43990556,94.11990588,94.11990588
2025-09-10T15:00:00Z,94.34990565,94.34990565,93.47990652,93.47990652
2025-09-10T15:05:00Z,93.15990684,93.21990678,92.7999072,92.83990716
2025-09-10T15:10:00Z,93.41990658,93.41990658,92.90990709,92.90990709
2025-09-10T15:15:00Z,93.03990696,93.03990696,92.34990765,92.34990765
2025-09-10T15:20:00Z,92.50990749,92.52990747,92.4999075,92.4999075
2025-09-10T15:25:00Z,92.60990739,92.75990724,92.60990739,92.75990724
2025-09-10T15:30:00Z,93.14990685,93.14990685,92.4999075,92.4999075
2025-09-10T15:35:00Z,92.24990775,92.24990775,92.24990775,92.24990775
2025-09-10T15:40:00Z,92.75990724,93.35990664,92.75990724,93.35990664
2025-09-10T15:50:00Z,94.3999056,94.50990549,94.28990571,94.28990571
2025-09-10T15:55:00Z,94.97990502,94.999905,94.96490503,94.96990503
2025-09-10T16:00:00Z,94.47990552,94.47990552,94.13990586,94.13990586
2025-09-10T16:05:00Z,94.62990537,94.7999052,94.26990573,94.26990573
2025-09-10T16:10:00Z,94.75990524,94.75990524,94.41990558,94.41990558
2025-09-10T16:15:00Z,94.6999053,94.74990525,94.68990531,94.74990525
2025-09-10T16:20:00Z,94.52990547,94.52990547,94.52990547,94.52990547
2025-09-10T16:25:00Z,95.14990485,95.14990485,95.14990485,95.14990485
2025-09-10T16:30:00Z,95.3999046,95.57990442,95.3999046,95.57990442
2025-09-10T16:35:00Z,95.54990445,95.999904,95.54990445,95.999904
2025-09-10T16:40:00Z,95.8999041,96.22990377,95.87990412,96.22990377
2025-09-10T16:45:00Z,96.11990388,96.11990388,96.10990389,96.10990389
2025-09-10T16:55:00Z,96.41490359,96.41490359,96.41490359,96.41490359
2025-09-10T17:00:00Z,95.46990453,95.46990453,95.34990465,95.34990465
2025-09-10T17:15:00Z,95.36990463,95.36990463,95.36990463,95.36990463
2025-09-10T17:20:00Z,94.57090543,94.57090543,94.45090555,94.45090555
2025-09-10T17:25:00Z,94.64990535,94.64990535,94.64990535,94.64990535
2025-09-10T17:30:00Z,94.17990582,94.17990582,94.17990582,94.17990582
2025-09-10T17:35:00Z,94.3999056,94.3999056,94.3999056,94.3999056
2025-09-10T17:45:00Z,94.42990557,94.42990557,94.42990557,94.42990557
2025-09-10T18:00:00Z,94.26990573,94.27990572,94.22990577,94.27990572
2025-09-10T18:05:00Z,94.21990578,94.21990578,94.21990578,94.21990578
2025-09-10T18:15:00Z,94.33990566,94.33990566,94.33990566,94.33990566
2025-09-10T18:20:00Z,94.08990591,94.08990591,92.999907,92.999907
2025-09-10T18:25:00Z,93.28990671,93.28990671,92.90990709,93.11990688
2025-09-10T18:30:00Z,92.76990723,92.76990723,92.76990723,92.76990723
2025-09-10T18:35:00Z,92.8999071,92.8999071,92.55990744,92.55990744
2025-09-10T18:45:00Z,93.10990689,93.10990689,93.10990689,93.10990689
2025-09-10T18:50:00Z,93.22990677,93.22990677,93.22990677,93.22990677
2025-09-10T18:55:00Z,93.47990652,93.47990652,93.47990652,93.47990652
2025-09-10T19:00:00Z,93.25990674,93.25990674,92.74990725,92.78990721
2025-09-10T19:05:00Z,92.66990733,92.91990708,92.5999074,92.80990719
2025-09-10T19:20:00Z,92.4999075,92.4999075,92.4999075,92.4999075
2025-09-10T19:30:00Z,92.8999071,92.8999071,92.87990712,92.87990712
2025-09-10T19:35:00Z,92.91490709,92.91490709,92.91490709,92.91490709
2025-09-10T19:40:00Z,92.70990729,92.70990729,92.70990729,92.70990729
2025-09-10T19:50:00Z,93.56990643,93.56990643,93.34990665,93.36990663
2025-09-10T19:55:00Z,93.6999063,93.6999063,93.3999066,93.44990655
2025-09-11T13:30:00Z,93.95990604,95.73990426,93.87990612,95.10990489
2025-09-11T13:35:00Z,94.08990591,94.08990591,92.98990701,93.05990694
2025-09-11T13:40:00Z,92.81990718,93.35990664,92.64990735,92.64990735
2025-09-11T13:45:00Z,92.58990741,94.42990557,91.999908,94.25990574
2025-09-11T13:50:00Z,94.0999059,94.0999059,93.77990622,93.77990622
2025-09-11T13:55:00Z,93.57990642,93.71990628,93.43990656,93.71990628
2025-09-11T14:00:00Z,93.57990642,94.10990589,93.57990642,94.10990589
2025-09-11T14:05:00Z,94.23990576,94.6999053,94.23990576,94.6999053
2025-09-11T14:10:00Z,94.06990593,94.06990593,92.999907,92.999907
2025-09-11T14:15:00Z,93.08990691,93.76990623,93.08990691,93.61990638
2025-09-11T14:20:00Z,93.65990634,93.98990601,92.24990775,92.24990775
2025-09-11T14:25:00Z,92.38990761,92.38990761,91.73990826,91.73990826
2025-09-11T14:30:00Z,91.6999083,93.24990675,91.64990835,93.24990675
2025-09-11T14:35:00Z,93.57990642,93.62990637,93.21990678,93.5999064
2025-09-11T14:40:00Z,93.5999064,93.95990604,93.46990653,93.95990604
2025-09-11T14:45:00Z,94.4999055,94.7999052,94.4999055,94.7999052
2025-09-11T14:50:00Z,94.74990525,94.999905,93.98990601,94.999905
2025-09-11T14:55:00Z,94.999905,95.23990476,94.7999052,95.23990476
2025-09-11T15:00:00Z,95.42990457,95.42990457,94.60990539,94.60990539
2025-09-11T15:05:00Z,95.22990477,95.3999046,95.08990491,95.08990491
2025-09-11T15:10:00Z,95.0999049,95.52990447,95.0999049,95.51990448
2025-09-11T15:15:00Z,95.5999044,95.8999041,95.51990448,95.8999041
2025-09-11T15:20:00Z,95.78990421,95.78990421,95.52990447,95.52990447
2025-09-11T15:25:00Z,95.4999045,95.4999045,95.42990457,95.42990457
2025-09-11T15:30:00Z,95.87990412,96.16990383,95.84990415,95.84990415
2025-09-11T15:35:00Z,95.97990402,95.97990402,95.0999049,95.0999049
2025-09-11T15:40:00Z,94.95990504,94.95990504,94.82990517,94.82990517
2025-09-11T15:45:00Z,95.1999048,95.24990475,95.07990492,95.24990475
2025-09-11T15:50:00Z,95.16990483,95.2999047,94.999905,95.2999047
2025-09-11T15:55:00Z,95.57990442,95.57990442,95.35990464,95.35990464
2025-09-11T16:00:00Z,95.2999047,95.2999047,95.2999047,95.2999047
2025-09-11T16:10:00Z,95.92990407,95.92990407,95.91990408,95.91990408
2025-09-11T16:15:00Z,95.86990413,96.4999035,95.86990413,96.4999035
2025-09-11T16:20:00Z,96.50990349,96.56990343,95.88990411,95.88990411
2025-09-11T16:25:00Z,95.87990412,95.87990412,95.25990474,95.38990461
2025-09-11T16:30:00Z,95.20990479,95.20990479,95.18990481,95.18990481
2025-09-11T16:35:00Z,95.22990477,95.55990444,95.22990477,95.55990444
2025-09-11T16:45:00Z,95.47990452,95.4999045,95.05990494,95.05990494
2025-09-11T16:50:00Z,94.999905,94.999905,94.999905,94.999905
2025-09-11T16:55:00Z,95.5999044,95.6999043,95.5999044,95.6999043
2025-09-11T17:00:00Z,95.33990466,95.33990466,95.16990483,95.27990472
2025-09-11T17:10:00Z,95.95990404,95.95990404,95.90990409,95.95990404
2025-09-11T17:15:00Z,95.37990462,95.37990462,95.37990462,95.37990462
2025-09-11T17:25:00Z,95.00990499,95.00990499,94.83990516,94.83990516
2025-09-11T17:30:00Z,94.55990544,94.56990543,94.50990549,94.50990549
2025-09-11T17:35:00Z,94.53990546,94.53990546,93.88990611,94.1999058
2025-09-11T17:40:00Z,94.25990574,94.25990574,93.999906,93.999906
2025-09-11T17:45:00Z,94.3999056,94.3999056,94.31990568,94.31990568
2025-09-11T17:50:00Z,94.14990585,94.14990585,94.14990585,94.14990585
2025-09-11T17:55:00Z,94.92990507,94.92990507,94.92990507,94.92990507
2025-09-11T18:05:00Z,95.08990491,95.28990471,95.08990491,95.26990473
2025-09-11T18:10:00Z,95.31990468,95.50990449,95.31990468,95.47990452
2025-09-11T18:15:00Z,95.36990463,95.4999045,95.36990463,95.4999045
2025-09-11T18:20:00Z,95.53990446,95.7999042,95.53990446,95.7999042
2025-09-11T18:30:00Z,95.33990466,95.33990466,95.27990472,95.27990472
2025-09-11T18:35:00Z,95.61990438,95.61990438,95.61990438,95.61990438
2025-09-11T18:40:00Z,95.63990436,95.70990429,95.63990436,95.6999043
2025-09-11T18:45:00Z,95.999904,96.02990397,95.96990403,95.96990403
2025-09-11T18:50:00Z,95.50990449,95.50990449,95.50990449,95.50990449
2025-09-11T18:55:00Z,95.47990452,95.4999045,95.26990473,95.26990473
2025-09-11T19:00:00Z,95.30990469,95.30990469,95.30990469,95.30990469
2025-09-11T19:05:00Z,95.4999045,96.04990395,95.43990456,95.91990408
2025-09-11T19:10:00Z,96.05990394,96.05990394,96.05990394,96.05990394
2025-09-11T19:15:00Z,96.05990394,96.47990352,96.05990394,96.47990352
2025-09-11T19:20:00Z,96.14990385,96.14990385,95.76990423,95.76990423
2025-09-11T19:30:00Z,95.53990446,95.53990446,95.53990446,95.53990446
2025-09-11T19:35:00Z,95.4999045,95.4999045,95.30990469,95.30990469
2025-09-11T19:40:00Z,95.2999047,95.2999047,95.27990472,95.2999047
2025-09-11T19:45:00Z,95.27990472,95.27990472,95.12990487,95.12990487
2025-09-11T19:50:00Z,94.94990505,94.94990505,94.67990532,94.92990507
2025-09-11T19:55:00Z,94.91990508,94.93990506,94.70990529,94.70990529
2025-09-12T13:30:00Z,96.00990399,96.6999033,95.999904,96.3999036
2025-09-12T13:35:00Z,96.84990315,98.6999013,96.84990315,97.32490268
2025-09-12T13:40:00Z,97.86990213,99.78990021,97.86990213,99.78990021
2025-09-12T13:45:00Z,99.97990002,100.20989979,99.30990069,99.9999
2025-09-12T13:50:00Z,99.63490037,99.63490037,98.56990143,98.56990143
2025-09-12T13:55:00Z,98.55990144,98.55990144,97.54990245,97.67990232
2025-09-12T14:00:00Z,97.51990248,97.51990248,96.7999032,97.34490265
2025-09-12T14:05:00Z,97.50990249,97.98990201,97.10990289,97.10990289
2025-09-12T14:10:00Z,97.60990239,97.60990239,97.05990294,97.05990294
2025-09-12T14:15:00Z,97.37990262,98.26990173,97.37990262,98.26990173
2025-09-12T14:20:00Z,98.98990101,98.98990101,98.71990128,98.71990128
2025-09-12T14:25:00Z,99.00990099,99.00990099,97.999902,97.999902
2025-09-12T14:30:00Z,98.0999019,98.0999019,97.78990221,97.999902
2025-09-12T14:35:00Z,98.06990193,98.23990176,97.999902,97.999902
2025-09-12T14:40:00Z,97.999902,98.10990189,97.999902,98.10990189
2025-09-12T14:45:00Z,97.999902,97.999902,97.999902,97.999902
2025-09-12T14:50:00Z,98.3999016,98.3999016,98.3999016,98.3999016
2025-09-12T14:55:00Z,98.24990175,98.24990175,97.8999021,97.8999021
2025-09-12T15:00:00Z,98.27990172,98.27990172,97.32990267,97.34990265
2025-09-12T15:05:00Z,97.65990234,97.65990234,97.65990234,97.65990234
2025-09-12T15:10:00Z,98.05990194,98.05990194,98.05990194,98.05990194
2025-09-12T15:15:00Z,98.37990162,98.51990148,98.37990162,98.41990158
2025-09-12T15:20:00Z,98.75990124,99.01990098,98.63990136,99.01990098
2025-09-12T15:25:00Z,99.43990056,99.63990036,99.2999007,99.63990036
2025-09-12T15:30:00Z,99.57990042,99.63990036,99.06990093,99.06990093
2025-09-12T15:35:00Z,99.10990089,99.81990018,98.93990106,99.70990029
2025-09-12T15:40:00Z,99.71990028,99.71990028,98.45990154,98.45990154
2025-09-12T15:45:00Z,98.22990177,98.43990156,98.22990177,98.2999017
2025-09-12T15:50:00Z,98.44990155,98.50990149,98.2999017,98.2999017
2025-09-12T15:55:00Z,98.65990134,98.65990134,98.2999017,98.2999017
2025-09-12T16:00:00Z,98.32990167,98.32990167,98.32990167,98.32990167
2025-09-12T16:10:00Z,98.18990181,98.18990181,98.18990181,98.18990181
2025-09-12T16:15:00Z,98.36990163,98.36990163,98.36990163,98.36990163
2025-09-12T16:20:00Z,97.47990252,97.91990208,97.47990252,97.91990208
2025-09-12T16:25:00Z,97.7999022,97.7999022,97.45990254,97.45990254
2025-09-12T16:35:00Z,97.34990265,97.53990246,97.34990265,97.53990246
2025-09-12T16:40:00Z,97.5999024,97.5999024,97.5999024,97.5999024
2025-09-12T16:50:00Z,98.06990193,98.21990178,98.02990197,98.21990178
2025-09-12T16:55:00Z,98.3999016,98.3999016,98.31990168,98.31990168
2025-09-12T17:00:00Z,97.18990281,97.4999025,97.18990281,97.48990251
2025-09-12T17:05:00Z,97.13990286,97.17990282,96.999903,96.999903
2025-09-12T17:15:00Z,96.87990312,96.87990312,96.55990344,96.55990344
2025-09-12T17:20:00Z,96.4999035,96.4999035,96.3999036,96.4999035
2025-09-12T17:25:00Z,96.37990362,96.37990362,95.999904,95.999904
2025-09-12T17:30:00Z,96.0999039,96.41990358,96.0999039,96.36990363
2025-09-12T17:35:00Z,96.2999037,96.2999037,96.2999037,96.2999037
2025-09-12T17:40:00Z,96.5999034,96.63990336,96.52990347,96.63990336
2025-09-12T17:45:00Z,97.46990253,97.46990253,97.42990257,97.42990257
2025-09-12T17:50:00Z,97.53990246,97.53990246,97.53990246,97.53990246
2025-09-12T18:05:00Z,97.56990243,97.56990243,97.56990243,97.56990243
2025-09-12T18:10:00Z,97.86990213,97.86990213,97.86990213,97.86990213
2025-09-12T18:40:00Z,98.12990187,98.12990187,98.12990187,98.12990187
2025-09-12T18:45:00Z,97.86990213,97.86990213,97.4999025,97.4999025
2025-09-12T18:55:00Z,98.07990192,98.07990192,98.07990192,98.07990192
2025-09-12T19:05:00Z,97.45990254,98.16990183,97.3999026,98.14990185
2025-09-12T19:10:00Z,98.37990162,98.48990151,98.18990181,98.18990181
2025-09-12T19:25:00Z,98.07990192,98.08990191,98.07990192,98.08990191
2025-09-12T19:30:00Z,97.80990219,97.80990219,97.80990219,97.80990219
2025-09-12T19:35:00Z,97.98990201,97.98990201,97.64990235,97.80990219
2025-09-12T19:40:00Z,97.74990225,97.74990225,97.74990225,97.74990225
2025-09-12T19:45:00Z,98.0999019,98.22990177,97.88990211,97.88990211
2025-09-12T19:50:00Z,98.23990176,98.32990167,98.22990177,98.32990167
2025-09-12T19:55:00Z,98.26990173,98.51990148,98.26990173,98.33990166
2025-09-15T13:30:00Z,97.03990296,97.87990212,96.11990388,97.87990212
2025-09-15T13:35:00Z,97.53990246,99.33990066,97.53990246,99.33990066
2025-09-15T13:40:00Z,99.93990006,100.00989999,98.88990111,99.25990074
2025-09-15T13:45:00Z,100.18989981,100.76989923,100.13989986,100.47989952
2025-09-15T13:50:00Z,100.03989996,100.999899,100.03989996,100.999899
2025-09-15T13:55:00Z,100.86989913,100.92989907,100.40989959,100.92989907
2025-09-15T14:00:00Z,101.02989897,101.26989873,100.80989919,101.06989893
2025-09-15T14:05:00Z,100.45989954,100.60989939,100.45989954,100.60989939
2025-09-15T14:10:00Z,100.21989978,100.3998996,99.96990003,100.0998999
2025-09-15T14:15:00Z,100.02989997,100.02989997,99.21990078,99.30990069
2025-09-15T14:20:00Z,99.81990018,100.00989999,99.44990055,99.44990055
2025-09-15T14:25:00Z,99.64990035,99.82990017,99.47990052,99.80990019
2025-09-15T14:30:00Z,99.67990032,100.12989987,99.67990032,100.12989987
2025-09-15T14:35:00Z,99.92990007,100.16989983,99.51990048,99.51990048
2025-09-15T14:40:00Z,99.96990003,100.34989965,99.78990021,99.85990014
2025-09-15T14:45:00Z,99.45990054,99.64990035,99.45990054,99.57990042
2025-09-15T14:50:00Z,99.77990022,99.92990007,99.5999004,99.5999004
2025-09-15T14:55:00Z,99.71990028,99.91990008,99.71990028,99.80990019
2025-09-15T15:00:00Z,99.56990043,99.64490036,99.32990067,99.63990036
2025-09-15T15:05:00Z,99.35990064,99.62990037,99.35990064,99.62990037
2025-09-15T15:10:00Z,99.65990034,100.05989994,99.65990034,100.05989994
2025-09-15T15:15:00Z,99.61990038,99.73990026,99.08990091,99.10990089
2025-09-15T15:20:00Z,99.1999008,99.20990079,98.999901,99.10990089
2025-09-15T15:25:00Z,99.37990062,99.43990056,99.11990088,99.11990088
2025-09-15T15:30:00Z,98.78990121,98.78990121,98.51990148,98.52990147
2025-09-15T15:35:00Z,98.86990113,99.03990096,98.86990113,99.02990097
2025-09-15T15:40:00Z,98.74990125,98.74990125,98.45990154,98.4999015
2025-09-15T15:45:00Z,98.94990105,99.18990081,98.94990105,99.15990084
2025-09-15T15:50:00Z,99.62990037,99.8999001,99.3999006,99.3999006
2025-09-15T15:55:00Z,99.6999003,99.8999001,99.4999005,99.86990013
2025-09-15T16:00:00Z,99.92990007,99.92990007,99.92990007,99.92990007
2025-09-15T16:05:00Z,100.13989986,100.13989986,100.13989986,100.13989986
2025-09-15T16:10:00Z,100.24989975,100.30989969,100.20989979,100.26989973
2025-09-15T16:15:00Z,100.46989953,100.4998995,100.36989963,100.3998996
2025-09-15T16:25:00Z,100.20989979,100.38989961,100.20989979,100.27989972
2025-09-15T16:30:00Z,100.27989972,100.38989961,100.27989972,100.38989961
2025-09-15T16:45:00Z,100.35989964,100.3998996,100.35989964,100.3998996
2025-09-15T16:55:00Z,100.13989986,100.13989986,99.66990033,99.76990023
2025-09-15T17:05:00Z,100.16989983,100.16989983,100.16989983,100.16989983
2025-09-15T17:15:00Z,100.20989979,100.36989963,100.20989979,100.36989963
2025-09-15T17:20:00Z,100.13989986,100.23989976,100.13989986,100.23989976
2025-09-15T17:30:00Z,100.21989978,100.21989978,100.14989985,100.14989985
2025-09-15T17:40:00Z,100.56989943,100.56989943,100.56989943,100.56989943
2025-09-15T17:45:00Z,100.45989954,100.45989954,100.2998997,100.2998997
2025-09-15T17:50:00Z,100.57989942,100.57989942,100.56989943,100.56989943
2025-09-15T18:00:00Z,100.73989926,100.73989926,100.73989926,100.73989926
2025-09-15T18:10:00Z,100.5998994,100.5998994,100.5998994,100.5998994
2025-09-15T18:20:00Z,100.54989945,100.54989945,100.54989945,100.54989945
2025-09-15T18:30:00Z,100.999899,100.999899,100.999899,100.999899
2025-09-15T18:35:00Z,101.08989891,101.08989891,101.04989895,101.04989895
2025-09-15T18:40:00Z,100.8998991,100.92989907,100.8998991,100.92989907
2025-09-15T18:45:00Z,100.66989933,100.86989913,100.64989935,100.86989913
2025-09-15T18:55:00Z,100.90989909,100.90989909,100.8998991,100.90989909
2025-09-15T19:00:00Z,100.92989907,100.94989905,100.75989924,100.80989919
2025-09-15T19:10:00Z,100.95989904,101.00989899,100.93989906,100.93989906
2025-09-15T19:15:00Z,101.14989885,101.32989867,101.07989892,101.07989892
2025-09-15T19:20:00Z,101.30989869,101.41989858,101.27989872,101.27989872
2025-09-15T19:25:00Z,101.23989876,101.51989848,101.14989885,101.51989848
2025-09-15T19:30:00Z,101.34989865,101.47989852,101.34989865,101.47989852
2025-09-15T19:35:00Z,101.52989847,101.54989845,101.24989875,101.24989875
2025-09-15T19:40:00Z,101.33989866,101.33989866,101.33989866,101.33989866
2025-09-15T19:45:00Z,101.40989859,102.21989778,101.40989859,101.88989811
2025-09-15T19:50:00Z,102.54989745,102.76989723,102.54989745,102.68989731
2025-09-15T19:55:00Z,102.65989734,102.65989734,101.97989802,101.97989802
2025-09-16T13:30:00Z,103.3998966,104.76989523,102.15989784,103.30989669
2025-09-16T13:35:00Z,104.78989521,104.78989521,104.51989548,104.51989548
2025-09-16T13:40:00Z,103.42989657,105.33989466,103.42989657,104.7998952
2025-09-16T13:45:00Z,104.7998952,104.7998952,103.6998963,103.999896
2025-09-16T13:50:00Z,103.75989624,103.75989624,102.75989724,102.94989705
2025-09-16T13:55:00Z,103.07989692,103.42989657,103.07989692,103.42989657
2025-09-16T14:00:00Z,103.72989627,103.72989627,102.5998974,102.999897
2025-09-16T14:05:00Z,102.5998974,103.17989682,102.5998974,102.999897
2025-09-16T14:10:00Z,102.4998975,102.55989744,102.47989752,102.55989744
2025-09-16T14:15:00Z,102.31989768,102.6998973,102.20989779,102.54989745
2025-09-16T14:20:00Z,101.999898,102.40989759,101.76989823,102.40989759
2025-09-16T14:25:00Z,102.15989784,102.15989784,101.61989838,101.82989817
2025-09-16T14:30:00Z,102.56989743,102.56989743,102.56989743,102.56989743
2025-09-16T14:35:00Z,102.74989725,102.74989725,102.15989784,102.15989784
2025-09-16T14:40:00Z,101.98989801,102.21989778,101.98989801,102.21989778
2025-09-16T14:45:00Z,102.33989766,102.33989766,101.71989828,101.71989828
2025-09-16T14:50:00Z,102.33989766,102.3998976,102.33989766,102.35989764
2025-09-16T14:55:00Z,102.26989773,102.33489767,100.999899,101.15989884
2025-09-16T15:00:00Z,101.33989866,101.47989852,100.999899,101.0998989
2025-09-16T15:05:00Z,101.58989841,101.88989811,101.51989848,101.78989821
2025-09-16T15:15:00Z,101.40989859,101.40989859,101.40989859,101.40989859
2025-09-16T15:20:00Z,101.88989811,101.88989811,101.56989843,101.56989843
2025-09-16T15:25:00Z,101.5998984,101.5998984,101.5998984,101.5998984
2025-09-16T15:30:00Z,101.67989832,101.67989832,101.34989865,101.34989865
2025-09-16T15:45:00Z,102.10989789,102.10989789,102.01989798,102.01989798
2025-09-16T15:50:00Z,102.78989721,102.7998972,102.56989743,102.56989743
2025-09-16T15:55:00Z,102.62989737,102.62989737,102.3998976,102.3998976
2025-09-16T16:00:00Z,101.82989817,101.82989817,101.82989817,101.82989817
2025-09-16T16:05:00Z,101.999898,101.999898,101.999898,101.999898
2025-09-16T16:10:00Z,102.66989733,102.66989733,102.66989733,102.66989733
2025-09-16T16:15:00Z,102.84989715,102.84989715,102.84989715,102.84989715
2025-09-16T16:20:00Z,102.999897,102.999897,102.78989721,102.85989714
2025-09-16T16:30:00Z,102.999897,102.999897,102.999897,102.999897
2025-09-16T16:40:00Z,102.77989722,102.77989722,102.77989722,102.77989722
2025-09-16T16:45:00Z,102.6998973,102.6998973,102.6998973,102.6998973
2025-09-16T16:50:00Z,103.4998965,103.57989642,103.4998965,103.57989642
2025-09-16T16:55:00Z,103.83989616,103.999896,103.76989623,103.999896
2025-09-16T17:05:00Z,104.23989576,104.24989575,104.14989585,104.15989584
2025-09-16T17:15:00Z,104.28989571,104.28989571,104.21989578,104.21989578
2025-09-16T17:20:00Z,104.3998956,104.3998956,104.3998956,104.3998956
2025-09-16T17:25:00Z,104.62989537,105.12989487,104.62989537,105.11989488
2025-09-16T17:30:00Z,105.5998944,105.5998944,105.24989475,105.24989475
2025-09-16T17:35:00Z,105.4998945,105.4998945,105.4998945,105.4998945
2025-09-16T17:40:00Z,105.63989436,105.92989407,105.61989438,105.64989435
2025-09-16T17:45:00Z,105.85989414,105.86989413,105.55989444,105.55989444
2025-09-16T17:50:00Z,105.48989451,105.48989451,104.999895,104.999895
2025-09-16T17:55:00Z,105.4998945,105.4998945,105.4998945,105.4998945
2025-09-16T18:00:00Z,105.50989449,105.50989449,104.5998954,104.5998954
2025-09-16T18:05:00Z,104.3998956,104.3998956,104.3998956,104.3998956
2025-09-16T18:15:00Z,104.61989538,104.61989538,104.61989538,104.61989538
2025-09-16T18:20:00Z,104.63989536,104.63989536,104.62989537,104.62989537
2025-09-16T18:25:00Z,104.8998951,104.8998951,104.8998951,104.8998951
2025-09-16T18:40:00Z,104.35989564,104.35989564,104.35989564,104.35989564
2025-09-16T19:15:00Z,104.47989552,104.47989552,104.47989552,104.47989552
2025-09-16T19:20:00Z,104.01989598,104.0998959,104.01989598,104.0998959
2025-09-16T19:25:00Z,104.12989587,104.12989587,104.12989587,104.12989587
2025-09-16T19:30:00Z,104.45989554,104.65989534,104.43989556,104.48989551
2025-09-16T19:40:00Z,104.63989536,105.14989485,104.63989536,105.11989488
2025-09-16T19:45:00Z,105.08989491,105.17989482,104.83989516,104.90989509
2025-09-16T19:50:00Z,105.18989481,105.63989436,105.18989481,105.63989436
2025-09-16T19:55:00Z,106.05989394,106.13989386,105.63989436,105.82989417
2025-09-17T13:30:00Z,105.25989474,106.16989383,105.25989474,106.16989383
2025-09-17T13:35:00Z,106.80989319,106.82989317,105.7998942,105.7998942
2025-09-17T13:40:00Z,105.7998942,106.21989378,105.7998942,106.21989378
2025-09-17T13:45:00Z,106.16989383,107.999892,106.16989383,107.85989214
2025-09-17T13:50:00Z,108.07989192,109.12989087,108.04989195,108.5998914
2025-09-17T13:55:00Z,108.42989157,108.4998915,108.35989164,108.4998915
2025-09-17T14:00:00Z,108.64989135,108.83989116,108.64989135,108.75989124
2025-09-17T14:05:00Z,108.08989191,108.13989186,108.08989191,108.13989186
2025-09-17T14:10:00Z,108.57989142,108.57989142,107.4998925,107.4998925
2025-09-17T14:15:00Z,107.04989295,107.04989295,106.6998933,107.04989295
2025-09-17T14:20:00Z,107.28989271,107.28989271,105.999894,105.999894
2025-09-17T14:25:00Z,105.7998942,105.7998942,104.24989575,104.24989575
2025-09-17T14:30:00Z,104.15989584,104.7998952,104.15989584,104.4998955
2025-09-17T14:35:00Z,103.999896,103.999896,103.45989654,103.48989651
2025-09-17T14:40:00Z,103.18989681,103.95989604,103.05989694,103.35489665
2025-09-17T14:45:00Z,103.7998962,104.07989592,103.6998963,103.6998963
2025-09-17T14:50:00Z,103.36989663,103.6998963,103.23989676,103.6998963
2025-09-17T14:55:00Z,103.67989632,103.67989632,102.48989751,103.11989688
2025-09-17T15:00:00Z,102.83989716,102.83989716,102.1998978,102.1998978
2025-09-17T15:05:00Z,102.30989769,102.30989769,102.30989769,102.30989769
2025-09-17T15:10:00Z,102.8998971,103.0998969,102.8998971,103.0998969
2025-09-17T15:20:00Z,103.61989638,103.61989638,103.34989665,103.42989657
2025-09-17T15:25:00Z,102.8998971,102.8998971,101.999898,101.999898
2025-09-17T15:30:00Z,102.34989765,102.34989765,101.8998981,101.8998981
2025-09-17T15:35:00Z,102.47989752,102.97989702,102.33989766,102.33989766
2025-09-17T15:40:00Z,101.5998984,101.5998984,101.5998984,101.5998984
2025-09-17T15:45:00Z,102.68989731,102.68989731,102.68989731,102.68989731
2025-09-17T15:50:00Z,102.18989781,102.18989781,101.71989828,101.71989828
2025-09-17T16:00:00Z,101.08989891,101.27989872,100.999899,101.27989872
2025-09-17T16:05:00Z,100.96989903,101.1998988,100.96989903,101.1998988
2025-09-17T16:15:00Z,101.01989898,101.01989898,100.999899,100.999899
2025-09-17T16:20:00Z,101.16989883,101.16989883,101.16989883,101.16989883
2025-09-17T16:30:00Z,101.01989898,101.01989898,100.76989923,100.76989923
2025-09-17T16:35:00Z,101.18989881,101.18989881,100.80989919,100.80989919
2025-09-17T16:40:00Z,100.67989932,100.67989932,100.2998997,100.40989959
2025-09-17T16:45:00Z,100.45989954,100.50989949,100.38989961,100.38989961
2025-09-17T16:50:00Z,100.55989944,100.56989943,100.55989944,100.56989943
2025-09-17T17:00:00Z,100.97989902,100.97989902,100.97989902,100.97989902
2025-09-17T17:05:00Z,101.13989886,101.34989865,101.10989889,101.34989865
2025-09-17T17:10:00Z,101.16989883,101.16989883,101.13989886,101.13989886
2025-09-17T17:15:00Z,101.15989884,101.22989877,101.15989884,101.22989877
2025-09-17T17:25:00Z,101.66489834,101.66489834,101.66489834,101.66489834
2025-09-17T17:35:00Z,101.21989878,101.53989846,101.15989884,101.53989846
2025-09-17T17:40:00Z,101.8998981,101.8998981,101.8998981,101.8998981
2025-09-17T17:45:00Z,102.3998976,102.3998976,102.3998976,102.3998976
2025-09-17T17:55:00Z,102.67989732,102.67989732,102.67989732,102.67989732
2025-09-17T18:00:00Z,103.52989647,104.36989563,102.999897,102.999897
2025-09-17T18:05:00Z,102.87989712,102.87989712,102.58989741,102.7998972
2025-09-17T18:10:00Z,101.03089897,101.03089897,100.85989914,100.85989914
2025-09-17T18:15:00Z,100.5998994,102.10989789,99.98990001,102.10989789
2025-09-17T18:20:00Z,101.999898,103.26989673,101.999898,103.26989673
2025-09-17T18:25:00Z,103.999896,103.999896,103.999896,103.999896
2025-09-17T18:30:00Z,102.7998972,102.7998972,102.78989721,102.78989721
2025-09-17T18:35:00Z,103.73989626,103.73989626,103.38989661,103.3998966
2025-09-17T18:40:00Z,103.74989625,103.74989625,102.33989766,102.37989762
2025-09-17T18:45:00Z,103.999896,103.999896,103.999896,103.999896
2025-09-17T18:50:00Z,103.73989626,103.73989626,102.78989721,102.7998972
2025-09-17T18:55:00Z,104.48989551,105.64989435,104.48989551,105.64989435
2025-09-17T19:00:00Z,105.86989413,106.999893,105.86989413,106.999893
2025-09-17T19:05:00Z,107.18989281,107.18989281,107.18989281,107.18989281
2025-09-17T19:10:00Z,107.3998926,107.3998926,106.80989319,106.80989319
2025-09-17T19:15:00Z,107.41989258,107.43989256,106.999893,106.999893
2025-09-17T19:20:00Z,107.36989263,107.98989201,107.36989263,107.98989201
2025-09-17T19:25:00Z,108.44989155,108.4998915,108.44989155,108.4998915
2025-09-17T19:35:00Z,107.60989239,107.60989239,107.60989239,107.60989239
2025-09-17T19:50:00Z,107.32989267,107.32989267,106.87989312,107.26989273
2025-09-17T19:55:00Z,107.34889265,107.34889265,106.7998932,106.81989318
2025-09-18T13:30:00Z,110.0998899,112.3998876,109.2998907,112.15988784
2025-09-18T13:35:00Z,112.14988785,113.00988699,111.42988857,111.42988857
2025-09-18T13:40:00Z,111.46988853,112.999887,111.37988862,112.83988716
2025-09-18T13:45:00Z,113.4998865,114.57988542,113.14988685,114.53988546
2025-09-18T13:50:00Z,114.4998855,114.60988539,113.63988636,113.98988601
2025-09-18T13:55:00Z,113.999886,114.54988545,113.90988609,114.2998857
2025-09-18T14:00:00Z,114.28988571,114.8998851,114.28988571,114.8998851
2025-09-18T14:05:00Z,114.97988502,115.31988468,114.86988513,114.93988506
2025-09-18T14:10:00Z,115.05988494,115.05988494,114.72988527,114.72988527
2025-09-18T14:15:00Z,115.02988497,115.02988497,114.76988523,114.76988523
2025-09-18T14:20:00Z,114.7998852,114.7998852,114.7998852,114.7998852
2025-09-18T14:25:00Z,114.32988567,114.32988567,114.18988581,114.21988578
2025-09-18T14:30:00Z,114.74988525,114.74988525,114.20988579,114.20988579
2025-09-18T14:35:00Z,114.62988537,114.93988506,114.54988545,114.54988545
2025-09-18T14:40:00Z,114.24988575,114.65988534,114.24988575,114.65988534
2025-09-18T14:45:00Z,114.68988531,114.84988515,114.68988531,114.84988515
2025-09-18T14:50:00Z,115.1998848,115.27988472,114.999885,114.999885
2025-09-18T14:55:00Z,115.46988453,115.4998845,115.31988468,115.3998846
2025-09-18T15:00:00Z,115.25988474,115.2998847,115.11988488,115.2998847
2025-09-18T15:05:00Z,115.33988466,115.57988442,115.26988473,115.42988457
2025-09-18T15:10:00Z,115.31988468,115.63988436,114.999885,114.999885
2025-09-18T15:15:00Z,115.06988493,115.06988493,114.999885,114.999885
2025-09-18T15:20:00Z,114.8998851,114.8998851,114.8998851,114.8998851
2025-09-18T15:25:00Z,113.999886,114.10988589,113.51988648,113.51988648
2025-09-18T15:30:00Z,113.5998864,113.999886,113.5998864,113.999886
2025-09-18T15:35:00Z,114.51988548,114.51988548,114.4998855,114.4998855
2025-09-18T15:40:00Z,114.76988523,114.76988523,114.70988529,114.70988529
2025-09-18T15:50:00Z,114.18988581,114.52988547,114.18988581,114.52988547
2025-09-18T16:00:00Z,115.73988426,115.73988426,115.44988455,115.44988455
2025-09-18T16:05:00Z,115.00988499,115.00988499,115.00988499,115.00988499
2025-09-18T16:10:00Z,114.42988557,114.42988557,114.17988582,114.17988582
2025-09-18T16:35:00Z,114.70988529,114.70988529,114.63988536,114.63988536
2025-09-18T16:45:00Z,114.02988597,114.78988521,114.02988597,114.78988521
2025-09-18T16:50:00Z,115.0998849,115.0998849,114.8998851,114.91988508
2025-09-18T17:00:00Z,114.68988531,114.68988531,113.999886,113.999886
2025-09-18T17:05:00Z,113.999886,113.999886,113.999886,113.999886
2025-09-18T17:10:00Z,114.5998854,114.5998854,114.5998854,114.5998854
2025-09-18T17:20:00Z,114.54988545,114.54988545,114.54988545,114.54988545
2025-09-18T17:25:00Z,114.53988546,114.53988546,114.53988546,114.53988546
2025-09-18T17:30:00Z,113.999886,113.999886,113.5998864,113.5998864
2025-09-18T17:35:00Z,113.7998862,113.7998862,113.4998865,113.4998865
2025-09-18T17:40:00Z,113.40988659,113.40988659,112.999887,113.13988686
2025-09-18T17:55:00Z,113.50988649,113.50988649,113.2998867,113.2998867
2025-09-18T18:10:00Z,112.50988749,112.50988749,112.2998877,112.2998877
2025-09-18T18:15:00Z,112.06988793,112.06988793,111.94988805,111.94988805
2025-09-18T18:55:00Z,112.20988779,112.20988779,112.20988779,112.20988779
2025-09-18T19:00:00Z,111.999888,111.999888,111.3998886,111.53988846
2025-09-18T19:05:00Z,111.44988855,111.44988855,111.44988855,111.44988855
2025-09-18T19:10:00Z,111.54988845,111.54988845,111.51988848,111.51988848
2025-09-18T19:20:00Z,111.87988812,111.87988812,110.76988923,110.76988923
2025-09-18T19:25:00Z,110.98988901,110.999889,110.64988935,110.64988935
2025-09-18T19:30:00Z,110.70988929,110.70988929,110.4998895,110.4998895
2025-09-18T19:35:00Z,110.57988942,110.57988942,110.34988965,110.34988965
2025-09-18T19:45:00Z,110.25988974,110.25988974,109.83989016,109.90989009
2025-09-18T19:50:00Z,109.92489008,110.6998893,109.86989013,110.6998893
2025-09-18T19:55:00Z,111.4998885,112.10988789,111.4998885,111.82988817
2025-09-19T13:30:00Z,114.34988565,115.999884,113.58988641,115.7998842
2025-09-19T13:35:00Z,115.999884,115.999884,114.999885,115.65488435
2025-09-19T13:40:00Z,115.86988413,117.07988292,115.86988413,117.07988292
2025-09-19T13:45:00Z,117.05988294,117.999882,116.23988376,117.999882
2025-09-19T13:50:00Z,117.999882,117.999882,117.32988267,117.64988235
2025-09-19T13:55:00Z,118.27988172,118.40988159,117.93988206,118.40988159
2025-09-19T14:00:00Z,118.75988124,118.75988124,117.84988215,117.86988213
2025-09-19T14:05:00Z,117.86988213,117.86988213,117.63988236,117.63988236
2025-09-19T14:10:00Z,117.38988261,118.12988187,117.02988297,117.25988274
2025-09-19T14:15:00Z,116.34988365,116.36988363,116.34988365,116.36988363
2025-09-19T14:20:00Z,115.999884,115.999884,115.999884,115.999884
2025-09-19T14:25:00Z,116.00988399,116.04988395,114.22988577,114.22988577
2025-09-19T14:30:00Z,113.999886,113.999886,113.1998868,113.40988659
2025-09-19T14:35:00Z,114.34988565,114.4998855,114.34988565,114.4998855
2025-09-19T14:40:00Z,113.76988623,113.91988608,113.44988655,113.44988655
2025-09-19T14:45:00Z,113.75988624,113.86988613,113.27988672,113.63988636
2025-09-19T14:50:00Z,113.22988677,113.57988642,112.95988704,113.57988642
2025-09-19T14:55:00Z,113.42988657,113.46988653,113.04988695,113.24988675
2025-09-19T15:00:00Z,113.24988675,113.24988675,112.64988735,112.64988735
2025-09-19T15:05:00Z,112.55988744,112.76988723,112.2998877,112.54988745
2025-09-19T15:10:00Z,112.4998875,112.7998872,112.43988756,112.7998872
2025-09-19T15:15:00Z,112.27988772,112.38988761,112.27988772,112.36988763
2025-09-19T15:20:00Z,112.41988758,112.41988758,111.3998886,112.18988781
2025-09-19T15:25:00Z,112.24988775,112.24988775,111.4998885,111.4998885
2025-09-19T15:30:00Z,111.47988852,111.86988813,110.999889,111.4998885
2025-09-19T15:35:00Z,112.27988772,112.27988772,111.5998884,111.5998884
2025-09-19T15:40:00Z,111.51988848,111.75988824,111.51988848,111.70988829
2025-09-19T15:45:00Z,111.6998883,111.6998883,110.6998893,110.6998893
2025-09-19T15:50:00Z,110.77988922,111.45988854,110.77988922,111.45988854
2025-09-19T15:55:00Z,111.78988821,112.3998876,111.78988821,112.3998876
2025-09-19T16:00:00Z,112.32988767,112.32988767,112.08988791,112.14988785
2025-09-19T16:10:00Z,112.50988749,112.50988749,111.999888,111.999888
2025-09-19T16:15:00Z,111.95988804,111.96988803,111.95988804,111.96988803
2025-09-19T16:20:00Z,112.41988758,112.53988746,112.41988758,112.53988746
2025-09-19T16:25:00Z,113.57988642,113.57988642,113.22988677,113.22988677
2025-09-19T16:35:00Z,113.1998868,113.1998868,113.1998868,113.1998868
2025-09-19T16:40:00Z,113.72988627,113.72988627,113.72988627,113.72988627
2025-09-19T16:45:00Z,113.83988616,113.999886,113.83988616,113.999886
2025-09-19T16:50:00Z,114.06988593,114.18988581,113.999886,114.18988581
2025-09-19T16:55:00Z,113.90988609,113.90988609,113.58988641,113.81988618
2025-09-19T17:00:00Z,113.45988654,113.45988654,113.45988654,113.45988654
2025-09-19T17:15:00Z,113.42988657,113.42988657,113.42988657,113.42988657
2025-09-19T17:20:00Z,113.53988646,113.53988646,113.53988646,113.53988646
2025-09-19T17:25:00Z,114.00988599,114.00988599,113.88988611,113.88988611
2025-09-19T17:30:00Z,114.33988566,114.34988565,114.24988575,114.24988575
2025-09-19T17:35:00Z,114.68988531,114.68988531,114.68988531,114.68988531
2025-09-19T17:40:00Z,114.999885,115.70988429,114.90988509,115.70988429
2025-09-19T17:50:00Z,115.999884,115.999884,115.81988418,115.81988418
2025-09-19T18:00:00Z,116.16988383,116.16988383,115.71988428,115.92988407
2025-09-19T18:05:00Z,115.999884,115.999884,115.88988411,115.88988411
2025-09-19T18:15:00Z,116.64988335,117.13988286,116.64988335,117.13988286
2025-09-19T18:20:00Z,116.88988311,116.90988309,116.88988311,116.90988309
2025-09-19T18:35:00Z,116.77988322,116.77988322,116.55988344,116.55988344
2025-09-19T18:40:00Z,116.53988346,116.55988344,116.27988372,116.27988372
2025-09-19T18:45:00Z,115.82988417,115.82988417,115.64988435,115.64988435
2025-09-19T18:55:00Z,116.46988353,116.46988353,116.46988353,116.46988353
2025-09-19T19:00:00Z,116.4998835,116.87988312,116.0998839,116.87988312
2025-09-19T19:05:00Z,116.97988302,116.97988302,116.30988369,116.30988369
2025-09-19T19:10:00Z,116.75988324,117.22988277,116.75988324,117.22988277
2025-09-19T19:15:00Z,117.18988281,117.54988245,117.18988281,117.54988245
2025-09-19T19:20:00Z,117.47988252,117.47988252,117.47988252,117.47988252
2025-09-19T19:25:00Z,117.58988241,117.67988232,117.58988241,117.67988232
2025-09-19T19:30:00Z,117.52988247,117.999882,117.38988261,117.999882
2025-09-19T19:35:00Z,117.33988266,117.33988266,117.00988299,117.00988299
2025-09-19T19:40:00Z,117.35988264,117.35988264,116.52988347,116.52988347
2025-09-19T19:45:00Z,116.23988376,117.07988292,114.999885,115.15988484
2025-09-19T19:50:00Z,116.08988391,121.999878,116.08988391,121.999878
2025-09-19T19:55:00Z,122.26987773,122.91987708,121.90987809,122.16987783
2025-09-22T13:30:00Z,120.8998791,121.999878,120.42987957,120.82987917
2025-09-22T13:35:00Z,120.00987999,121.3998786,119.90988009,120.62987937
2025-09-22T13:40:00Z,121.30987869,121.999878,120.36987963,121.2998787
2025-09-22T13:45:00Z,122.1998778,123.14987685,121.5998784,123.14987685
2025-09-22T13:50:00Z,123.37987662,123.81987618,122.999877,123.28987671
2025-09-22T13:55:00Z,123.94987605,124.20987579,122.77987722,122.77987722
2025-09-22T14:00:00Z,124.46987553,124.55987544,124.17987582,124.17987582
2025-09-22T14:05:00Z,124.17987582,124.1998758,123.33987666,123.5998764
2025-09-22T14:10:00Z,123.30987669,123.30987669,121.999878,121.999878
2025-09-22T14:15:00Z,121.92987807,122.41987758,121.85987814,122.41987758
2025-09-22T14:20:00Z,122.86987713,122.87987712,121.999878,121.999878
2025-09-22T14:25:00Z,122.15987784,122.15987784,122.15987784,122.15987784
2025-09-22T14:30:00Z,122.2998777,122.2998777,121.98987801,122.07987792
2025-09-22T14:35:00Z,122.72987727,122.72987727,122.72987727,122.72987727
2025-09-22T14:40:00Z,122.51987748,123.25987674,122.51987748,123.25987674
2025-09-22T14:45:00Z,122.7998772,122.7998772,122.15987784,122.15987784
2025-09-22T14:50:00Z,121.2998787,121.48987851,120.999879,121.48987851
2025-09-22T15:00:00Z,122.04987795,122.04987795,121.3998786,121.3998786
2025-09-22T15:05:00Z,120.76987923,120.76987923,120.50987949,120.50987949
2025-09-22T15:10:00Z,121.06987893,121.06987893,119.1998808,119.40988059
2025-09-22T15:15:00Z,119.55988044,120.08987991,119.55988044,119.5998804
2025-09-22T15:20:00Z,119.70988029,119.99988,119.70988029,119.8998801
2025-09-22T15:25:00Z,121.999878,121.999878,121.999878,121.999878
2025-09-22T15:30:00Z,121.999878,121.999878,121.999878,121.999878
2025-09-22T15:35:00Z,121.3998786,121.3998786,121.33987866,121.33987866
2025-09-22T15:55:00Z,121.00987899,121.05987894,121.00987899,121.05987894
2025-09-22T16:00:00Z,121.999878,121.999878,121.999878,121.999878
2025-09-22T16:05:00Z,120.7998792,120.7998792,119.99988,119.99988
2025-09-22T16:10:00Z,119.99988,120.17987982,119.57988042,119.57988042
2025-09-22T16:15:00Z,120.01987998,120.01987998,119.94988005,119.94988005
2025-09-22T16:20:00Z,119.54988045,119.77988022,119.53988046,119.77988022
2025-09-22T16:30:00Z,120.8998791,120.8998791,120.8998791,120.8998791
2025-09-22T16:35:00Z,121.4998785,121.4998785,121.4998785,121.4998785
2025-09-22T16:40:00Z,121.13987886,121.13987886,120.999879,120.999879
2025-09-22T16:45:00Z,120.62987937,120.62987937,120.4998795,120.4998795
2025-09-22T16:50:00Z,120.3998796,120.3998796,120.3998796,120.3998796
2025-09-22T16:55:00Z,119.99988,120.16987983,119.99988,120.16987983
2025-09-22T17:00:00Z,120.20987979,120.42987957,120.14987985,120.42987957
2025-09-22T17:05:00Z,120.4998795,120.54987945,119.99988,119.99988
2025-09-22T17:10:00Z,120.76987923,121.03487897,120.76987923,121.03487897
2025-09-22T17:40:00Z,120.91987908,120.91987908,120.91987908,120.91987908
2025-09-22T17:45:00Z,120.63987936,120.6998793,120.63987936,120.63987936
2025-09-22T17:50:00Z,120.98987901,121.00987899,120.98987901,121.00987899
2025-09-22T18:00:00Z,120.25987974,120.25987974,119.44988055,119.54988045
2025-09-22T18:05:00Z,119.7998802,120.1998798,119.7998802,120.1998798
2025-09-22T18:10:00Z,119.74988025,119.84988015,119.74988025,119.84988015
2025-09-22T18:15:00Z,119.92988007,119.92988007,119.92988007,119.92988007
2025-09-22T18:20:00Z,119.91988008,119.91988008,119.91988008,119.91988008
2025-09-22T18:25:00Z,119.74988025,119.74988025,119.4998805,119.4998805
2025-09-22T18:30:00Z,119.80988019,119.80988019,119.7998802,119.7998802
2025-09-22T18:45:00Z,120.35987964,120.40987959,120.35987964,120.40987959
2025-09-22T18:50:00Z,119.77988022,119.77988022,119.77988022,119.77988022
2025-09-22T18:55:00Z,119.65988034,119.65988034,119.62988037,119.62988037
2025-09-22T19:05:00Z,119.64488036,119.64488036,119.64488036,119.64488036
2025-09-22T19:15:00Z,119.3998806,119.50988049,118.83988116,118.83988116
2025-09-22T19:20:00Z,118.86988113,118.86988113,118.63988136,118.63988136
2025-09-22T19:25:00Z,118.61988138,118.6998813,118.61988138,118.6998813
2025-09-22T19:30:00Z,118.92988107,119.05488095,118.91988108,118.97988102
2025-09-22T19:40:00Z,118.73988126,118.73988126,118.3998816,118.3998816
2025-09-22T19:55:00Z,120.36987963,120.36987963,119.51988048,119.51988048
2025-09-23T13:30:00Z,117.999882,119.55988044,117.85988214,118.14988185
2025-09-23T13:35:00Z,118.65988134,119.87988012,118.15988184,119.87988012
2025-09-23T13:40:00Z,119.14988085,120.45987954,119.14988085,120.45987954
2025-09-23T13:45:00Z,120.64987935,120.64987935,120.4998795,120.4998795
2025-09-23T13:50:00Z,121.12987887,121.12987887,120.00987999,120.00987999
2025-09-23T13:55:00Z,118.999881,119.05988094,118.98988101,119.00988099
2025-09-23T14:00:00Z,119.05988094,120.26987973,119.05988094,120.26987973
2025-09-23T14:05:00Z,120.98987901,121.50987849,120.84987915,120.84987915
2025-09-23T14:10:00Z,121.17987882,122.04987795,120.96987903,121.88987811
2025-09-23T14:15:00Z,121.78987821,122.51987748,121.78987821,122.4998775
2025-09-23T14:20:00Z,122.93987706,123.18987681,122.24987775,123.18987681
2025-09-23T14:25:00Z,123.0998769,123.0998769,122.30987769,122.90987709
2025-09-23T14:30:00Z,122.78987721,123.3998766,122.0998779,123.38987661
2025-09-23T14:35:00Z,123.18987681,124.56987543,123.18987681,124.30987569
2025-09-23T14:40:00Z,123.98987601,125.06987493,123.95987604,124.95987504
2025-09-23T14:45:00Z,125.16987483,125.18987481,123.999876,124.11987588
2025-09-23T14:50:00Z,123.88987611,124.41987558,123.6998763,124.41987558
2025-09-23T14:55:00Z,124.4998755,125.13987486,124.4998755,125.13987486
2025-09-23T15:00:00Z,125.01987498,125.53987446,124.67987532,125.53987446
2025-09-23T15:05:00Z,124.90987509,126.28987371,124.8998751,125.78987421
2025-09-23T15:10:00Z,125.51987448,126.4998735,125.44987455,126.2998737
2025-09-23T15:15:00Z,126.97987302,127.00987299,126.77987322,126.84987315
2025-09-23T15:20:00Z,127.12987287,127.62987237,127.05987294,127.52987247
2025-09-23T15:25:00Z,127.91987208,128.05987194,127.47987252,127.95987204
2025-09-23T15:30:00Z,128.0998719,128.0998719,126.999873,126.999873
2025-09-23T15:35:00Z,126.999873,126.999873,126.4998735,126.4998735
2025-09-23T15:40:00Z,125.4998745,126.18987381,125.21987478,126.11987388
2025-09-23T15:45:00Z,127.30987269,127.35987264,126.999873,126.999873
2025-09-23T15:50:00Z,127.0998729,127.10987289,127.0998729,127.10987289
2025-09-23T15:55:00Z,127.15987284,127.15987284,126.5998734,126.78987321
2025-09-23T16:00:00Z,126.999873,126.999873,126.67987332,126.67987332
2025-09-23T16:05:00Z,126.4998735,126.999873,126.4998735,126.999873
2025-09-23T16:10:00Z,126.76487324,126.76487324,126.58987341,126.58987341
2025-09-23T16:15:00Z,127.25987274,127.25987274,127.25987274,127.25987274
2025-09-23T16:20:00Z,127.46987253,127.90987209,127.27987272,127.27987272
2025-09-23T16:25:00Z,127.999872,128.01987198,127.80987219,127.80987219
2025-09-23T16:35:00Z,127.88987211,128.44987155,127.6998723,128.40987159
2025-09-23T16:40:00Z,127.90987209,128.41987158,127.90987209,128.41987158
2025-09-23T16:45:00Z,128.18987181,128.26987173,128.18987181,128.18987181
2025-09-23T16:50:00Z,128.58987141,128.58987141,128.51987148,128.51987148
2025-09-23T16:55:00Z,127.999872,127.999872,127.999872,127.999872
2025-09-23T17:00:00Z,128.54987145,128.999871,128.54987145,128.999871
2025-09-23T17:05:00Z,128.13487186,129.28987071,128.13487186,129.28987071
2025-09-23T17:10:00Z,129.33987066,129.55987044,129.33987066,129.46987053
2025-09-23T17:15:00Z,129.21987078,129.40987059,128.63987136,128.65987134
2025-09-23T17:20:00Z,128.999871,128.999871,128.999871,128.999871
2025-09-23T17:25:00Z,128.56987143,128.70987129,127.67987232,127.75987224
2025-09-23T17:30:00Z,127.4998725,128.01987198,127.4998725,128.01987198
2025-09-23T17:35:00Z,127.82987217,127.82987217,126.33987366,126.34987365
2025-09-23T17:40:00Z,125.999874,125.999874,125.13987486,125.97987402
2025-09-23T17:45:00Z,125.8998741,127.16987283,125.41987458,127.16987283
2025-09-23T17:50:00Z,127.08987291,127.20987279,127.08987291,127.11987288
2025-09-23T17:55:00Z,127.83987216,128.1998718,127.83987216,128.1998718
2025-09-23T18:00:00Z,128.06987193,128.15987184,127.64987235,127.64987235
2025-09-23T18:05:00Z,127.05987294,127.05987294,127.05987294,127.05987294
2025-09-23T18:10:00Z,127.33987266,127.58987241,127.24987275,127.58987241
2025-09-23T18:15:00Z,127.64987235,127.71987228,127.64987235,127.71987228
2025-09-23T18:20:00Z,127.0998729,127.0998729,126.36987363,126.36987363
2025-09-23T18:25:00Z,126.28987371,126.54987345,126.13987386,126.13987386
2025-09-23T18:30:00Z,126.05987394,126.10987389,126.02987397,126.02987397
2025-09-23T18:35:00Z,126.04987395,126.04987395,125.95987404,125.95987404
2025-09-23T18:40:00Z,125.3998746,125.3998746,125.3998746,125.3998746
2025-09-23T18:45:00Z,125.51987448,125.51987448,124.999875,124.999875
2025-09-23T18:50:00Z,124.77987522,124.77987522,124.42987557,124.54987545
2025-09-23T18:55:00Z,124.999875,124.999875,124.75987524,124.75987524
2025-09-23T19:00:00Z,124.77987522,125.04987495,124.77987522,124.90987509
2025-09-23T19:05:00Z,124.1998758,124.23987576,124.1998758,124.23987576
2025-09-23T19:10:00Z,124.45487555,124.45487555,124.22987577,124.22987577
2025-09-23T19:20:00Z,124.18987581,124.18987581,123.88987611,123.88987611
2025-09-23T19:25:00Z,123.97987602,123.97987602,123.43987656,123.43987656
2025-09-23T19:30:00Z,123.37987662,123.37987662,123.00987699,123.00987699
2025-09-23T19:35:00Z,122.05987794,122.16987783,121.92987807,122.08987791
2025-09-23T19:45:00Z,122.54987745,122.57987742,122.48987751,122.48987751
2025-09-23T19:50:00Z,122.52987747,122.52987747,121.84987815,121.999878
2025-09-23T19:55:00Z,122.73987726,122.73987726,122.51987748,122.57987742
2025-09-24T13:30:00Z,123.24987675,123.87987612,122.2998777,122.999877
2025-09-24T13:35:00Z,124.52987547,124.52987547,122.67987732,123.38987661
2025-09-24T13:40:00Z,123.53987646,124.08987591,122.8998771,122.8998771
2025-09-24T13:45:00Z,121.999878,122.61987738,121.90987809,121.999878
2025-09-24T13:50:00Z,120.999879,123.05987694,120.80987919,123.05987694
2025-09-24T13:55:00Z,123.92987607,124.25987574,123.53987646,124.25987574
2025-09-24T14:00:00Z,124.38987561,125.43987456,124.38987561,125.41987458
2025-09-24T14:05:00Z,125.40987459,125.40987459,123.86987613,123.86987613
2025-09-24T14:10:00Z,124.23987576,124.2998757,123.51987648,123.5998764
2025-09-24T14:15:00Z,123.08987691,123.08987691,122.1998778,122.86987713
2025-09-24T14:20:00Z,123.17987682,123.18987681,122.47987752,122.6998773
2025-09-24T14:25:00Z,123.64987635,123.64987635,123.64987635,123.64987635
2025-09-24T14:30:00Z,123.93987606,124.93987506,123.93987606,124.07987592
2025-09-24T14:35:00Z,124.14987585,124.14987585,124.14987585,124.14987585
2025-09-24T14:40:00Z,124.14987585,124.14987585,124.14987585,124.14987585
2025-09-24T14:45:00Z,124.57987542,124.57987542,123.65987634,123.65987634
2025-09-24T14:50:00Z,124.37987562,124.37987562,124.37987562,124.37987562
2025-09-24T14:55:00Z,124.13987586,124.13987586,124.07987592,124.07987592
2025-09-24T15:00:00Z,123.64987635,124.4998755,123.64987635,124.4998755
2025-09-24T15:05:00Z,124.999875,125.83987416,124.999875,125.83987416
2025-09-24T15:10:00Z,125.38987461,125.63987436,125.38987461,125.50987449
2025-09-24T15:15:00Z,125.87987412,125.87987412,125.61987438,125.7998742
2025-09-24T15:20:00Z,126.4998735,126.62987337,126.2998737,126.2998737
2025-09-24T15:25:00Z,126.20987379,126.23987376,125.999874,126.11987388
2025-09-24T15:30:00Z,126.28987371,126.28987371,125.4998745,125.55987444
2025-09-24T15:35:00Z,125.37987462,125.37987462,125.37987462,125.37987462
2025-09-24T15:40:00Z,125.56987443,125.56987443,124.999875,124.999875
2025-09-24T15:45:00Z,124.25487575,124.2998757,124.0998759,124.2998757
2025-09-24T15:50:00Z,124.16987583,124.1998758,124.16987583,124.1998758
2025-09-24T15:55:00Z,123.62987637,123.62987637,123.62987637,123.62987637
2025-09-24T16:00:00Z,123.31987668,123.56987643,122.4998775,122.4998775
2025-09-24T16:05:00Z,122.4998775,122.5998774,121.6998783,121.6998783
2025-09-24T16:10:00Z,121.7998782,121.7998782,121.7998782,121.7998782
2025-09-24T16:15:00Z,122.32987767,122.75987724,122.21987778,122.21987778
2025-09-24T16:20:00Z,122.13987786,122.13987786,121.41987858,121.96987803
2025-09-24T16:25:00Z,121.54987845,121.54987845,120.999879,121.04987895
2025-09-24T16:30:00Z,121.3998786,121.3998786,121.3998786,121.3998786
2025-09-24T16:35:00Z,121.17987882,121.17987882,121.02987897,121.02987897
2025-09-24T16:45:00Z,120.70987929,120.74987925,120.70987929,120.74987925
2025-09-24T16:50:00Z,121.15987884,121.15987884,121.15987884,121.15987884
2025-09-24T17:00:00Z,121.31987868,121.31987868,121.31987868,121.31987868
2025-09-24T17:05:00Z,120.76987923,120.76987923,120.76987923,120.76987923
2025-09-24T17:10:00Z,120.62987937,120.62987937,119.99988,119.99988
2025-09-24T17:15:00Z,119.90988009,119.99988,119.45988054,119.87988012
2025-09-24T17:25:00Z,121.02987897,121.02987897,121.02987897,121.02987897
2025-09-24T17:30:00Z,120.50987949,120.50987949,120.50987949,120.50987949
2025-09-24T17:35:00Z,120.43987956,120.45987954,120.43987956,120.45987954
2025-09-24T17:40:00Z,119.05988094,119.58988041,118.87988112,119.58988041
2025-09-24T17:45:00Z,118.74988125,118.74988125,118.74988125,118.74988125
2025-09-24T17:50:00Z,118.61988138,118.62988137,118.1998818,118.1998818
2025-09-24T17:55:00Z,118.50988149,118.50988149,118.50988149,118.50988149
2025-09-24T18:00:00Z,118.02988197,118.0998819,117.7998822,117.7998822
2025-09-24T18:05:00Z,117.87988212,118.04988195,117.87988212,118.04988195
2025-09-24T18:10:00Z,117.2998827,117.2998827,116.74988325,116.98988301
2025-09-24T18:15:00Z,117.32988267,117.34988265,116.999883,117.34988265
2025-09-24T18:25:00Z,118.22988177,118.22988177,117.78988221,117.78988221
2025-09-24T18:30:00Z,118.34988165,118.34988165,118.20988179,118.20988179
2025-09-24T18:35:00Z,118.0998819,118.0998819,117.98988201,117.98988201
2025-09-24T18:40:00Z,118.37988162,118.37988162,118.34988165,118.34988165
2025-09-24T18:50:00Z,117.53988246,117.53988246,117.53988246,117.53988246
2025-09-24T19:00:00Z,117.84988215,117.84988215,117.84988215,117.84988215
2025-09-24T19:10:00Z,118.31988168,118.32988167,118.31988168,118.32988167
2025-09-24T19:15:00Z,117.999882,117.999882,117.999882,117.999882
2025-09-24T19:20:00Z,117.999882,117.999882,117.999882,117.999882
2025-09-24T19:25:00Z,117.6998823,117.6998823,117.6998823,117.6998823
2025-09-24T19:35:00Z,117.76988223,117.76988223,117.76988223,117.76988223
2025-09-24T19:45:00Z,118.50988149,118.50988149,118.50988149,118.50988149
2025-09-24T19:55:00Z,118.83988116,118.83988116,118.83988116,118.83988116
2025-09-25T13:30:00Z,112.47988752,112.8998871,110.93988906,112.35988764
2025-09-25T13:35:00Z,112.5998874,113.02988697,112.32988767,112.96988703
2025-09-25T13:40:00Z,112.87988712,113.02988697,111.6998883,111.6998883
2025-09-25T13:45:00Z,113.46988653,114.93988506,113.46988653,114.93988506
2025-09-25T13:50:00Z,114.999885,114.999885,113.55988644,113.94988605
2025-09-25T13:55:00Z,115.12988487,115.12988487,114.17988582,114.17988582
2025-09-25T14:00:00Z,114.50988549,114.50988549,113.1998868,113.65988634
2025-09-25T14:05:00Z,114.12988587,114.12988587,113.84988615,113.84988615
2025-09-25T14:10:00Z,113.64988635,113.64988635,113.0998869,113.24988675
2025-09-25T14:15:00Z,114.03988596,114.2998857,114.03988596,114.1998858
2025-09-25T14:20:00Z,113.60988639,114.63988536,113.60988639,113.999886
2025-09-25T14:25:00Z,114.2998857,114.2998857,113.31988668,113.31988668
2025-09-25T14:30:00Z,113.84988615,114.14988585,113.78988621,113.78988621
2025-09-25T14:35:00Z,113.7998862,113.7998862,112.54988745,112.54988745
2025-09-25T14:40:00Z,112.76988723,113.4998865,112.76988723,113.37988662
2025-09-25T14:45:00Z,113.53988646,113.62988637,113.53988646,113.62988637
2025-09-25T14:50:00Z,113.1998868,113.1998868,111.94988805,111.94988805
2025-09-25T14:55:00Z,111.999888,111.999888,111.999888,111.999888
2025-09-25T15:00:00Z,111.95988804,112.26988773,111.21988878,111.31988868
2025-09-25T15:05:00Z,111.55988844,111.55988844,111.55988844,111.55988844
2025-09-25T15:10:00Z,112.6998873,112.6998873,112.6998873,112.6998873
2025-09-25T15:15:00Z,112.4998875,112.4998875,112.4998875,112.4998875
2025-09-25T15:20:00Z,111.56988843,111.58988841,111.53988846,111.53988846
2025-09-25T15:25:00Z,111.24988875,111.24988875,111.24988875,111.24988875
2025-09-25T15:40:00Z,114.05988594,114.999885,114.05988594,114.999885
2025-09-25T15:45:00Z,114.67988532,114.72988527,114.67988532,114.72988527
2025-09-25T15:50:00Z,114.3998856,114.3998856,114.3998856,114.3998856
2025-09-25T15:55:00Z,114.65988534,114.65988534,114.2998857,114.2998857
2025-09-25T16:00:00Z,114.26988573,114.26988573,113.999886,113.999886
2025-09-25T16:05:00Z,113.88988611,113.88988611,113.88988611,113.88988611
2025-09-25T16:10:00Z,114.42988557,114.42988557,114.40988559,114.40988559
2025-09-25T16:20:00Z,114.01988598,114.62988537,114.01988598,114.62988537
2025-09-25T16:25:00Z,115.01988498,115.72988427,115.01988498,115.15988484
2025-09-25T16:30:00Z,115.999884,115.999884,115.999884,115.999884
2025-09-25T16:35:00Z,115.64988435,115.64988435,115.64988435,115.64988435
2025-09-25T16:40:00Z,115.4998845,115.4998845,115.4998845,115.4998845
2025-09-25T16:45:00Z,115.82988417,115.82988417,115.82988417,115.82988417
2025-09-25T16:50:00Z,115.57988442,115.57988442,115.35988464,115.35988464
2025-09-25T17:15:00Z,115.66988433,115.8998841,115.66988433,115.7998842
2025-09-25T17:20:00Z,115.34988465,115.34988465,114.97988502,114.97988502
2025-09-25T17:25:00Z,115.7948842,116.61988338,115.7948842,116.61988338
2025-09-25T17:30:00Z,116.34988365,116.34988365,116.34988365,116.34988365
2025-09-25T17:35:00Z,116.1998838,116.1998838,116.1998838,116.1998838
2025-09-25T17:45:00Z,115.7998842,115.7998842,115.7998842,115.7998842
2025-09-25T17:50:00Z,115.42988457,115.42988457,115.42988457,115.42988457
2025-09-25T17:55:00Z,115.44988455,115.48988451,115.44988455,115.47988452
2025-09-25T18:05:00Z,115.23988476,115.23988476,115.23988476,115.23988476
2025-09-25T18:10:00Z,115.90988409,115.90988409,115.88988411,115.88988411
2025-09-25T18:15:00Z,116.999883,116.999883,116.999883,116.999883
2025-09-25T18:20:00Z,117.3998826,117.7998822,117.3998826,117.7998822
2025-09-25T18:25:00Z,117.999882,117.999882,117.999882,117.999882
2025-09-25T18:30:00Z,117.98988201,117.98988201,117.3998826,117.3998826
2025-09-25T18:35:00Z,118.31988168,118.31988168,118.1998818,118.1998818
2025-09-25T18:40:00Z,118.999881,119.21988078,118.999881,119.11988088
2025-09-25T18:45:00Z,118.6998813,118.77988122,118.6998813,118.77988122
2025-09-25T18:50:00Z,118.86988113,118.86988113,118.65488135,118.85988114
2025-09-25T18:55:00Z,118.54988145,118.54988145,118.50988149,118.50988149
2025-09-25T19:05:00Z,118.50988149,118.50988149,118.25988174,118.25988174
2025-09-25T19:10:00Z,117.999882,117.999882,117.7998822,117.7998822
2025-09-25T19:20:00Z,118.57988142,118.57988142,118.06988193,118.06988193
2025-09-25T19:30:00Z,117.999882,117.999882,117.78988221,117.78988221
2025-09-25T19:35:00Z,117.72988227,117.72988227,117.47988252,117.47988252
2025-09-25T19:40:00Z,117.48988251,117.48988251,117.42988257,117.42988257
2025-09-25T19:55:00Z,117.90988209,117.98988201,117.90988209,117.92988207
2025-09-26T13:30:00Z,122.67987732,122.84987715,120.999879,122.07987792
2025-09-26T13:35:00Z,122.43987756,123.32987667,122.36987763,123.32987667
2025-09-26T13:40:00Z,123.36987663,123.38987661,123.36987663,123.38987661
2025-09-26T13:45:00Z,122.71987728,124.15987584,122.24987775,123.8998761
2025-09-26T13:50:00Z,124.6998753,124.999875,123.92987607,124.08987591
2025-09-26T13:55:00Z,124.01987598,125.62987437,123.999876,125.41987458
2025-09-26T14:00:00Z,125.999874,127.08987291,125.90987409,125.90987409
2025-09-26T14:05:00Z,126.24987375,126.2998737,124.17987582,124.96987503
2025-09-26T14:10:00Z,125.27987472,125.27987472,124.15987584,124.999875
2025-09-26T14:15:00Z,124.999875,124.999875,124.91987508,124.91987508
2025-09-26T14:20:00Z,125.37987462,125.37987462,124.87987512,124.87987512
2025-09-26T14:25:00Z,124.24987575,124.30987569,123.53987646,123.5998764
2025-09-26T14:30:00Z,123.91987608,124.42987557,123.4998765,123.4998765
2025-09-26T14:35:00Z,124.50987549,125.52987447,124.50987549,125.52987447
2025-09-26T14:40:00Z,125.47987452,125.47987452,125.34987465,125.34987465
2025-09-26T14:45:00Z,124.72987527,124.72987527,123.58987641,123.58987641
2025-09-26T14:55:00Z,124.02987597,124.02987597,123.27987672,123.27987672
2025-09-26T15:00:00Z,123.60987639,125.06987493,123.60987639,125.06987493
2025-09-26T15:10:00Z,125.01987498,125.17987482,124.25987574,124.25987574
2025-09-26T15:15:00Z,124.33987566,125.07987492,124.33987566,125.07987492
2025-09-26T15:20:00Z,124.88987511,124.88987511,124.3998756,124.57987542
2025-09-26T15:25:00Z,124.83487517,124.83487517,124.71987528,124.71987528
2025-09-26T15:30:00Z,124.2998757,124.2998757,124.2998757,124.2998757
2025-09-26T15:35:00Z,125.55987444,125.55987444,125.41987458,125.41987458
2025-09-26T15:40:00Z,125.41987458,125.64987435,125.2998747,125.61987438
2025-09-26T15:45:00Z,125.57987442,125.999874,125.57987442,125.999874
2025-09-26T15:50:00Z,125.88987411,125.88987411,125.88987411,125.88987411
2025-09-26T15:55:00Z,126.14487386,126.58987341,126.11987388,126.11987388
2025-09-26T16:00:00Z,125.5998744,126.10987389,125.5998744,126.10987389
2025-09-26T16:05:00Z,125.81987418,125.81987418,125.40987459,125.40987459
2025-09-26T16:10:00Z,125.53987446,125.999874,125.41987458,125.999874
2025-09-26T16:15:00Z,125.94987405,125.94987405,125.94987405,125.94987405
2025-09-26T16:20:00Z,126.90987309,127.36987263,126.90987309,127.36987263
2025-09-26T16:25:00Z,127.0998729,127.0998729,127.0998729,127.0998729
2025-09-26T16:30:00Z,126.3998736,126.3998736,126.3998736,126.3998736
2025-09-26T16:35:00Z,126.46487354,126.46987353,126.00987399,126.00987399
2025-09-26T16:40:00Z,126.6998733,126.6998733,126.6998733,126.6998733
2025-09-26T16:45:00Z,126.53987346,126.53987346,126.53987346,126.53987346
2025-09-26T16:50:00Z,126.1998738,126.1998738,126.1998738,126.1998738
2025-09-26T16:55:00Z,125.70987429,125.77987422,125.70987429,125.77987422
2025-09-26T17:00:00Z,126.26987373,126.26987373,126.26987373,126.26987373
2025-09-26T17:05:00Z,126.17987382,126.17987382,126.17987382,126.17987382
2025-09-26T17:15:00Z,126.21987378,126.21987378,126.21987378,126.21987378
2025-09-26T17:20:00Z,126.0998739,126.0998739,125.1998748,125.1998748
2025-09-26T17:25:00Z,125.45987454,125.45987454,125.45987454,125.45987454
2025-09-26T17:35:00Z,126.36487363,126.36487363,126.35987364,126.35987364
2025-09-26T17:40:00Z,126.999873,126.999873,126.94987305,126.98987301
2025-09-26T17:45:00Z,127.27987272,127.55987244,127.27987272,127.55987244
2025-09-26T17:50:00Z,127.999872,128.22987177,127.999872,128.02987197
2025-09-26T17:55:00Z,127.13987286,127.13987286,127.13987286,127.13987286
2025-09-26T18:05:00Z,127.33987266,127.33987266,127.33987266,127.33987266
2025-09-26T18:10:00Z,127.94987205,128.04987195,127.87987212,127.87987212
2025-09-26T18:15:00Z,127.999872,127.999872,127.999872,127.999872
2025-09-26T18:25:00Z,127.67987232,127.67987232,127.65987234,127.65987234
2025-09-26T18:35:00Z,128.42987157,128.67987132,128.15987184,128.67987132
2025-09-26T18:40:00Z,128.84987115,128.84987115,128.72987127,128.72987127
2025-09-26T18:45:00Z,128.27987172,128.27987172,128.27987172,128.27987172
2025-09-26T18:50:00Z,127.84987215,127.84987215,127.68987231,127.68987231
2025-09-26T19:00:00Z,127.4998725,127.4998725,127.43987256,127.43987256
2025-09-26T19:05:00Z,127.7998722,127.7998722,127.7998722,127.7998722
2025-09-26T19:10:00Z,127.82487218,127.87987212,127.82487218,127.87987212
2025-09-26T19:15:00Z,128.02987197,128.03987196,128.00987199,128.00987199
2025-09-26T19:20:00Z,127.96987203,127.97987202,127.92987207,127.92987207
2025-09-26T19:30:00Z,127.81987218,127.81987218,127.58987241,127.58987241
2025-09-26T19:35:00Z,127.64987235,127.82987217,127.64987235,127.82987217
2025-09-26T19:40:00Z,127.74987225,127.74987225,127.74987225,127.74987225
2025-09-26T19:45:00Z,128.00987199,128.5998714,128.00987199,128.56987143
2025-09-26T19:50:00Z,128.7998712,128.8998711,128.2998717,128.8998711
2025-09-26T19:55:00Z,128.999871,129.46987053,128.999871,129.38987061
2025-09-29T13:30:00Z,135.14986485,140.1998598,134.75986524,139.50986049
2025-09-29T13:35:00Z,139.83986016,141.35985864,139.83986016,141.35985864
2025-09-29T13:40:00Z,141.82985817,143.4998565,141.75985824,142.08985791
2025-09-29T13:45:00Z,142.47985752,143.52985647,141.46985853,143.05985694
2025-09-29T13:50:00Z,143.3998566,145.33985466,142.93985706,144.84985515
2025-09-29T13:55:00Z,144.78985521,145.43985456,143.81985618,145.43985456
2025-09-29T14:00:00Z,145.999854,146.26985373,145.70985429,145.85485415
2025-09-29T14:05:00Z,145.98985401,146.48485352,145.50985449,145.50985449
2025-09-29T14:10:00Z,145.14985485,145.8998541,144.999855,145.36985463
2025-09-29T14:15:00Z,145.15985484,145.15985484,144.5998554,144.999855
2025-09-29T14:20:00Z,145.4998545,145.75985424,145.05985494,145.75985424
2025-09-29T14:25:00Z,145.8998541,146.28985371,145.8998541,145.999854
2025-09-29T14:30:00Z,146.5998534,146.73985326,146.07985392,146.73985326
2025-09-29T14:35:00Z,147.08985291,157.61984238,146.16985383,147.00985299
2025-09-29T14:40:00Z,147.4998525,148.77985122,147.11985288,148.00985199
2025-09-29T14:45:00Z,148.91985108,149.99985,148.33985166,149.53985046
2025-09-29T14:50:00Z,150.1998498,151.81984818,150.1998498,150.91984908
2025-09-29T14:55:00Z,150.94984905,150.94984905,149.3998506,149.77985022
2025-09-29T15:00:00Z,150.18984981,151.2998487,149.92985007,151.00984899
2025-09-29T15:05:00Z,150.61984938,150.83984916,150.26984973,150.50984949
2025-09-29T15:10:00Z,149.99985,149.99985,148.76985123,148.83985116
2025-09-29T15:15:00Z,147.999852,147.999852,146.87985312,146.87985312
2025-09-29T15:20:00Z,146.85985314,147.21985278,146.16985383,146.16985383
2025-09-29T15:25:00Z,146.26985373,146.62985337,145.4998545,145.4998545
2025-09-29T15:30:00Z,145.00985499,145.00985499,143.88985611,143.999856
2025-09-29T15:35:00Z,143.64985635,143.70985629,143.4998565,143.70985629
2025-09-29T15:40:00Z,144.01985598,145.45985454,144.01985598,145.45985454
2025-09-29T15:45:00Z,145.53985446,145.53985446,145.11985488,145.11985488
2025-09-29T15:50:00Z,145.26985473,145.34985465,144.70985529,144.76985523
2025-09-29T15:55:00Z,145.17985482,145.17985482,143.7998562,144.85985514
2025-09-29T16:00:00Z,144.6998553,145.4998545,144.42985557,145.4998545
2025-09-29T16:05:00Z,144.46985553,144.64985535,144.1998558,144.41985558
2025-09-29T16:15:00Z,144.1998558,144.1998558,143.50985649,143.50985649
2025-09-29T16:20:00Z,143.83985616,143.83985616,143.83985616,143.83985616
2025-09-29T16:25:00Z,144.02985597,144.41985558,144.02985597,144.41985558
2025-09-29T16:30:00Z,143.999856,143.999856,143.61985638,143.61985638
2025-09-29T16:35:00Z,143.7998562,143.7998562,143.7998562,143.7998562
2025-09-29T16:45:00Z,143.62985637,144.11985588,143.62985637,144.11985588
2025-09-29T16:50:00Z,143.94985605,143.94985605,143.84985615,143.84985615
2025-09-29T16:55:00Z,143.20985679,143.20985679,143.02985697,143.02985697
2025-09-29T17:10:00Z,143.77985622,144.26985573,143.77985622,144.26985573
2025-09-29T17:15:00Z,143.90985609,144.45985554,143.4998565,144.45985554
2025-09-29T17:20:00Z,143.64985635,143.64985635,143.4998565,143.4998565
2025-09-29T17:25:00Z,142.999857,143.4998565,142.90985709,142.90985709
2025-09-29T17:30:00Z,143.33985666,143.33985666,143.11985688,143.11985688
2025-09-29T17:35:00Z,142.4998575,142.4998575,142.31985768,142.31985768
2025-09-29T17:40:00Z,143.19485681,143.19485681,142.4998575,142.60985739
2025-09-29T17:45:00Z,142.6998573,143.0998569,142.6998573,143.0998569
2025-09-29T18:00:00Z,142.90985709,143.43985656,142.90985709,143.43985656
2025-09-29T18:05:00Z,143.21985678,143.21985678,143.1998568,143.1998568
2025-09-29T18:10:00Z,143.32985667,143.32985667,142.999857,142.999857
2025-09-29T18:15:00Z,143.25985674,143.28985671,143.07985692,143.28985671
2025-09-29T18:25:00Z,143.999856,143.999856,143.999856,143.999856
2025-09-29T18:30:00Z,144.31985568,144.31985568,144.30985569,144.30985569
2025-09-29T18:35:00Z,144.00985599,144.11985588,144.00985599,144.11985588
2025-09-29T18:45:00Z,144.4998555,144.60985539,144.4998555,144.60985539
2025-09-29T18:50:00Z,144.5998554,144.5998554,144.40985559,144.40985559
2025-09-29T18:55:00Z,145.32985467,145.32985467,145.32985467,145.32985467
2025-09-29T19:00:00Z,145.1998548,145.54985445,145.1998548,145.54985445
2025-09-29T19:05:00Z,145.98985401,145.98985401,145.61985438,145.80985419
2025-09-29T19:15:00Z,145.73985426,146.08985391,145.73985426,145.76985423
2025-09-29T19:20:00Z,145.999854,145.999854,145.44985455,145.96985403
2025-09-29T19:25:00Z,146.18985381,146.1998538,146.18985381,146.1998538
2025-09-29T19:30:00Z,145.80985419,146.10985389,145.80985419,146.10985389
2025-09-29T19:40:00Z,145.01985498,145.23985476,145.01985498,145.23985476
2025-09-29T19:50:00Z,145.31985468,145.31985468,145.31985468,145.31985468
2025-09-29T19:55:00Z,145.26985473,145.58985441,145.26985473,145.58985441
2025-09-30T13:30:00Z,145.24985475,145.96985403,144.81985518,145.33985466
2025-09-30T13:35:00Z,145.88985411,147.26985273,143.4998565,144.86985513
2025-09-30T13:40:00Z,144.43985556,145.51985448,144.43985556,145.50985449
2025-09-30T13:45:00Z,144.26985573,144.75985524,144.1998558,144.45985554
2025-09-30T13:50:00Z,144.73985526,144.73985526,142.999857,142.999857
2025-09-30T13:55:00Z,143.52985647,144.44985555,143.52985647,144.44985555
2025-09-30T14:00:00Z,143.56985643,143.56985643,142.40985759,142.40985759
2025-09-30T14:05:00Z,142.05985794,142.05985794,140.58985941,140.999859
2025-09-30T14:10:00Z,141.03985896,141.52985847,140.44985955,141.11985888
2025-09-30T14:15:00Z,141.7998582,143.2998567,141.7998582,142.74985725
2025-09-30T14:20:00Z,143.999856,144.94985505,143.999856,144.57985542
2025-09-30T14:25:00Z,143.6998563,143.6998563,142.78985721,142.78985721
2025-09-30T14:30:00Z,143.18985681,144.4998555,143.18985681,144.44985555
2025-09-30T14:35:00Z,144.25985574,144.25985574,143.45985654,143.45985654
2025-09-30T14:40:00Z,143.63985636,144.999855,143.63985636,144.999855
2025-09-30T14:45:00Z,145.38985461,145.38985461,145.38985461,145.38985461
2025-09-30T14:50:00Z,145.67985432,146.3998536,145.67985432,146.2998537
2025-09-30T14:55:00Z,146.1998538,146.24985375,145.2998547,145.2998547
2025-09-30T15:00:00Z,145.5998544,145.999854,145.48985451,145.7998542
2025-09-30T15:05:00Z,146.92985307,147.44985255,146.92985307,147.44985255
2025-09-30T15:10:00Z,147.32985267,147.32985267,147.32985267,147.32985267
2025-09-30T15:15:00Z,145.77985422,145.77985422,145.77985422,145.77985422
2025-09-30T15:20:00Z,145.27985472,145.60985439,145.24985475,145.60985439
2025-09-30T15:25:00Z,145.45985454,145.47985452,144.74985525,144.74985525
2025-09-30T15:30:00Z,145.02985497,145.02985497,145.02985497,145.02985497
2025-09-30T15:35:00Z,144.2998557,144.2998557,143.66985633,143.66985633
2025-09-30T15:40:00Z,143.18985681,143.18985681,143.18985681,143.18985681
2025-09-30T15:50:00Z,144.28985571,144.28985571,144.28985571,144.28985571
2025-09-30T15:55:00Z,143.73985626,143.73985626,143.5998564,143.5998564
2025-09-30T16:05:00Z,142.999857,143.01985698,142.76985723,142.76985723
2025-09-30T16:10:00Z,142.2998577,142.2998577,142.04985795,142.04985795
2025-09-30T16:15:00Z,142.07985792,142.07985792,142.07985792,142.07985792
2025-09-30T16:20:00Z,143.21985678,143.24985675,143.21985678,143.24985675
2025-09-30T16:25:00Z,143.20985679,143.21985678,142.36985763,142.7998572
2025-09-30T16:40:00Z,143.26985673,143.48985651,143.26985673,143.48985651
2025-09-30T16:50:00Z,143.71985628,143.98985601,143.71985628,143.97985602
2025-09-30T16:55:00Z,144.41985558,144.41985558,144.41985558,144.41985558
2025-09-30T17:00:00Z,144.27985572,144.27985572,144.27985572,144.27985572
2025-09-30T17:05:00Z,144.71985528,144.71985528,144.71985528,144.71985528
2025-09-30T17:10:00Z,145.52985447,145.52985447,145.52985447,145.52985447
2025-09-30T17:15:00Z,145.73985426,145.73985426,145.6998543,145.6998543
2025-09-30T17:20:00Z,144.8998551,144.8998551,144.8998551,144.8998551
2025-09-30T17:30:00Z,144.77985522,145.23985476,144.77985522,144.91985508
2025-09-30T17:40:00Z,145.61985438,145.61985438,145.51985448,145.51985448
2025-09-30T17:45:00Z,145.17985482,145.17985482,145.17985482,145.17985482
2025-09-30T17:50:00Z,146.32985367,146.7998532,146.32985367,146.7998532
2025-09-30T17:55:00Z,146.999853,146.999853,146.4998535,146.4998535
2025-09-30T18:05:00Z,146.12985387,146.12985387,146.12985387,146.12985387
2025-09-30T18:10:00Z,145.71985428,145.71985428,145.71985428,145.71985428
2025-09-30T18:25:00Z,146.7998532,146.7998532,146.21985378,146.21985378
2025-09-30T18:30:00Z,145.94985405,145.94985405,145.6998543,145.6998543
2025-09-30T18:40:00Z,146.41985358,146.41985358,146.10985389,146.10985389
2025-09-30T18:45:00Z,146.20985379,146.20985379,146.20985379,146.20985379
2025-09-30T18:50:00Z,146.20985379,146.20985379,145.96985403,145.96985403
2025-09-30T19:05:00Z,146.38985361,146.38985361,146.38985361,146.38985361
2025-09-30T19:10:00Z,146.30985369,146.30985369,146.28985371,146.28985371
2025-09-30T19:15:00Z,146.27985372,146.27985372,146.26985373,146.26985373
2025-09-30T19:30:00Z,147.24985275,147.24985275,147.1998528,147.1998528
2025-09-30T19:35:00Z,147.00985299,147.00985299,146.96985303,146.96985303
2025-09-30T19:40:00Z,147.10985289,147.10985289,147.10985289,147.10985289
2025-09-30T19:45:00Z,147.51985248,147.999852,147.51985248,147.999852
2025-09-30T19:50:00Z,148.34985165,148.34985165,148.0998519,148.0998519
2025-09-30T19:55:00Z,148.44985155,148.44985155,147.74985225,147.7998522
2025-10-01T13:30:00Z,144.75985524,145.53985446,143.999856,143.999856
2025-10-01T13:35:00Z,144.53985546,145.03985496,141.83985816,143.0998569
2025-10-01T13:40:00Z,142.7998572,142.7998572,141.76985823,141.76985823
2025-10-01T13:45:00Z,141.24985875,142.41985758,139.96986003,140.05985994
2025-10-01T13:50:00Z,139.88486011,142.38985761,139.88486011,141.15985884
2025-10-01T13:55:00Z,141.4998585,144.47985552,141.4998585,143.999856
2025-10-01T14:00:00Z,144.24985575,147.8998521,144.24985575,147.8998521
2025-10-01T14:05:00Z,147.2998527,147.84985215,147.2998527,147.73985226
2025-10-01T14:10:00Z,147.64985235,148.5998514,147.64985235,148.5998514
2025-10-01T14:15:00Z,147.8998521,149.98985001,147.8998521,149.73985026
2025-10-01T14:20:00Z,149.35985064,149.95985004,149.35985064,149.90985009
2025-10-01T14:25:00Z,150.4998495,150.999849,150.1998498,150.93984906
2025-10-01T14:30:00Z,151.1998488,151.5998484,151.02984897,151.42984857
2025-10-01T14:35:00Z,150.64984935,151.32984867,149.90985009,149.90985009
2025-10-01T14:40:00Z,147.999852,147.999852,147.33985266,147.60985239
2025-10-01T14:45:00Z,148.7998512,148.80985119,147.95985204,148.21985178
2025-10-01T14:50:00Z,148.0998519,148.999851,148.0998519,148.999851
2025-10-01T14:55:00Z,149.48985051,149.52985047,149.48985051,149.52985047
2025-10-01T15:00:00Z,149.25985074,149.58985041,149.17985082,149.27985072
2025-10-01T15:05:00Z,148.86985113,148.86985113,147.82985217,147.86985213
2025-10-01T15:10:00Z,147.93985206,147.93985206,147.92985207,147.92985207
2025-10-01T15:15:00Z,147.72985227,147.72985227,147.43985256,147.43985256
2025-10-01T15:20:00Z,145.999854,145.999854,145.94985405,145.94985405
2025-10-01T15:25:00Z,145.7998542,145.7998542,145.7998542,145.7998542
2025-10-01T15:30:00Z,146.15985384,146.15985384,146.06985393,146.06985393
2025-10-01T15:35:00Z,145.8998541,145.8998541,145.17985482,145.1998548
2025-10-01T15:40:00Z,145.04985495,145.04985495,144.55985544,144.55985544
2025-10-01T15:45:00Z,144.2998557,144.31985568,144.2998557,144.31985568
2025-10-01T15:50:00Z,144.53985546,144.53985546,144.53985546,144.53985546
2025-10-01T15:55:00Z,144.88985511,144.88985511,143.999856,143.999856
2025-10-01T16:00:00Z,144.10985589,144.15985584,143.44985655,143.54985645
2025-10-01T16:05:00Z,143.57985642,143.57985642,143.57985642,143.57985642
2025-10-01T16:10:00Z,143.21985678,143.21985678,142.72985727,142.77985722
2025-10-01T16:20:00Z,142.4998575,142.54985745,142.28985771,142.28985771
2025-10-01T16:25:00Z,142.34985765,142.34985765,142.02985797,142.02985797
2025-10-01T16:30:00Z,141.52985847,141.8998581,141.52985847,141.7998582
2025-10-01T16:35:00Z,141.54985845,141.54985845,141.1998588,141.23985876
2025-10-01T16:40:00Z,141.50985849,141.50985849,141.50985849,141.50985849
2025-10-01T16:45:00Z,140.999859,141.10985889,140.76985923,140.8998591
2025-10-01T16:50:00Z,141.0998589,141.999858,141.0998589,141.25985874
2025-10-01T16:55:00Z,142.96985703,142.999857,142.61985738,142.67985732
2025-10-01T17:05:00Z,142.94985705,142.94985705,142.94985705,142.94985705
2025-10-01T17:10:00Z,142.64985735,142.64985735,142.64985735,142.64985735
2025-10-01T17:25:00Z,142.58985741,142.58985741,142.58985741,142.58985741
2025-10-01T17:35:00Z,142.1998578,142.1998578,142.1998578,142.1998578
2025-10-01T17:40:00Z,141.7998582,141.7998582,141.7998582,141.7998582
2025-10-01T17:45:00Z,141.21985878,141.55985844,141.21985878,141.34985865
2025-10-01T17:55:00Z,140.999859,141.88985811,140.999859,141.52985847
2025-10-01T18:05:00Z,141.94485806,142.38985761,141.94485806,142.38985761
2025-10-01T18:20:00Z,142.96985703,142.96985703,142.96985703,142.96985703
2025-10-01T18:25:00Z,142.97985702,142.97985702,142.35985764,142.35985764
2025-10-01T18:35:00Z,142.22985777,142.22985777,141.999858,141.999858
2025-10-01T18:40:00Z,141.3998586,141.46985853,141.3998586,141.46985853
2025-10-01T18:45:00Z,141.41985858,141.41985858,141.41985858,141.41985858
2025-10-01T18:50:00Z,141.999858,141.999858,141.999858,141.999858
2025-10-01T19:10:00Z,142.999857,142.999857,142.999857,142.999857
2025-10-01T19:20:00Z,142.4998575,142.4998575,141.53985846,141.53985846
2025-10-01T19:25:00Z,141.6998583,141.6998583,141.6998583,141.6998583
2025-10-01T19:30:00Z,142.51985748,142.51985748,142.27985772,142.27985772
2025-10-01T19:40:00Z,143.01985698,143.01985698,143.01985698,143.01985698
2025-10-01T19:50:00Z,142.3998576,142.62985737,142.3998576,142.62985737
2025-10-01T19:55:00Z,142.28985771,142.36985763,142.28985771,142.36985763
2025-10-02T13:30:00Z,143.02985697,143.51985648,140.999859,141.77985822
2025-10-02T13:35:00Z,140.999859,141.24985875,137.4998625,139.38986061
2025-10-02T13:40:00Z,139.14986085,139.6998603,136.64986335,136.64986335
2025-10-02T13:45:00Z,136.48986351,136.48986351,132.66986733,132.999867
2025-10-02T13:50:00Z,134.10986589,134.10986589,132.34986765,133.02986697
2025-10-02T13:55:00Z,132.57986742,133.55986644,132.57986742,132.91986708
2025-10-02T14:00:00Z,132.37986762,133.66986633,131.78986821,133.00986699
2025-10-02T14:05:00Z,132.61986738,133.94986605,132.5998674,133.94986605
2025-10-02T14:10:00Z,134.34986565,134.34986565,131.7998682,132.0998679
2025-10-02T14:15:00Z,132.69486731,133.3998666,132.46986753,133.22986677
2025-10-02T14:20:00Z,133.46986653,134.74986525,132.61986738,134.74986525
2025-10-02T14:25:00Z,134.86986513,134.86986513,134.67986532,134.67986532
2025-10-02T14:30:00Z,135.02986497,135.1998648,133.97986602,133.97986602
2025-10-02T14:35:00Z,135.01486498,135.91986408,135.01486498,135.91986408
2025-10-02T14:40:00Z,135.81986418,135.81986418,134.999865,134.999865
2025-10-02T14:45:00Z,134.6998653,134.6998653,134.55986544,134.55986544
2025-10-02T14:50:00Z,135.04986495,135.04986495,135.04986495,135.04986495
2025-10-02T14:55:00Z,135.34986465,135.4998645,134.61486539,134.63986536
2025-10-02T15:00:00Z,135.17986482,135.17986482,134.07986592,134.07986592
2025-10-02T15:05:00Z,134.38986561,135.25986474,134.38986561,134.97986502
2025-10-02T15:10:00Z,135.0998649,135.57986442,135.0998649,135.4998645
2025-10-02T15:15:00Z,135.31986468,135.31986468,134.14986585,134.14986585
2025-10-02T15:20:00Z,134.13986586,135.06986493,133.63986636,135.06986493
2025-10-02T15:25:00Z,135.05986494,135.05986494,134.38986561,134.4998655
2025-10-02T15:30:00Z,133.82986617,133.82986617,133.64986635,133.64986635
2025-10-02T15:35:00Z,132.999867,133.11986688,130.999869,131.40986859
2025-10-02T15:40:00Z,131.82986817,132.06986793,131.53986846,131.53986846
2025-10-02T15:45:00Z,131.20986879,131.94986805,131.20986879,131.44986855
2025-10-02T15:50:00Z,132.10986789,132.10986789,132.10986789,132.10986789
2025-10-02T15:55:00Z,133.15986684,133.15986684,133.15986684,133.15986684
2025-10-02T16:00:00Z,132.91486709,132.91486709,132.11986788,132.32986767
2025-10-02T16:05:00Z,132.00986799,132.00986799,131.32986867,131.68986831
2025-10-02T16:10:00Z,131.48986851,131.48986851,130.999869,130.999869
2025-10-02T16:15:00Z,130.8998691,130.8998691,130.74986925,130.74986925
2025-10-02T16:20:00Z,130.4998695,130.64986935,130.31986968,130.31986968
2025-10-02T16:25:00Z,130.45986954,130.999869,130.41986958,130.6998693
2025-10-02T16:30:00Z,130.61486938,130.85986914,130.61486938,130.71986928
2025-10-02T16:35:00Z,130.62986937,131.60986839,130.62986937,131.60986839
2025-10-02T16:40:00Z,131.77986822,131.77986822,131.28986871,131.32986867
2025-10-02T16:45:00Z,131.36986863,131.36986863,130.999869,130.999869
2025-10-02T16:55:00Z,132.30986769,132.30986769,132.08986791,132.08986791
2025-10-02T17:00:00Z,131.64986835,131.64986835,131.64986835,131.64986835
2025-10-02T17:05:00Z,131.999868,132.2998677,131.84986815,131.84986815
2025-10-02T17:10:00Z,131.81986818,131.81986818,131.57986842,131.57986842
2025-10-02T17:20:00Z,132.34986765,132.34986765,132.34986765,132.34986765
2025-10-02T17:25:00Z,132.2998677,132.2998677,131.94986805,131.95986804
2025-10-02T17:30:00Z,131.96986803,131.96986803,131.64986835,131.64986835
2025-10-02T17:40:00Z,132.24986775,132.24986775,132.24986775,132.24986775
2025-10-02T17:45:00Z,132.1998678,132.1998678,131.66986833,131.66986833
2025-10-02T17:50:00Z,131.23986876,131.23986876,131.0998689,131.0998689
2025-10-02T17:55:00Z,130.999869,131.20986879,130.97986902,131.10986889
2025-10-02T18:00:00Z,131.47986852,131.5998684,131.47986852,131.5998684
2025-10-02T18:05:00Z,131.41986858,131.64986835,131.41986858,131.58986841
2025-10-02T18:10:00Z,131.51986848,132.04986795,131.51986848,132.04986795
2025-10-02T18:15:00Z,132.1998678,132.73986726,132.1998678,132.73986726
2025-10-02T18:20:00Z,132.6998673,132.74986725,132.48986751,132.74986725
2025-10-02T18:25:00Z,132.48986751,132.73986726,132.31986768,132.64986735
2025-10-02T18:50:00Z,132.12986787,132.12986787,132.12986787,132.12986787
2025-10-02T19:00:00Z,132.8998671,133.01986698,132.8998671,133.01986698
2025-10-02T19:05:00Z,133.06986693,133.06986693,133.06986693,133.06986693
2025-10-02T19:10:00Z,133.20986679,133.58986641,133.1998668,133.28986671
2025-10-02T19:15:00Z,133.24986675,133.44986655,133.17986682,133.44986655
2025-10-02T19:20:00Z,133.96986603,134.34986565,133.96986603,134.34986565
2025-10-02T19:25:00Z,134.3998656,134.4998655,134.3998656,134.3998656
2025-10-02T19:30:00Z,134.58986541,134.58986541,134.58986541,134.58986541
2025-10-02T19:35:00Z,134.45986554,134.45986554,133.999866,133.999866
2025-10-02T19:40:00Z,134.20986579,134.44986555,133.92986607,134.44986555
2025-10-02T19:45:00Z,134.44986555,134.4998655,134.31986568,134.48986551
2025-10-02T19:50:00Z,134.47986552,134.58986541,133.78986621,134.16986583
2025-10-02T19:55:00Z,133.67986632,133.67986632,133.67986632,133.67986632
2025-10-03T13:30:00Z,137.64986235,137.64986235,134.00986599,134.90986509
2025-10-03T13:35:00Z,134.62986537,134.75986524,133.999866,134.75986524
2025-10-03T13:40:00Z,136.76986323,136.7998632,135.88986411,135.88986411
2025-10-03T13:45:00Z,136.13986386,136.38986361,135.47986452,136.13986386
2025-10-03T13:50:00Z,135.76486423,136.01986398,135.31986468,135.67986432
2025-10-03T13:55:00Z,135.95986404,136.10986389,134.73986526,134.73986526
2025-10-03T14:00:00Z,134.44986555,134.44986555,132.26986773,133.05986694
2025-10-03T14:05:00Z,132.26986773,132.71986728,131.31986868,131.96986803
2025-10-03T14:10:00Z,131.73986826,132.37986762,131.64986835,131.82986817
2025-10-03T14:15:00Z,132.31986768,133.46986653,132.31986768,133.3998666
2025-10-03T14:20:00Z,133.1998668,133.1998668,132.38986761,132.38986761
2025-10-03T14:25:00Z,133.05986694,133.2998667,133.05986694,133.17986682
2025-10-03T14:30:00Z,133.58986641,133.58986641,133.58986641,133.58986641
2025-10-03T14:35:00Z,134.18986581,134.40986559,134.18986581,134.40986559
2025-10-03T14:40:00Z,134.01986598,134.28986571,133.87986612,133.999866
2025-10-03T14:45:00Z,133.26986673,133.43986656,133.26986673,133.43986656
2025-10-03T14:50:00Z,132.4998675,133.15986684,132.4998675,133.15986684
2025-10-03T14:55:00Z,133.66486634,134.46986553,133.66486634,134.25986574
2025-10-03T15:00:00Z,133.60986639,133.60986639,133.5998664,133.5998664
2025-10-03T15:05:00Z,133.34986665,133.34986665,132.97986702,132.97986702
2025-10-03T15:10:00Z,132.999867,133.20986679,132.999867,133.02986697
2025-10-03T15:15:00Z,133.20986679,133.2998667,132.6998673,132.75986724
2025-10-03T15:20:00Z,132.86986713,132.88986711,132.86986713,132.88986711
2025-10-03T15:30:00Z,133.64986635,133.91986608,133.64986635,133.91986608
2025-10-03T15:40:00Z,133.34986665,133.34986665,133.32986667,133.32986667
2025-10-03T15:45:00Z,133.10986689,133.10986689,133.10986689,133.10986689
2025-10-03T15:50:00Z,133.30986669,133.30986669,133.30986669,133.30986669
2025-10-03T15:55:00Z,134.18986581,134.18986581,134.18986581,134.18986581
2025-10-03T16:00:00Z,133.97986602,134.14986585,133.94986605,134.14986585
2025-10-03T16:05:00Z,133.83986616,133.96986603,133.83986616,133.96986603
2025-10-03T16:10:00Z,133.5998664,133.5998664,132.45986754,132.45986754
2025-10-03T16:15:00Z,132.32986767,132.32986767,132.2998677,132.2998677
2025-10-03T16:20:00Z,132.30986769,132.30986769,131.65986834,131.65986834
2025-10-03T16:25:00Z,131.74986825,131.80986819,131.1998688,131.1998688
2025-10-03T16:30:00Z,131.41986858,131.41986858,131.12986887,131.12986887
2025-10-03T16:35:00Z,131.55986844,131.55986844,131.3998686,131.3998686
2025-10-03T16:40:00Z,131.26986873,131.26986873,130.97986902,130.97986902
2025-10-03T16:45:00Z,130.57986942,130.57986942,130.57986942,130.57986942
2025-10-03T16:50:00Z,131.03986896,131.36986863,131.03986896,131.36986863
2025-10-03T16:55:00Z,131.51986848,131.70986829,131.51986848,131.70986829
2025-10-03T17:00:00Z,131.26986873,131.26986873,130.42986957,130.42986957
2025-10-03T17:05:00Z,130.0998699,130.60986939,129.7998702,130.53986946
2025-10-03T17:10:00Z,130.95986904,130.95986904,130.95986904,130.95986904
2025-10-03T17:25:00Z,130.70986929,130.70986929,130.64986935,130.64986935
2025-10-03T17:30:00Z,132.0998679,132.0998679,132.0998679,132.0998679
2025-10-03T17:35:00Z,132.03986796,132.03986796,132.03986796,132.03986796
2025-10-03T17:40:00Z,131.93986806,131.93986806,131.14986885,131.21986878
2025-10-03T17:45:00Z,130.64986935,130.86986913,130.64986935,130.86986913
2025-10-03T17:50:00Z,131.02986897,131.02986897,130.41986958,130.41986958
2025-10-03T17:55:00Z,131.0998689,131.0998689,131.0998689,131.0998689
2025-10-03T18:00:00Z,131.6998683,131.999868,131.6998683,131.999868
2025-10-03T18:05:00Z,130.93986906,131.4998685,130.93986906,131.4998685
2025-10-03T18:10:00Z,131.90986809,132.4998675,131.90986809,132.4998675
2025-10-03T18:20:00Z,132.75986724,132.999867,132.75986724,132.999867
2025-10-03T18:25:00Z,133.38986661,133.60986639,133.38986661,133.54986645
2025-10-03T18:30:00Z,133.62986637,133.62986637,133.55986644,133.55986644
2025-10-03T18:40:00Z,133.5998664,133.5998664,133.46986653,133.46986653
2025-10-03T18:45:00Z,133.03986696,133.03986696,133.03986696,133.03986696
2025-10-03T18:55:00Z,133.26986673,133.26986673,133.26986673,133.26986673
2025-10-03T19:05:00Z,133.4998665,133.4998665,133.4998665,133.4998665
2025-10-03T19:20:00Z,133.17986682,133.17986682,133.17986682,133.17986682
2025-10-03T19:30:00Z,133.33986666,133.4998665,133.33986666,133.4998665
2025-10-03T19:45:00Z,133.24986675,133.4998665,133.24986675,133.4998665
2025-10-03T19:50:00Z,133.3998666,133.71986628,133.3998666,133.71986628
2025-10-03T19:55:00Z,133.28986671,133.45986654,133.28986671,133.45986654
2025-10-06T13:30:00Z,133.97986602,134.53986546,128.999871,128.999871
2025-10-06T13:35:00Z,128.65987134,128.65987134,126.999873,127.7998722
2025-10-06T13:40:00Z,128.97987102,128.97987102,127.1998728,128.17987182
2025-10-06T13:45:00Z,128.999871,129.99987,128.999871,129.99987
2025-10-06T13:50:00Z,129.76987023,129.76987023,128.21987178,128.76987123
2025-10-06T13:55:00Z,128.40987159,128.86987113,127.73987226,127.73987226
2025-10-06T14:00:00Z,127.7998722,127.999872,127.15987284,127.66987233
2025-10-06T14:05:00Z,127.0998729,127.23987276,123.999876,123.999876
2025-10-06T14:10:00Z,124.36987563,124.36987563,122.75987724,123.71987628
2025-10-06T14:15:00Z,124.0998759,125.60987439,124.0998759,124.42987557
2025-10-06T14:20:00Z,123.78987621,124.00987599,123.32987667,124.00987599
2025-10-06T14:25:00Z,123.9048761,123.9048761,122.999877,122.999877
2025-10-06T14:30:00Z,122.82987717,122.82987717,121.34987865,121.3998786
2025-10-06T14:35:00Z,121.18987881,121.1998788,120.70987929,121.0998789
2025-10-06T14:40:00Z,121.11987888,121.55987844,120.5998794,121.18987881
2025-10-06T14:45:00Z,121.40987859,121.57987842,120.55987944,121.57987842
2025-10-06T14:50:00Z,121.07987892,121.38987861,120.74987925,121.27987872
2025-10-06T14:55:00Z,121.52987847,122.41987758,121.48987851,122.41987758
2025-10-06T15:00:00Z,122.33987766,122.6998773,121.95987804,122.28987771
2025-10-06T15:05:00Z,122.47987752,122.999877,122.47987752,122.8998771
2025-10-06T15:10:00Z,122.6998773,123.13987686,122.6998773,123.13987686
2025-10-06T15:15:00Z,123.52987647,123.52987647,123.31987668,123.42987657
2025-10-06T15:20:00Z,123.34987665,123.86987613,123.33987666,123.50987649
2025-10-06T15:25:00Z,123.96987603,124.0998759,123.44987655,123.44987655
2025-10-06T15:30:00Z,123.34987665,124.34987565,123.34987665,124.34987565
2025-10-06T15:35:00Z,124.6998753,124.71987528,124.42987557,124.42987557
2025-10-06T15:40:00Z,124.53987546,125.4998745,124.53987546,125.11987488
2025-10-06T15:45:00Z,125.44987455,125.999874,125.44987455,125.63987436
2025-10-06T15:50:00Z,124.999875,124.999875,124.94987505,124.97987502
2025-10-06T15:55:00Z,125.60987439,125.60987439,125.01987498,125.01987498
2025-10-06T16:00:00Z,125.10987489,125.10987489,124.5998754,124.5998754
2025-10-06T16:10:00Z,125.32987467,125.32987467,124.6998753,124.6998753
2025-10-06T16:15:00Z,125.57987442,125.57987442,125.45987454,125.45987454
2025-10-06T16:20:00Z,125.72987427,126.00987399,125.72987427,125.88987411
2025-10-06T16:25:00Z,125.7998742,126.21987378,125.7998742,126.21987378
2025-10-06T16:30:00Z,126.14987385,126.2998737,126.14987385,126.20987379
2025-10-06T16:35:00Z,126.34987365,126.34987365,126.05987394,126.05987394
2025-10-06T16:40:00Z,126.47987352,126.47987352,126.47987352,126.47987352
2025-10-06T16:45:00Z,126.67987332,126.67987332,126.67987332,126.67987332
2025-10-06T16:50:00Z,126.73987326,126.7998732,126.73987326,126.7998732
2025-10-06T16:55:00Z,127.34987265,127.34987265,127.34987265,127.34987265
2025-10-06T17:00:00Z,127.2998727,127.54987245,127.2998727,127.54987245
2025-10-06T17:05:00Z,127.42987257,127.999872,127.42987257,127.999872
2025-10-06T17:10:00Z,128.06987193,128.07987192,127.94987205,128.07987192
2025-10-06T17:15:00Z,128.33987166,128.52987147,128.33987166,128.52987147
2025-10-06T17:20:00Z,128.65987134,129.27987072,128.65987134,129.27987072
2025-10-06T17:25:00Z,129.3998706,129.42987057,129.08987091,129.08987091
2025-10-06T17:30:00Z,129.25987074,129.43987056,129.25987074,129.43987056
2025-10-06T17:35:00Z,130.05986994,130.05986994,129.74987025,129.74987025
2025-10-06T17:40:00Z,130.05986994,130.05986994,129.7998702,129.7998702
2025-10-06T17:45:00Z,129.05987094,129.05987094,129.05987094,129.05987094
2025-10-06T17:50:00Z,128.43987156,128.45987154,128.05987194,128.05987194
2025-10-06T17:55:00Z,128.13987186,128.13987186,127.5998724,127.84987215
2025-10-06T18:00:00Z,127.14987285,127.1998728,127.14987285,127.1998728
2025-10-06T18:05:00Z,128.1948718,128.30987169,128.14987185,128.14987185
2025-10-06T18:10:00Z,127.999872,128.5998714,127.7998722,128.5998714
2025-10-06T18:15:00Z,128.5998714,128.5998714,128.5998714,128.5998714
2025-10-06T18:20:00Z,128.999871,128.999871,128.999871,128.999871
2025-10-06T18:30:00Z,128.23987176,128.4998715,128.23987176,128.4998715
2025-10-06T18:35:00Z,128.27987172,128.3998716,128.23987176,128.35987164
2025-10-06T18:40:00Z,128.48987151,128.50987149,128.45987154,128.45987154
2025-10-06T18:45:00Z,128.7998712,128.7998712,128.28987171,128.28987171
2025-10-06T18:50:00Z,128.0998719,128.0998719,127.94987205,127.94987205
2025-10-06T18:55:00Z,127.72987227,127.72987227,127.41987258,127.41987258
2025-10-06T19:00:00Z,126.999873,127.1998728,126.81987318,127.1998728
2025-10-06T19:05:00Z,126.96987303,126.96987303,126.96987303,126.96987303
2025-10-06T19:10:00Z,126.8998731,127.1998728,126.51987348,127.1998728
2025-10-06T19:15:00Z,127.56987243,127.56987243,127.56987243,127.56987243
2025-10-06T19:20:00Z,127.53987246,127.55987244,127.53987246,127.55987244
2025-10-06T19:30:00Z,127.92987207,127.999872,127.92987207,127.999872
2025-10-06T19:40:00Z,126.999873,126.999873,98.999901,100.41989958
2025-10-06T19:45:00Z,102.68989731,102.68989731,79.99992,81.57991842
2025-10-06T19:50:00Z,83.30991669,99.22990077,82.97991702,95.86990413
2025-10-06T19:55:00Z,95.4999045,96.999903,93.4999065,95.8999041
2025-10-07T13:30:00Z,98.16990183,101.61989838,97.24990275,101.44989855
2025-10-07T13:35:00Z,101.61989838,104.86989513,100.27989972,104.58989541
2025-10-07T13:40:00Z,104.68989531,111.999888,104.68989531,111.48988851
2025-10-07T13:45:00Z,111.4998885,111.53988846,108.38989161,109.47989052
2025-10-07T13:50:00Z,109.72989027,109.72989027,107.04989295,107.999892
2025-10-07T13:55:00Z,107.999892,109.28989071,107.70989229,108.36989163
2025-10-07T14:00:00Z,108.41989158,109.60989039,106.61989338,107.02989297
2025-10-07T14:05:00Z,107.00989299,110.1998898,106.74989325,109.90989009
2025-10-07T14:10:00Z,109.76989023,109.76989023,108.42989157,108.6998913
2025-10-07T14:15:00Z,108.78989121,108.999891,107.67989232,108.51989148
2025-10-07T14:20:00Z,108.32989167,109.11989088,107.51989248,108.95989104
2025-10-07T14:25:00Z,108.8998911,111.7998882,108.8998911,111.71988828
2025-10-07T14:30:00Z,111.68988831,113.62988637,111.63988836,113.62988637
2025-10-07T14:35:00Z,113.41988658,113.6998863,111.80988819,111.92988807
2025-10-07T14:40:00Z,112.07988792,113.25988674,111.4998885,113.20988679
2025-10-07T14:45:00Z,113.5998864,114.4998855,113.04988695,113.06988693
2025-10-07T14:50:00Z,112.999887,113.999886,112.68988731,113.27988672
2025-10-07T14:55:00Z,113.07988692,114.24988575,112.50988749,112.53988746
2025-10-07T15:00:00Z,112.52988747,112.61988738,110.54988945,110.83988916
2025-10-07T15:05:00Z,110.91988908,110.91988908,109.68989031,110.11988988
2025-10-07T15:10:00Z,109.7998902,110.56988943,109.24989075,109.6998903
2025-10-07T15:15:00Z,109.75989024,110.05988994,109.23989076,109.96989003
2025-10-07T15:20:00Z,110.53988946,111.33988866,109.99989,109.99989
2025-10-07T15:25:00Z,110.45988954,110.68988931,109.35989064,109.35989064
2025-10-07T15:30:00Z,109.35989064,109.55989044,108.999891,109.52989047
2025-10-07T15:35:00Z,109.88989011,109.88989011,108.4998915,108.7998912
2025-10-07T15:40:00Z,109.26989073,110.42988957,109.18989081,109.88989011
2025-10-07T15:45:00Z,110.01988998,110.01988998,107.72989227,107.72989227
2025-10-07T15:50:00Z,108.13989186,109.03989096,107.94989205,108.85989114
2025-10-07T15:55:00Z,108.60989139,109.15989084,108.10989189,109.11989088
2025-10-07T16:00:00Z,109.40989059,110.02988997,108.26989173,109.10989089
2025-10-07T16:05:00Z,108.52989147,108.58989141,108.3998916,108.57989142
2025-10-07T16:10:00Z,108.71989128,109.45989054,108.4998915,109.22989077
2025-10-07T16:15:00Z,109.45989054,109.60989039,108.72989127,108.8998911
2025-10-07T16:20:00Z,109.38989061,109.67989032,109.10989089,109.27989072
2025-10-07T16:25:00Z,109.17989082,110.6998893,109.17989082,110.6998893
2025-10-07T16:30:00Z,110.999889,111.34988865,110.6998893,111.34988865
2025-10-07T16:35:00Z,110.76988923,110.8998891,110.57988942,110.67988932
2025-10-07T16:40:00Z,110.90988909,110.999889,110.58988941,110.58988941
2025-10-07T16:45:00Z,110.70988929,110.74988925,109.99989,110.32988967
2025-10-07T16:50:00Z,110.41988958,110.54988945,109.28989071,109.28989071
2025-10-07T16:55:00Z,109.92989007,110.02488998,109.38989061,109.38989061
2025-10-07T17:00:00Z,108.999891,109.1998908,108.77989122,109.1998908
2025-10-07T17:05:00Z,108.6998913,108.8998911,108.64989135,108.8998911
2025-10-07T17:10:00Z,109.04989095,109.88989011,109.04989095,109.88989011
2025-10-07T17:15:00Z,109.94989005,109.94989005,109.14989085,109.14989085
2025-10-07T17:20:00Z,109.63989036,109.63989036,109.42989057,109.45989054
2025-10-07T17:25:00Z,109.7998902,109.99989,109.7998902,109.99989
2025-10-07T17:30:00Z,110.07988992,110.54988945,109.99989,110.16988983
2025-10-07T17:35:00Z,110.00988999,111.17988882,110.00988999,111.17988882
2025-10-07T17:40:00Z,111.04988895,111.04988895,110.6998893,110.6998893
2025-10-07T17:45:00Z,110.96988903,111.1998888,110.62988937,111.1998888
2025-10-07T17:50:00Z,111.00988899,111.34988865,110.999889,111.34988865
2025-10-07T17:55:00Z,111.24988875,111.74988825,111.24988875,111.63988836
2025-10-07T18:00:00Z,111.87988812,112.24988775,111.44988855,111.44988855
2025-10-07T18:05:00Z,111.68988831,113.1998868,111.68988831,113.0998869
2025-10-07T18:10:00Z,113.3998866,113.44988655,112.76988723,112.76988723
2025-10-07T18:15:00Z,112.63988736,113.04988695,112.60988739,112.6998873
2025-10-07T18:20:00Z,112.999887,113.03988696,112.6998873,112.6998873
2025-10-07T18:25:00Z,112.95988704,112.95988704,112.64988735,112.90988709
2025-10-07T18:30:00Z,113.44988655,113.4998865,113.21988678,113.21988678
2025-10-07T18:35:00Z,113.13988686,113.46988653,113.08488692,113.08988691
2025-10-07T18:40:00Z,112.2998877,112.33988766,111.67988832,112.33988766
2025-10-07T18:45:00Z,112.26988773,112.47988752,111.74988825,112.47988752
2025-10-07T18:50:00Z,112.4998875,112.999887,112.4998875,112.999887
2025-10-07T18:55:00Z,113.03988696,113.03988696,112.48988751,112.48988751
2025-10-07T19:00:00Z,112.1998878,112.3998876,111.85988814,111.85988814
2025-10-07T19:05:00Z,111.70988829,111.70988829,111.37988862,111.47988852
2025-10-07T19:10:00Z,111.41988858,111.64988835,111.35988864,111.36988863
2025-10-07T19:15:00Z,111.13988886,111.73988826,111.13988886,111.73988826
2025-10-07T19:20:00Z,111.48988851,111.48988851,111.30988869,111.37988862
2025-10-07T19:30:00Z,111.56988843,111.56988843,111.56988843,111.56988843
2025-10-07T19:35:00Z,111.62988837,112.3998876,111.62988837,112.36988763
2025-10-07T19:40:00Z,112.34988765,112.3998876,112.03988796,112.03988796
2025-10-07T19:45:00Z,111.3998886,111.67988832,111.27988872,111.67988832
2025-10-07T19:50:00Z,111.1998888,111.43988856,111.1998888,111.22988877
2025-10-07T19:55:00Z,110.7998892,110.90988909,110.14988985,110.14988985
2025-10-08T13:30:00Z,110.5998894,117.999882,110.5998894,117.999882
2025-10-08T13:35:00Z,117.999882,118.41988158,113.82988617,114.1998858
2025-10-08T13:40:00Z,114.2998857,114.54988545,109.20989079,109.27989072
2025-10-08T13:45:00Z,109.21989078,109.27989072,107.2998927,107.72989227
2025-10-08T13:50:00Z,107.23989276,109.12989087,107.23989276,109.02989097
2025-10-08T13:55:00Z,108.73989126,109.42989057,108.12989187,108.81989118
2025-10-08T14:00:00Z,108.92989107,108.92989107,106.60989339,107.6998923
2025-10-08T14:05:00Z,107.32989267,107.94989205,106.67989332,107.94989205
2025-10-08T14:10:00Z,108.43989156,109.47989052,107.999892,108.63989136
2025-10-08T14:15:00Z,108.40989159,108.999891,108.11989188,108.999891
2025-10-08T14:20:00Z,108.57989142,109.04989095,107.87989212,108.6998913
2025-10-08T14:25:00Z,108.42989157,108.42989157,106.87989312,106.87989312
2025-10-08T14:30:00Z,107.45989254,107.66989233,107.26989273,107.4998925
2025-10-08T14:35:00Z,107.97989202,107.999892,106.999893,107.88989211
2025-10-08T14:40:00Z,107.36989263,107.52989247,106.85989314,106.98989301
2025-10-08T14:45:00Z,106.999893,107.24989275,106.78989321,107.24989275
2025-10-08T14:50:00Z,106.999893,106.999893,106.3998936,106.45989354
2025-10-08T14:55:00Z,106.67989332,107.07989292,106.34989365,106.34989365
2025-10-08T15:00:00Z,106.3998936,106.76989323,105.999894,105.999894
2025-10-08T15:05:00Z,105.85989414,106.10989389,105.6998943,106.00989399
2025-10-08T15:10:00Z,105.83989416,105.999894,105.3998946,105.3998946
2025-10-08T15:15:00Z,105.43989456,105.92989407,105.3998946,105.91989408
2025-10-08T15:20:00Z,105.65989434,105.68989431,104.999895,105.50989449
2025-10-08T15:25:00Z,105.50989449,105.73989426,105.11989488,105.73989426
2025-10-08T15:30:00Z,105.47989452,105.47989452,105.26989473,105.46989453
2025-10-08T15:35:00Z,105.83989416,106.51989348,105.46989453,106.51989348
2025-10-08T15:40:00Z,107.2998927,108.01989198,107.20989279,107.61989238
2025-10-08T15:45:00Z,107.73989226,108.46989153,107.28989271,108.08989191
2025-10-08T15:50:00Z,108.05989194,108.41989158,107.86989213,108.41989158
2025-10-08T15:55:00Z,107.999892,107.999892,107.61989238,107.61989238
2025-10-08T16:00:00Z,107.72989227,108.12989187,107.72989227,107.85989214
2025-10-08T16:05:00Z,107.98989201,107.98989201,107.7998922,107.7998922
2025-10-08T16:10:00Z,107.7998922,107.93989206,107.78989221,107.93989206
2025-10-08T16:15:00Z,107.4998925,107.72989227,107.4998925,107.66989233
2025-10-08T16:20:00Z,107.35989264,107.72989227,107.14989285,107.71989228
2025-10-08T16:25:00Z,107.40989259,107.40989259,107.0998929,107.0998929
2025-10-08T16:30:00Z,106.4998935,107.07989292,106.0998939,106.999893
2025-10-08T16:35:00Z,107.4998925,108.4998915,107.4998925,108.4998915
2025-10-08T16:40:00Z,108.3998916,108.3998916,108.1998918,108.35989164
2025-10-08T16:45:00Z,108.13989186,108.13989186,108.04989195,108.04989195
2025-10-08T16:50:00Z,108.04989195,108.04989195,107.90989209,107.999892
2025-10-08T16:55:00Z,107.6998923,107.6998923,107.4998925,107.4998925
2025-10-08T17:00:00Z,107.50989249,107.50989249,107.36989263,107.40989259
2025-10-08T17:05:00Z,107.20989279,107.20989279,107.20989279,107.20989279
2025-10-08T17:10:00Z,107.02989297,107.42989257,106.999893,107.42989257
2025-10-08T17:15:00Z,107.34989265,107.34989265,107.34989265,107.34989265
2025-10-08T17:20:00Z,107.17989282,107.17989282,106.90989309,106.90989309
2025-10-08T17:25:00Z,106.88989311,106.88989311,106.65989334,106.76989323
2025-10-08T17:30:00Z,107.24989275,107.4998925,107.24989275,107.4998925
2025-10-08T17:40:00Z,107.70989229,107.74989225,107.28989271,107.28989271
2025-10-08T17:45:00Z,107.12989287,107.12989287,107.12989287,107.12989287
2025-10-08T17:50:00Z,107.26989273,107.52989247,107.26989273,107.52989247
2025-10-08T17:55:00Z,108.00989199,108.00989199,107.87989212,107.87989212
2025-10-08T18:00:00Z,108.35989164,108.48989151,108.34989165,108.48989151
2025-10-08T18:05:00Z,108.34989165,108.34989165,107.999892,107.999892
2025-10-08T18:10:00Z,107.8998921,108.74989125,107.8998921,108.74989125
2025-10-08T18:15:00Z,108.78989121,109.07989092,108.76989123,108.85989114
2025-10-08T18:20:00Z,109.23989076,109.23989076,109.23989076,109.23989076
2025-10-08T18:25:00Z,109.99989,109.99989,109.70989029,109.70989029
2025-10-08T18:30:00Z,108.999891,109.03989096,108.92989107,109.03989096
2025-10-08T18:35:00Z,109.51989048,109.51989048,109.51989048,109.51989048
2025-10-08T18:40:00Z,109.71989028,109.71989028,109.27989072,109.41989058
2025-10-08T18:45:00Z,109.30989069,109.91989008,109.30989069,109.91989008
2025-10-08T18:50:00Z,109.7998902,110.12988987,109.70989029,109.70989029
2025-10-08T18:55:00Z,109.44989055,109.44989055,109.04989095,109.04989095
2025-10-08T19:00:00Z,108.999891,108.999891,108.999891,108.999891
2025-10-08T19:05:00Z,108.74989125,108.74989125,108.74989125,108.74989125
2025-10-08T19:10:00Z,108.38989161,108.90989109,108.38989161,108.90989109
2025-10-08T19:20:00Z,108.84989115,108.84989115,108.74989125,108.74989125
2025-10-08T19:30:00Z,109.25989074,109.25989074,109.0998909,109.0998909
2025-10-08T19:50:00Z,109.31989068,109.84989015,109.31989068,109.72989027
2025-10-08T19:55:00Z,109.70989029,109.70989029,109.46989053,109.46989053
2025-10-09T13:30:00Z,104.53989546,105.7998942,102.999897,103.81989618
2025-10-09T13:35:00Z,103.75989624,104.0998959,100.8998991,100.91989908
2025-10-09T13:40:00Z,100.72989927,101.05989894,99.7999002,100.90989909
2025-10-09T13:45:00Z,100.53989946,101.33989866,99.9999,100.54989945
2025-10-09T13:50:00Z,100.4998995,100.4998995,98.08990191,99.3999006
2025-10-09T13:55:00Z,99.24990075,100.999899,99.23990076,100.2998997
2025-10-09T14:00:00Z,100.37989962,100.8998991,100.21989978,100.8998991
2025-10-09T14:05:00Z,100.73989926,100.73989926,98.56990143,98.56990143
2025-10-09T14:10:00Z,98.67990132,98.84990115,97.31990268,97.55990244
2025-10-09T14:15:00Z,97.47990252,98.33990166,96.46990353,97.44990255
2025-10-09T14:20:00Z,97.68990231,98.2999017,97.5999024,98.2999017
2025-10-09T14:25:00Z,98.75990124,98.75990124,98.06990193,98.30990169
2025-10-09T14:30:00Z,98.16990183,98.22990177,97.57990242,97.64990235
2025-10-09T14:35:00Z,97.56990243,98.45990154,97.37990262,98.0999019
2025-10-09T14:40:00Z,98.1999018,98.27990172,97.36990263,98.00990199
2025-10-09T14:45:00Z,97.999902,98.4999015,97.47990252,97.68990231
2025-10-09T14:50:00Z,98.1999018,98.65990134,98.0999019,98.51990148
2025-10-09T14:55:00Z,98.44990155,98.44990155,97.21990278,97.75990224
2025-10-09T15:00:00Z,97.78490222,98.01990198,97.06990293,97.17990282
2025-10-09T15:05:00Z,97.17990282,98.7999012,97.17990282,98.51990148
2025-10-09T15:10:00Z,98.6999013,98.84990115,98.4999015,98.74990125
2025-10-09T15:15:00Z,99.08990091,99.1999008,98.7999012,98.80990119
2025-10-09T15:20:00Z,98.70990129,98.70990129,98.13990186,98.4999015
2025-10-09T15:25:00Z,98.4999015,99.18990081,98.4999015,98.94990105
2025-10-09T15:30:00Z,98.6999013,98.6999013,97.73990226,97.8999021
2025-10-09T15:35:00Z,98.33990166,98.43990156,98.33990166,98.43990156
2025-10-09T15:40:00Z,98.20990179,98.34990165,97.92990207,98.16990183
2025-10-09T15:45:00Z,98.20990179,98.42990157,98.08990191,98.42990157
2025-10-09T15:50:00Z,98.70990129,98.999901,98.61990138,98.999901
2025-10-09T15:55:00Z,98.83990116,98.999901,98.56990143,98.67990132
2025-10-09T16:00:00Z,98.53990146,99.14990085,98.4999015,99.13990086
2025-10-09T16:05:00Z,98.999901,99.15990084,98.78990121,98.999901
2025-10-09T16:10:00Z,99.17990082,99.4999005,98.999901,98.999901
2025-10-09T16:15:00Z,98.94990105,98.96990103,97.999902,98.0999019
2025-10-09T16:20:00Z,98.07990192,98.24990175,97.76990223,98.02990197
2025-10-09T16:25:00Z,97.999902,98.24990175,97.93990206,98.0999019
2025-10-09T16:30:00Z,98.27990172,98.28990171,98.11990188,98.20990179
2025-10-09T16:35:00Z,98.1999018,98.1999018,97.94990205,97.999902
2025-10-09T16:40:00Z,98.0999019,98.10990189,97.4999025,98.10990189
2025-10-09T16:45:00Z,98.31990168,98.31990168,97.7999022,98.04990195
2025-10-09T16:50:00Z,97.92990207,97.92990207,97.61990238,97.61990238
2025-10-09T16:55:00Z,97.58990241,98.13990186,97.57990242,97.95990204
2025-10-09T17:00:00Z,98.04990195,98.16990183,97.93990206,97.93990206
2025-10-09T17:05:00Z,98.2999017,98.40990159,98.21990178,98.21990178
2025-10-09T17:10:00Z,98.20990179,98.20990179,98.20990179,98.20990179
2025-10-09T17:15:00Z,98.12990187,98.12990187,97.6999023,98.06990193
2025-10-09T17:20:00Z,97.56990243,97.70990229,97.56990243,97.62990237
2025-10-09T17:25:00Z,98.14990185,98.14990185,97.83990216,97.83990216
2025-10-09T17:30:00Z,98.25990174,98.40990159,97.85990214,97.85990214
2025-10-09T17:35:00Z,97.76990223,98.4999015,97.45990254,98.4999015
2025-10-09T17:40:00Z,98.4999015,98.64990135,98.33990166,98.64990135
2025-10-09T17:45:00Z,98.36990163,98.36990163,98.16990183,98.30990169
2025-10-09T17:50:00Z,98.28990171,98.28990171,98.08990191,98.08990191
2025-10-09T17:55:00Z,98.48990151,98.48990151,98.48990151,98.48990151
2025-10-09T18:00:00Z,98.32990167,98.58990141,98.32990167,98.3999016
2025-10-09T18:05:00Z,98.3999016,98.3999016,98.30990169,98.36990163
2025-10-09T18:10:00Z,98.5999014,98.64990135,98.5999014,98.64990135
2025-10-09T18:15:00Z,98.7999012,99.17990082,98.7999012,99.12990087
2025-10-09T18:20:00Z,99.07990092,99.42990057,99.07990092,99.34990065
2025-10-09T18:25:00Z,99.21990078,99.31990068,99.18990081,99.31990068
2025-10-09T18:30:00Z,99.35990064,99.35990064,99.35990064,99.35990064
2025-10-09T18:35:00Z,99.4999005,99.66990033,99.4999005,99.64990035
2025-10-09T18:40:00Z,99.6999003,100.3998996,99.6999003,100.17989982
2025-10-09T18:45:00Z,100.02989997,100.4998995,99.9999,100.3998996
2025-10-09T18:50:00Z,99.76990023,99.76990023,99.76990023,99.76990023
2025-10-09T18:55:00Z,100.07989992,100.14989985,99.95990004,100.14989985
2025-10-09T19:00:00Z,99.9999,99.9999,99.9999,99.9999
2025-10-09T19:05:00Z,100.24989975,100.31989968,100.24989975,100.31989968
2025-10-09T19:10:00Z,100.4998995,100.7998992,100.43989956,100.53989946
2025-10-09T19:15:00Z,100.48989951,100.51989948,100.42989957,100.50989949
2025-10-09T19:20:00Z,100.64989935,100.6998993,100.4998995,100.4998995
2025-10-09T19:25:00Z,100.52989947,100.52989947,100.25989974,100.30989969
2025-10-09T19:30:00Z,100.40989959,100.61989938,100.21989978,100.21989978
2025-10-09T19:35:00Z,100.08489992,100.45989954,99.98990001,100.35989964
2025-10-09T19:40:00Z,100.0998999,100.24989975,99.9999,100.21989978
2025-10-09T19:45:00Z,100.12989987,100.30989969,99.77990022,99.77990022
2025-10-09T19:50:00Z,99.62990037,99.76990023,99.34990065,99.56990043
2025-10-09T19:55:00Z,99.4999005,99.55990044,99.37990062,99.55990044
2025-10-10T13:30:00Z,99.1999008,99.55990044,96.999903,97.31990268
2025-10-10T13:35:00Z,97.41990258,97.83990216,96.999903,97.42990257
2025-10-10T13:40:00Z,97.64990235,97.83990216,95.58990441,95.82990417
2025-10-10T13:45:00Z,95.82990417,96.13990386,94.92990507,94.92990507
2025-10-10T13:50:00Z,94.81990518,96.34990365,94.54990545,95.7999042
2025-10-10T13:55:00Z,96.00990399,96.999903,96.00990399,96.00990399
2025-10-10T14:00:00Z,96.24990375,97.5999024,95.47990452,97.5999024
2025-10-10T14:05:00Z,97.44990255,97.44990255,96.3999036,96.3999036
2025-10-10T14:10:00Z,96.84990315,97.05990294,96.2999037,96.60990339
2025-10-10T14:15:00Z,96.84990315,96.84990315,96.22990377,96.6999033
2025-10-10T14:20:00Z,97.1999028,97.4999025,97.14990285,97.2999027
2025-10-10T14:25:00Z,97.14990285,97.62990237,97.14990285,97.36990263
2025-10-10T14:30:00Z,97.2999027,97.6999023,97.04990295,97.6999023
2025-10-10T14:35:00Z,97.24990275,97.24990275,96.4999035,96.4999035
2025-10-10T14:40:00Z,96.16990383,96.36990363,95.7999042,96.02990397
2025-10-10T14:45:00Z,96.12990387,96.12990387,95.62990437,95.7999042
2025-10-10T14:50:00Z,96.04990395,96.04990395,95.46990453,95.999904
2025-10-10T14:55:00Z,95.98990401,96.3999036,94.72990527,94.94990505
2025-10-10T15:00:00Z,95.24990475,95.24990475,93.5999064,93.80990619
2025-10-10T15:05:00Z,93.93990606,94.8999051,93.83990616,94.07990592
2025-10-10T15:10:00Z,94.14990585,94.71990528,93.66990633,93.7999062
2025-10-10T15:15:00Z,93.78490622,93.78490622,90.6999093,91.50990849
2025-10-10T15:20:00Z,91.40990859,91.61990838,90.64990935,90.83990916
2025-10-10T15:25:00Z,90.96990903,91.90990809,90.65990934,90.84990915
2025-10-10T15:30:00Z,91.13990886,91.13990886,88.70991129,88.77991122
2025-10-10T15:35:00Z,89.17991082,91.05990894,89.17991082,90.5999094
2025-10-10T15:40:00Z,90.54990945,92.999907,90.0999099,92.999907
2025-10-10T15:45:00Z,93.22990677,93.23990676,91.999908,92.61990738
2025-10-10T15:50:00Z,92.999907,93.4999065,92.4999075,92.5999074
2025-10-10T15:55:00Z,92.55990744,92.55990744,91.24990875,91.56990843
2025-10-10T16:00:00Z,91.41990858,91.46990853,90.6999093,90.6999093
2025-10-10T16:05:00Z,91.38990861,91.64990835,90.98990901,91.4999085
2025-10-10T16:10:00Z,91.41990858,91.41990858,91.02990897,91.23990876
2025-10-10T16:15:00Z,91.14990885,91.14990885,90.7999092,91.03990896
2025-10-10T16:20:00Z,90.83990916,91.70990829,90.81990918,91.70990829
2025-10-10T16:25:00Z,91.37990862,91.41990858,90.74990925,90.999909
2025-10-10T16:30:00Z,90.999909,91.7989082,90.8999091,91.7989082
2025-10-10T16:35:00Z,91.74990825,91.74990825,90.77990922,90.77990922
2025-10-10T16:40:00Z,91.03990896,91.03990896,90.4999095,90.51990948
2025-10-10T16:45:00Z,90.7999092,90.7999092,90.4999095,90.57990942
2025-10-10T16:50:00Z,90.4999095,90.65990934,89.75991024,89.75991024
2025-10-10T16:55:00Z,89.80991019,89.90991009,89.11991088,89.12991087
2025-10-10T17:00:00Z,89.00991099,89.17991082,88.64991135,88.64991135
2025-10-10T17:05:00Z,88.93991106,89.01991098,88.7999112,88.999911
2025-10-10T17:10:00Z,89.00991099,89.35991064,88.64991135,88.84991115
2025-10-10T17:15:00Z,88.92991107,89.50991049,88.92991107,89.35991064
2025-10-10T17:20:00Z,89.33991066,90.00990999,89.33991066,90.00990999
2025-10-10T17:25:00Z,89.7999102,90.5999094,89.7999102,90.50990949
2025-10-10T17:30:00Z,90.2999097,90.33990966,90.0999099,90.33990966
2025-10-10T17:35:00Z,90.43990956,90.44990955,90.43990956,90.44990955
2025-10-10T17:40:00Z,90.55990944,90.64990935,90.43990956,90.43990956
2025-10-10T17:45:00Z,89.99991,90.54990945,89.94991005,90.54990945
2025-10-10T17:50:00Z,90.08990991,90.25990974,90.04990995,90.25990974
2025-10-10T17:55:00Z,90.2999097,90.2999097,90.2999097,90.2999097
2025-10-10T18:00:00Z,90.43990956,90.43990956,90.17990982,90.17990982
2025-10-10T18:05:00Z,90.44990955,90.54990945,90.2999097,90.54990945
2025-10-10T18:10:00Z,90.4999095,90.73990926,90.3999096,90.73990926
2025-10-10T18:15:00Z,90.999909,91.00990899,90.999909,91.00990899
2025-10-10T18:20:00Z,91.18990881,91.63990836,91.0999089,91.63990836
2025-10-10T18:25:00Z,91.65990834,91.65990834,91.11990888,91.1999088
2025-10-10T18:30:00Z,91.67990832,91.67990832,91.67990832,91.67990832
2025-10-10T18:35:00Z,91.48990851,91.67990832,91.3999086,91.43990856
2025-10-10T18:40:00Z,91.43990856,91.46990853,91.40990859,91.46990853
2025-10-10T18:45:00Z,91.73990826,91.73990826,91.73990826,91.73990826
2025-10-10T18:50:00Z,91.61990838,91.61990838,91.1999088,91.4999085
2025-10-10T18:55:00Z,91.77990822,91.77990822,91.77990822,91.77990822
2025-10-10T19:00:00Z,91.97990802,91.999908,91.97990802,91.999908
2025-10-10T19:05:00Z,91.76990823,91.97990802,91.5999084,91.70990829
2025-10-10T19:10:00Z,91.51990848,91.51990848,90.98990901,90.98990901
2025-10-10T19:15:00Z,91.64990835,91.64990835,91.4999085,91.4999085
2025-10-10T19:20:00Z,91.3999086,91.3999086,90.999909,90.999909
2025-10-10T19:25:00Z,90.8999091,91.03990896,90.25990974,90.25990974
2025-10-10T19:30:00Z,90.41990958,90.41990958,89.66991033,89.66991033
2025-10-10T19:35:00Z,89.67991032,89.83991016,89.66991033,89.66991033
2025-10-10T19:40:00Z,89.88991011,89.88991011,89.74991025,89.76991023
2025-10-10T19:45:00Z,90.17990982,90.25990974,90.02990997,90.25990974
2025-10-10T19:50:00Z,89.8999101,90.04990995,89.00991099,89.00991099
2025-10-10T19:55:00Z,89.02991097,89.37991062,89.02991097,89.08991091
2025-10-13T13:30:00Z,95.41990458,95.44990455,91.90990809,92.14990785
2025-10-13T13:35:00Z,92.5949074,92.8999071,91.64990835,91.74990825
2025-10-13T13:40:00Z,92.03990796,92.75990724,91.61990838,92.5999074
2025-10-13T13:45:00Z,92.5999074,93.68990631,92.00990799,93.52990647
2025-10-13T13:50:00Z,93.43990656,93.90990609,92.999907,93.26990673
2025-10-13T13:55:00Z,93.3999066,93.98990601,92.77990722,92.78990721
2025-10-13T14:00:00Z,92.71990728,93.37990662,92.35990764,92.65990734
2025-10-13T14:05:00Z,92.91990708,93.06990693,92.38990761,92.6999073
2025-10-13T14:10:00Z,92.51990748,92.51990748,90.86990913,91.0999089
2025-10-13T14:15:00Z,91.04990895,91.26990873,90.4999095,90.4999095
2025-10-13T14:20:00Z,90.41990958,91.44890855,89.7999102,91.44890855
2025-10-13T14:25:00Z,91.11990888,91.64990835,90.6999093,91.64990835
2025-10-13T14:30:00Z,91.43990856,91.54990845,90.7999092,91.43990856
2025-10-13T14:35:00Z,91.10990889,91.52990847,91.08990891,91.52990847
2025-10-13T14:40:00Z,91.08990891,91.08990891,90.40990959,90.40990959
2025-10-13T14:45:00Z,89.99991,89.99991,89.4999105,89.98991001
2025-10-13T14:50:00Z,89.45991054,89.45991054,88.999911,89.27991072
2025-10-13T14:55:00Z,89.32991067,89.81991018,89.32991067,89.7999102
2025-10-13T15:00:00Z,89.61991038,89.61991038,88.7999112,88.7999112
2025-10-13T15:05:00Z,88.6999113,88.98991101,88.6999113,88.98991101
2025-10-13T15:10:00Z,89.23991076,89.74991025,89.23991076,89.4999105
2025-10-13T15:15:00Z,89.97991002,89.97991002,89.5999104,89.5999104
2025-10-13T15:20:00Z,89.64991035,89.64991035,89.21991078,89.21991078
2025-10-13T15:25:00Z,89.3999106,89.74991025,89.3999106,89.74991025
2025-10-13T15:30:00Z,89.97991002,89.97991002,89.60991039,89.65991034
2025-10-13T15:35:00Z,89.47991052,89.67991032,89.37991062,89.67991032
2025-10-13T15:40:00Z,89.2999107,89.2999107,88.66991133,88.84991115
2025-10-13T15:45:00Z,88.82991117,89.1999108,88.66991133,88.66991133
2025-10-13T15:50:00Z,88.4999115,88.4999115,87.999912,87.999912
2025-10-13T15:55:00Z,88.13991186,88.43991156,88.05991194,88.42991157
2025-10-13T16:00:00Z,88.05991194,88.07991192,87.4999125,87.4999125
2025-10-13T16:05:00Z,87.3999126,87.7999122,87.16991283,87.7999122
2025-10-13T16:10:00Z,87.74991225,87.85991214,87.74991225,87.85991214
2025-10-13T16:15:00Z,87.62991237,87.62991237,87.44991255,87.52991247
2025-10-13T16:20:00Z,87.999912,88.24991175,87.84991215,87.95991204
2025-10-13T16:25:00Z,88.11991188,88.1999118,88.11991188,88.1999118
2025-10-13T16:30:00Z,88.34991165,88.6999113,88.34991165,88.6999113
2025-10-13T16:35:00Z,88.8999111,88.98991101,88.7999112,88.98991101
2025-10-13T16:40:00Z,89.12991087,89.28991071,89.12991087,89.28991071
2025-10-13T16:45:00Z,89.44991055,89.44991055,89.44991055,89.44991055
2025-10-13T16:50:00Z,89.99991,89.99991,89.99991,89.99991
2025-10-13T16:55:00Z,90.44990955,90.44990955,90.13990986,90.13990986
2025-10-13T17:05:00Z,90.53990946,90.53990946,90.48990951,90.48990951
2025-10-13T17:10:00Z,91.57990842,92.01990798,91.57990842,92.01990798
2025-10-13T17:15:00Z,92.65990734,93.4999065,92.65990734,92.91990708
2025-10-13T17:20:00Z,93.30990669,93.65990634,93.30990669,93.34990665
2025-10-13T17:25:00Z,92.5999074,92.66990733,92.43990756,92.66990733
2025-10-13T17:30:00Z,92.97990702,93.2999067,92.97990702,92.999907
2025-10-13T17:35:00Z,93.04990695,93.62990637,93.04990695,93.62990637
2025-10-13T17:40:00Z,93.65990634,93.87990612,93.48990651,93.87990612
2025-10-13T17:50:00Z,93.74990625,93.74990625,93.32990667,93.32990667
2025-10-13T17:55:00Z,93.05990694,93.38990661,92.88990711,93.38990661
2025-10-13T18:00:00Z,93.999906,94.4999055,93.93990606,94.4999055
2025-10-13T18:05:00Z,94.8999051,94.999905,94.3999056,94.3999056
2025-10-13T18:10:00Z,94.1999058,94.1999058,93.999906,93.999906
2025-10-13T18:15:00Z,94.27990572,94.2999057,94.14990585,94.14990585
2025-10-13T18:20:00Z,94.42990557,94.51990548,94.31990568,94.31990568
2025-10-13T18:35:00Z,94.40990559,94.40990559,94.25990574,94.25990574
2025-10-13T18:40:00Z,94.4999055,94.53990546,94.38990561,94.38990561
2025-10-13T18:45:00Z,94.999905,94.999905,94.85990514,94.91990508
2025-10-13T18:50:00Z,94.84990515,94.84990515,94.84990515,94.84990515
2025-10-13T18:55:00Z,94.84990515,94.84990515,94.55990544,94.55990544
2025-10-13T19:00:00Z,94.65990534,94.68990531,94.21990578,94.4999055
2025-10-13T19:05:00Z,94.87990512,94.999905,94.87990512,94.999905
2025-10-13T19:10:00Z,94.81990518,94.81990518,94.74990525,94.74990525
2025-10-13T19:15:00Z,94.94990505,94.94990505,94.94990505,94.94990505
2025-10-13T19:20:00Z,95.10990489,95.1999048,94.84990515,94.84990515
2025-10-13T19:25:00Z,95.18990481,95.18990481,94.76990523,94.7999052
2025-10-13T19:30:00Z,94.999905,95.1999048,94.999905,95.1999048
2025-10-13T19:35:00Z,95.32990467,95.32990467,95.25990474,95.25990474
2025-10-13T19:40:00Z,95.24990475,95.24990475,95.12990487,95.12990487
2025-10-13T19:45:00Z,95.34990465,95.34990465,95.2999047,95.2999047
2025-10-13T19:50:00Z,95.26990473,95.6999043,95.26990473,95.67990432
2025-10-13T19:55:00Z,95.999904,95.999904,95.6999043,95.71990428
2025-10-14T13:30:00Z,91.30990869,91.8999081,89.4999105,89.83991016
2025-10-14T13:35:00Z,89.78991021,89.99991,88.68991131,89.93991006
2025-10-14T13:40:00Z,89.99991,90.67990932,89.14991085,89.52991047
2025-10-14T13:45:00Z,89.16991083,90.0999099,88.999911,88.999911
2025-10-14T13:50:00Z,89.10991089,89.22991077,87.80991219,88.61991138
2025-10-14T13:55:00Z,89.37991062,89.41991058,89.01991098,89.0999109
2025-10-14T14:00:00Z,89.68991031,90.24990975,89.67991032,90.03990996
2025-10-14T14:05:00Z,90.03990996,90.06990993,89.99991,89.99991
2025-10-14T14:10:00Z,91.999908,91.999908,91.65990834,91.65990834
2025-10-14T14:15:00Z,91.30990869,91.30990869,90.50990949,91.1999088
2025-10-14T14:20:00Z,91.57990842,92.5999074,91.57990842,92.31990768
2025-10-14T14:25:00Z,91.91990808,92.999907,91.91990808,92.999907
2025-10-14T14:30:00Z,92.71990728,93.1999068,92.4999075,93.1999068
2025-10-14T14:35:00Z,93.16990683,93.67990632,92.84990715,93.35990664
2025-10-14T14:40:00Z,93.43990656,93.72990627,92.95990704,93.65990634
2025-10-14T14:45:00Z,93.36990663,93.36990663,91.95990804,91.95990804
2025-10-14T14:50:00Z,91.999908,92.11990788,91.88990811,92.11990788
2025-10-14T14:55:00Z,92.35990764,92.44990755,91.999908,91.999908
2025-10-14T15:00:00Z,92.21990778,93.32990667,92.0999079,93.32990667
2025-10-14T15:05:00Z,93.83990616,93.999906,93.45990654,93.77990622
2025-10-14T15:10:00Z,93.14990685,93.14990685,93.14990685,93.14990685
2025-10-14T15:15:00Z,92.88990711,93.10990689,92.88990711,93.10990689
2025-10-14T15:20:00Z,93.23990676,93.23990676,92.8999071,93.22990677
2025-10-14T15:25:00Z,93.999906,93.999906,93.6999063,93.6999063
2025-10-14T15:30:00Z,93.74990625,93.96990603,93.74990625,93.94990605
2025-10-14T15:35:00Z,94.20990579,94.46990553,93.87990612,93.87990612
2025-10-14T15:40:00Z,93.82990617,95.52990447,93.82990617,95.35990464
2025-10-14T15:45:00Z,95.27990472,95.47990452,95.11990488,95.11990488
2025-10-14T15:50:00Z,95.36990463,96.01990398,95.36990463,96.01990398
2025-10-14T15:55:00Z,96.1999038,96.1999038,95.76990423,95.999904
2025-10-14T16:00:00Z,96.00990399,96.00990399,94.87990512,94.87990512
2025-10-14T16:05:00Z,94.36990563,94.43990556,94.34990565,94.40990559
2025-10-14T16:10:00Z,94.81990518,95.10990489,94.66990533,95.10990489
2025-10-14T16:15:00Z,95.15990484,95.33990466,95.15990484,95.33990466
2025-10-14T16:20:00Z,95.63990436,95.63990436,95.19490481,95.19490481
2025-10-14T16:25:00Z,95.00990499,95.12990487,95.00990499,95.00990499
2025-10-14T16:30:00Z,95.18990481,95.6999043,95.18990481,95.66990433
2025-10-14T16:35:00Z,95.48990451,96.23990376,95.48990451,96.05990394
2025-10-14T16:40:00Z,96.06990393,96.4999035,96.05990394,96.4999035
2025-10-14T16:45:00Z,96.38990361,96.38990361,95.93990406,95.93990406
2025-10-14T16:55:00Z,95.90990409,95.90990409,95.46990453,95.46990453
2025-10-14T17:00:00Z,95.20990479,95.21990478,95.0999049,95.21990478
2025-10-14T17:05:00Z,95.41990458,95.41990458,95.41990458,95.41990458
2025-10-14T17:10:00Z,96.00990399,96.00990399,95.77990422,95.77990422
2025-10-14T17:15:00Z,96.06990393,96.38990361,95.999904,95.999904
2025-10-14T17:20:00Z,96.28990371,96.41990358,96.26990373,96.26990373
2025-10-14T17:25:00Z,96.2999037,96.82990317,96.28990371,96.51990348
2025-10-14T17:40:00Z,96.45990354,96.65990334,96.34990365,96.34990365
2025-10-14T17:45:00Z,96.72990327,97.02990297,96.72990327,97.02990297
2025-10-14T17:50:00Z,97.00990299,97.46990253,97.00990299,97.04990295
2025-10-14T17:55:00Z,97.1999028,97.1999028,97.11990288,97.11990288
2025-10-14T18:00:00Z,96.88990311,97.1999028,96.88990311,96.8999031
2025-10-14T18:10:00Z,97.07990292,97.07990292,96.86990313,96.86990313
2025-10-14T18:15:00Z,96.7999032,96.7999032,96.7999032,96.7999032
2025-10-14T18:20:00Z,96.4999035,96.64990335,96.30990369,96.64990335
2025-10-14T18:25:00Z,96.4999035,96.82990317,96.33490367,96.82990317
2025-10-14T18:30:00Z,96.83990316,96.999903,96.42990357,96.48990351
2025-10-14T18:35:00Z,96.24990375,96.24990375,96.24990375,96.24990375
2025-10-14T18:40:00Z,95.7999042,95.999904,95.60990439,95.999904
2025-10-14T18:45:00Z,96.61990338,96.61990338,96.61990338,96.61990338
2025-10-14T18:50:00Z,96.68990331,96.68990331,96.51990348,96.51990348
2025-10-14T19:05:00Z,96.71990328,96.72990327,96.6999033,96.72990327
2025-10-14T19:10:00Z,96.60990339,96.60990339,96.58990341,96.58990341
2025-10-14T19:15:00Z,96.999903,97.2999027,96.999903,97.1999028
2025-10-14T19:20:00Z,97.3999026,97.5999024,97.31990268,97.3999026
2025-10-14T19:25:00Z,97.0999029,97.0999029,97.05990294,97.05990294
2025-10-14T19:35:00Z,96.3999036,96.3999036,94.999905,95.5999044
2025-10-14T19:40:00Z,95.52990447,95.52990447,94.82990517,94.82990517
2025-10-14T19:45:00Z,94.78990521,95.23990476,94.78990521,95.20990479
2025-10-14T19:50:00Z,95.13990486,95.28990471,94.999905,95.14990485
2025-10-14T19:55:00Z,95.3999046,95.6999043,95.38990461,95.41990458
2025-10-15T13:30:00Z,99.5999004,102.4998975,99.33990066,99.7999002
2025-10-15T13:35:00Z,100.18989981,101.4998985,99.4999005,99.4999005
2025-10-15T13:40:00Z,99.90990009,100.3998996,98.3999016,98.82990117
2025-10-15T13:45:00Z,98.67990132,99.25990074,97.999902,98.25990174
2025-10-15T13:50:00Z,98.90990109,99.6999003,98.50990149,99.50990049
2025-10-15T13:55:00Z,99.36990063,99.48990051,98.46990153,98.999901
2025-10-15T14:00:00Z,99.31990068,99.85990014,99.31990068,99.85990014
2025-10-15T14:05:00Z,99.9999,100.999899,99.9999,100.96989903
2025-10-15T14:10:00Z,101.18989881,101.7998982,98.74990125,101.2998987
2025-10-15T14:15:00Z,100.999899,101.73989826,100.58989941,100.58989941
2025-10-15T14:20:00Z,100.63989936,101.4998985,100.63989936,101.02989897
2025-10-15T14:25:00Z,100.74989925,101.999898,100.74989925,101.92989807
2025-10-15T14:30:00Z,101.98989801,102.999897,101.80989819,102.999897
2025-10-15T14:35:00Z,102.87989712,103.38989661,102.74989725,102.74989725
2025-10-15T14:40:00Z,102.999897,102.999897,102.27989772,102.2998977
2025-10-15T14:45:00Z,102.01989798,102.71989728,101.999898,102.71989728
2025-10-15T14:50:00Z,101.999898,103.00989699,101.999898,102.7998972
2025-10-15T14:55:00Z,102.64989735,102.999897,102.63989736,102.90989709
2025-10-15T15:00:00Z,103.05989694,103.4998965,102.66989733,102.66989733
2025-10-15T15:05:00Z,102.70989729,103.06989693,102.5998974,102.5998974
2025-10-15T15:10:00Z,102.62989737,102.77989722,102.13989786,102.77989722
2025-10-15T15:15:00Z,102.6998973,103.01989698,102.35989764,102.35989764
2025-10-15T15:20:00Z,102.0998979,102.0998979,101.85989814,102.02989797
2025-10-15T15:25:00Z,101.66989833,102.43989756,101.4998985,101.4998985
2025-10-15T15:30:00Z,101.3998986,101.3998986,100.52989947,100.56989943
2025-10-15T15:35:00Z,100.24989975,100.41989958,100.0998999,100.0998999
2025-10-15T15:40:00Z,100.15989984,100.15989984,99.76990023,99.86990013
2025-10-15T15:45:00Z,99.4999005,99.4999005,98.96990103,98.96990103
2025-10-15T15:50:00Z,98.74990125,98.76990123,98.2999017,98.45990154
2025-10-15T15:55:00Z,99.64990035,99.64990035,99.48990051,99.48990051
2025-10-15T16:00:00Z,99.32990067,100.77989922,99.32990067,100.77989922
2025-10-15T16:05:00Z,100.11989988,100.82989917,100.11989988,100.82989917
2025-10-15T16:10:00Z,101.1998988,101.30989869,100.96989903,101.30989869
2025-10-15T16:15:00Z,101.1998988,101.1998988,100.86989913,100.86989913
2025-10-15T16:20:00Z,100.98989901,100.98989901,100.32989967,100.67989932
2025-10-15T16:25:00Z,100.999899,100.999899,100.44989955,100.44989955
2025-10-15T16:30:00Z,100.5998994,100.5998994,100.44989955,100.44989955
2025-10-15T16:35:00Z,100.74989925,100.75989924,100.74989925,100.75989924
2025-10-15T16:40:00Z,100.53989946,100.53989946,100.53989946,100.53989946
2025-10-15T16:45:00Z,100.0998999,100.14989985,100.0998999,100.14989985
2025-10-15T16:50:00Z,100.48989951,100.48989951,100.16989983,100.16989983
2025-10-15T16:55:00Z,99.8999001,100.22989977,99.8999001,100.22989977
2025-10-15T17:00:00Z,99.7999002,99.7999002,98.91990108,98.91990108
2025-10-15T17:05:00Z,98.1999018,98.1999018,97.7999022,97.999902
2025-10-15T17:10:00Z,97.5999024,97.5999024,96.7999032,96.7999032
2025-10-15T17:15:00Z,96.40990359,97.97990202,96.27990372,97.97990202
2025-10-15T17:20:00Z,98.00990199,98.00990199,97.999902,97.999902
2025-10-15T17:30:00Z,98.23990176,98.23990176,98.23990176,98.23990176
2025-10-15T17:35:00Z,98.80990119,98.80990119,98.80990119,98.80990119
2025-10-15T17:40:00Z,98.64990135,98.64990135,98.47990152,98.47990152
2025-10-15T17:45:00Z,99.9999,100.10989989,99.7999002,100.10989989
2025-10-15T17:50:00Z,100.47989952,100.47989952,100.47989952,100.47989952
2025-10-15T17:55:00Z,100.40989959,100.43989956,100.10989989,100.35989964
2025-10-15T18:00:00Z,100.13989986,100.13989986,99.9999,99.9999
2025-10-15T18:30:00Z,100.31989968,100.31989968,99.98990001,99.98990001
2025-10-15T18:35:00Z,100.26989973,100.26989973,100.20989979,100.21989978
2025-10-15T18:40:00Z,100.4998995,100.71989928,100.37989962,100.37989962
2025-10-15T18:50:00Z,100.64989935,100.74989925,100.47989952,100.74989925
2025-10-15T18:55:00Z,100.56989943,100.56989943,100.53989946,100.53989946
2025-10-15T19:00:00Z,99.9999,99.9999,99.9999,99.9999
2025-10-15T19:10:00Z,99.5999004,99.5999004,99.5999004,99.5999004
2025-10-15T19:15:00Z,99.62990037,99.62990037,99.61990038,99.61990038
2025-10-15T19:20:00Z,99.68990031,99.68990031,99.68990031,99.68990031
2025-10-15T19:25:00Z,99.73990026,99.73990026,99.54990045,99.54990045
2025-10-15T19:30:00Z,99.4999005,99.4999005,99.4999005,99.4999005
2025-10-15T19:40:00Z,98.91990108,98.91990108,98.91990108,98.91990108
2025-10-15T19:45:00Z,99.06990093,99.06990093,98.999901,98.999901
2025-10-15T19:55:00Z,99.25990074,99.25990074,99.25990074,99.25990074
2025-10-16T13:30:00Z,103.35989664,103.36989663,100.10989989,100.55989944
2025-10-16T13:35:00Z,100.16989983,100.16989983,97.6999023,97.999902
2025-10-16T13:40:00Z,97.999902,98.84990115,97.21990278,98.55990144
2025-10-16T13:45:00Z,98.78990121,99.23990076,97.92990207,97.92990207
2025-10-16T13:50:00Z,97.999902,98.00990199,97.38990261,98.00990199
2025-10-16T13:55:00Z,97.999902,99.9999,97.999902,99.98990001
2025-10-16T14:00:00Z,98.91990108,99.37990062,98.3999016,99.37990062
2025-10-16T14:05:00Z,99.8999001,100.42989957,99.47990052,99.47990052
2025-10-16T14:10:00Z,99.83990016,100.18989981,99.83990016,100.18989981
2025-10-16T14:15:00Z,100.36989963,101.47989852,100.36989963,101.10989889
2025-10-16T14:20:00Z,101.40989859,101.999898,101.40989859,101.999898
2025-10-16T14:25:00Z,102.04989795,102.32989767,101.52989847,101.82989817
2025-10-16T14:30:00Z,102.2998977,102.6998973,101.4998985,101.4998985
2025-10-16T14:35:00Z,102.3998976,102.72989727,102.00989799,102.36989763
2025-10-16T14:40:00Z,102.26989773,103.7998962,102.26989773,103.75989624
2025-10-16T14:45:00Z,103.66989633,103.84989615,102.87989712,103.11989688
2025-10-16T14:50:00Z,103.12989687,103.27989672,102.26989773,103.11989688
2025-10-16T14:55:00Z,103.08989691,103.28989671,101.999898,101.999898
2025-10-16T15:00:00Z,102.87989712,103.34989665,102.86989713,103.34989665
2025-10-16T15:05:00Z,103.34989665,103.74989625,103.14989685,103.38989661
2025-10-16T15:10:00Z,103.7998962,103.7998962,103.36989663,103.36989663
2025-10-16T15:15:00Z,102.82989717,103.34989665,102.82989717,103.34989665
2025-10-16T15:20:00Z,103.10989689,103.10989689,102.34989765,102.34989765
2025-10-16T15:25:00Z,102.24989775,102.24989775,101.74989825,101.96989803
2025-10-16T15:30:00Z,101.58989841,102.58989741,101.53989846,102.58989741
2025-10-16T15:35:00Z,103.05989694,103.05989694,102.24989775,102.2998977
2025-10-16T15:40:00Z,101.3998986,101.3998986,100.62989937,100.999899
2025-10-16T15:45:00Z,100.52989947,100.999899,100.23989976,100.85989914
2025-10-16T15:50:00Z,100.6998993,101.20989879,100.6998993,100.87989912
2025-10-16T15:55:00Z,100.62989937,100.62989937,99.70990029,100.28989971
2025-10-16T16:00:00Z,99.80990019,100.3998996,99.73990026,99.73990026
2025-10-16T16:05:00Z,100.34989965,100.34989965,100.34989965,100.34989965
2025-10-16T16:10:00Z,100.60989939,100.60989939,100.46089954,100.46089954
2025-10-16T16:15:00Z,99.81990018,99.81990018,99.35990064,99.35990064
2025-10-16T16:20:00Z,99.04990095,99.73990026,98.98990101,99.73990026
2025-10-16T16:25:00Z,99.71990028,99.71990028,98.54990145,98.54990145
2025-10-16T16:30:00Z,98.4999015,98.4999015,97.3999026,97.3999026
2025-10-16T16:35:00Z,97.63990236,97.82990217,97.25990274,97.40990259
2025-10-16T16:40:00Z,97.15990284,98.03990196,97.0999029,97.90990209
2025-10-16T16:45:00Z,97.65990234,98.04990195,97.65990234,97.83990216
2025-10-16T16:50:00Z,98.43990156,98.67990132,98.26990173,98.5999014
2025-10-16T17:00:00Z,99.2999007,99.2999007,98.65990134,98.65990134
2025-10-16T17:05:00Z,98.60990139,99.4999005,98.07990192,99.33990066
2025-10-16T17:10:00Z,99.71990028,99.71990028,99.53990046,99.53990046
2025-10-16T17:15:00Z,100.47989952,100.47989952,100.23989976,100.23989976
2025-10-16T17:20:00Z,99.98990001,99.98990001,99.98990001,99.98990001
2025-10-16T17:25:00Z,100.04989995,100.04989995,100.04989995,100.04989995
2025-10-16T17:40:00Z,99.76990023,99.76990023,99.32990067,99.6999003
2025-10-16T17:55:00Z,99.77990022,99.77990022,99.77990022,99.77990022
2025-10-16T18:00:00Z,98.66990133,98.66990133,98.66990133,98.66990133
2025-10-16T18:05:00Z,98.1999018,98.1999018,98.1999018,98.1999018
2025-10-16T18:10:00Z,97.999902,97.999902,97.8999021,97.95990204
2025-10-16T18:15:00Z,97.5009025,97.5009025,97.5009025,97.5009025
2025-10-16T18:20:00Z,97.87990212,97.87990212,97.87990212,97.87990212
2025-10-16T18:30:00Z,97.4999025,97.51990248,97.4999025,97.51990248
2025-10-16T18:35:00Z,98.24990175,98.2999017,98.05990194,98.05990194
2025-10-16T18:45:00Z,98.41990158,98.41990158,98.41990158,98.41990158
2025-10-16T18:50:00Z,98.41990158,98.86990113,98.16990183,98.86990113
2025-10-16T19:00:00Z,99.13990086,99.13990086,98.71990128,98.71990128
2025-10-16T19:05:00Z,99.32990067,99.32990067,99.32990067,99.32990067
2025-10-16T19:10:00Z,99.54990045,99.54990045,98.84990115,98.84990115
2025-10-16T19:20:00Z,98.45990154,98.50990149,98.25990174,98.50990149
2025-10-16T19:25:00Z,98.42990157,98.42990157,98.3999016,98.3999016
2025-10-16T19:30:00Z,97.97990202,98.17990182,97.97990202,98.17990182
2025-10-16T19:40:00Z,98.52990147,99.12990087,98.52990147,99.12990087
2025-10-16T19:45:00Z,99.45990054,99.45990054,99.45990054,99.45990054
2025-10-16T19:50:00Z,99.9999,99.9999,99.9999,99.9999
2025-10-16T19:55:00Z,100.66989933,100.66989933,100.66989933,100.66989933
2025-10-17T13:30:00Z,98.7999012,100.1998998,98.67990132,99.91990008
2025-10-17T13:35:00Z,99.5999004,100.86989913,99.58990041,100.2998997
2025-10-17T13:40:00Z,100.28989971,101.28989871,98.4999015,98.88990111
2025-10-17T13:45:00Z,98.4999015,99.32990067,98.4999015,99.32990067
2025-10-17T13:50:00Z,99.61990038,101.04989895,99.61990038,100.16989983
2025-10-17T13:55:00Z,100.48989951,100.6998993,100.30989969,100.6998993
2025-10-17T14:00:00Z,100.36989963,100.57989942,99.97990002,100.54989945
2025-10-17T14:05:00Z,100.62989937,101.26989873,99.9999,101.26989873
2025-10-17T14:10:00Z,101.13989886,102.4998975,100.81989918,102.03989796
2025-10-17T14:15:00Z,102.38989761,102.44989755,101.61989838,101.61989838
2025-10-17T14:20:00Z,101.56989843,101.57989842,101.38989861,101.44989855
2025-10-17T14:25:00Z,101.53989846,101.999898,101.37989862,101.7998982
2025-10-17T14:30:00Z,101.5998984,101.5998984,100.2998997,100.2998997
2025-10-17T14:35:00Z,99.9999,99.9999,99.31990068,99.31990068
2025-10-17T14:40:00Z,99.84990015,100.33989966,98.999901,100.12989987
2025-10-17T14:45:00Z,100.22989977,100.43989956,100.22989977,100.43989956
2025-10-17T14:50:00Z,100.04989995,100.04989995,99.7999002,99.7999002
2025-10-17T14:55:00Z,99.80990019,99.80990019,98.4999015,98.55990144
2025-10-17T15:00:00Z,98.46990153,98.84990115,98.14990185,98.84990115
2025-10-17T15:05:00Z,98.72990127,98.72990127,98.4999015,98.4999015
2025-10-17T15:10:00Z,98.43990156,98.43990156,97.75990224,97.75990224
2025-10-17T15:15:00Z,97.50990249,97.7999022,96.77990322,96.77990322
2025-10-17T15:20:00Z,95.999904,95.999904,95.999904,95.999904
2025-10-17T15:25:00Z,96.10990389,96.94990305,96.10990389,96.63990336
2025-10-17T15:30:00Z,97.00990299,97.08990291,97.00990299,97.08990291
2025-10-17T15:35:00Z,96.70990329,96.70990329,95.25990474,96.40990359
2025-10-17T15:40:00Z,96.44990355,96.999903,96.43990356,96.6999033
2025-10-17T15:45:00Z,96.4999035,96.4999035,96.4999035,96.4999035
2025-10-17T15:50:00Z,96.999903,96.999903,95.999904,95.999904
2025-10-17T15:55:00Z,96.17990382,96.53990346,96.0999039,96.53990346
2025-10-17T16:00:00Z,96.44990355,97.01990298,96.44990355,97.01990298
2025-10-17T16:05:00Z,97.999902,97.999902,97.999902,97.999902
2025-10-17T16:10:00Z,97.58990241,97.58990241,97.18990281,97.18990281
2025-10-17T16:15:00Z,97.71990228,97.71990228,97.13990286,97.13990286
2025-10-17T16:20:00Z,96.80990319,96.999903,96.7999032,96.96990303
2025-10-17T16:25:00Z,97.2999027,97.2999027,97.2999027,97.2999027
2025-10-17T16:30:00Z,97.22990277,97.22990277,97.17990282,97.17990282
2025-10-17T16:35:00Z,98.02990197,98.05990194,97.75990224,97.75990224
2025-10-17T16:45:00Z,97.68990231,97.68990231,97.68990231,97.68990231
2025-10-17T16:55:00Z,96.97990302,96.999903,96.97990302,96.999903
2025-10-17T17:00:00Z,97.24990275,97.24990275,97.24990275,97.24990275
2025-10-17T17:05:00Z,97.5999024,97.60990239,97.41990258,97.41990258
2025-10-17T17:10:00Z,97.16990283,97.72990227,97.02990297,97.5999024
2025-10-17T17:15:00Z,97.5999024,97.5999024,97.5999024,97.5999024
2025-10-17T17:20:00Z,98.11990188,98.11990188,98.11990188,98.11990188
2025-10-17T17:30:00Z,98.04990195,98.4999015,98.02990197,98.42990157
2025-10-17T17:35:00Z,97.85990214,97.85990214,97.71990228,97.71990228
2025-10-17T17:40:00Z,97.62990237,97.62990237,97.62990237,97.62990237
2025-10-17T17:50:00Z,98.05990194,98.0999019,97.75990224,97.75990224
2025-10-17T17:55:00Z,97.999902,97.999902,97.999902,97.999902
2025-10-17T18:00:00Z,97.88990211,97.88990211,97.80990219,97.80990219
2025-10-17T18:05:00Z,97.81990218,97.81990218,97.81990218,97.81990218
2025-10-17T18:15:00Z,97.999902,97.999902,97.999902,97.999902
2025-10-17T18:20:00Z,97.999902,97.999902,97.999902,97.999902
2025-10-17T18:25:00Z,98.51990148,98.51990148,98.33990166,98.33990166
2025-10-17T18:30:00Z,98.08990191,98.08990191,97.91990208,97.91990208
2025-10-17T18:35:00Z,97.92990207,97.92990207,97.7999022,97.7999022
2025-10-17T18:40:00Z,97.70990229,97.71990228,97.56990243,97.5999024
2025-10-17T18:45:00Z,97.54990245,97.54990245,97.54990245,97.54990245
2025-10-17T18:50:00Z,97.51990248,97.51990248,97.50990249,97.50990249
2025-10-17T18:55:00Z,97.63990236,97.63990236,97.45990254,97.45990254
2025-10-17T19:00:00Z,97.5999024,97.62990237,97.5999024,97.62990237
2025-10-17T19:05:00Z,97.51990248,97.51990248,97.51990248,97.51990248
2025-10-17T19:10:00Z,97.7999022,97.7999022,97.7999022,97.7999022
2025-10-17T19:15:00Z,97.82990217,97.82990217,97.76990223,97.76990223
2025-10-17T19:25:00Z,97.70990229,97.70990229,97.6999023,97.6999023
2025-10-17T19:30:00Z,97.50990249,97.50990249,97.32990267,97.32990267
2025-10-17T19:35:00Z,97.56990243,97.57990242,97.56990243,97.57990242
2025-10-17T19:40:00Z,97.63990236,97.63990236,97.63990236,97.63990236
2025-10-17T19:50:00Z,97.93990206,98.2999017,97.91990208,98.2999017
2025-10-17T19:55:00Z,98.17990182,98.17990182,98.17990182,98.17990182
2025-10-20T13:30:00Z,96.07990392,96.68990331,90.6999093,90.6999093
2025-10-20T13:35:00Z,90.58990941,90.85990914,86.999913,87.3999126
2025-10-20T13:40:00Z,87.3999126,88.00991199,85.31991468,87.96991203
2025-10-20T13:45:00Z,88.2999117,89.99991,87.6999123,89.42991057
2025-10-20T13:50:00Z,89.1999108,90.17990982,88.58991141,88.58991141
2025-10-20T13:55:00Z,88.42991157,88.4999115,85.42991457,85.42991457
2025-10-20T14:00:00Z,85.97991402,85.97991402,83.38991661,85.58991441
2025-10-20T14:05:00Z,85.7999142,87.06991293,85.57991442,86.18991381
2025-10-20T14:10:00Z,86.00991399,87.999912,85.7999142,86.86991313
2025-10-20T14:15:00Z,86.7999132,88.72991127,86.5999134,88.72991127
2025-10-20T14:20:00Z,88.47991152,88.999911,87.999912,88.27991172
2025-10-20T14:25:00Z,88.48991151,88.74991125,87.6999123,87.6999123
2025-10-20T14:30:00Z,88.6999113,88.83991116,87.999912,87.999912
2025-10-20T14:35:00Z,88.0999119,88.12991187,86.7999132,87.44991255
2025-10-20T14:40:00Z,87.68991231,88.6999113,87.68991231,88.58991141
2025-10-20T14:45:00Z,88.5999114,88.6999113,88.24991175,88.51991148
2025-10-20T14:50:00Z,88.66991133,89.91991008,88.57991142,89.91991008
2025-10-20T14:55:00Z,89.99991,90.48990951,89.81991018,89.86991013
2025-10-20T15:00:00Z,89.81991018,90.999909,89.74991025,90.85990914
2025-10-20T15:05:00Z,90.88990911,91.4999085,90.30990969,91.26990873
2025-10-20T15:10:00Z,91.3999086,91.47990852,90.54990945,90.54990945
2025-10-20T15:15:00Z,90.8999091,90.8999091,90.53990946,90.53990946
2025-10-20T15:20:00Z,91.22990877,91.27990872,90.3999096,90.3999096
2025-10-20T15:25:00Z,90.24990975,91.04990895,90.20990979,90.93990906
2025-10-20T15:30:00Z,91.2999087,91.2999087,90.81990918,91.0999089
2025-10-20T15:35:00Z,91.4999085,92.01990798,91.40990859,92.01990798
2025-10-20T15:40:00Z,91.95990804,92.64990735,91.95990804,92.13990786
2025-10-20T15:45:00Z,92.13990786,92.13990786,92.13990786,92.13990786
2025-10-20T15:50:00Z,92.43990756,92.43990756,90.93990906,91.16990883
2025-10-20T15:55:00Z,91.74990825,91.74990825,91.74990825,91.74990825
2025-10-20T16:00:00Z,91.45990854,91.45990854,91.13990886,91.13990886
2025-10-20T16:05:00Z,90.91990908,90.91990908,89.93991006,89.93991006
2025-10-20T16:10:00Z,90.16990983,90.16990983,89.4999105,89.56991043
2025-10-20T16:15:00Z,89.73991026,89.73991026,89.5999104,89.5999104
2025-10-20T16:20:00Z,89.74991025,89.7999102,89.6999103,89.7999102
2025-10-20T16:25:00Z,89.7999102,89.7999102,89.67991032,89.67991032
2025-10-20T16:30:00Z,89.74991025,89.74991025,89.47991052,89.47991052
2025-10-20T16:35:00Z,89.5999104,89.5999104,88.98991101,89.35991064
2025-10-20T16:40:00Z,89.72991027,89.76991023,89.72991027,89.76991023
2025-10-20T16:50:00Z,89.6999103,89.6999103,89.6999103,89.6999103
2025-10-20T16:55:00Z,89.5999104,90.0999099,89.5999104,89.90991009
2025-10-20T17:00:00Z,89.96991003,90.11990988,89.96991003,90.11990988
2025-10-20T17:05:00Z,89.99991,89.99991,89.91991008,89.91991008
2025-10-20T17:10:00Z,89.99991,89.99991,89.99991,89.99991
2025-10-20T17:15:00Z,90.2999097,90.2999097,90.2999097,90.2999097
2025-10-20T17:20:00Z,90.2999097,91.1999088,90.2999097,91.1999088
2025-10-20T17:25:00Z,91.999908,92.54990745,91.999908,92.54990745
2025-10-20T17:30:00Z,92.74990725,92.74990725,92.74990725,92.74990725
2025-10-20T17:35:00Z,92.64990735,93.05990694,92.5999074,92.65990734
2025-10-20T17:40:00Z,92.37990762,92.6999073,92.37990762,92.65990734
2025-10-20T17:45:00Z,92.87990712,93.10990689,92.4999075,93.10990689
2025-10-20T17:55:00Z,91.999908,91.999908,91.87990812,91.87990812
2025-10-20T18:00:00Z,91.67990832,91.67990832,91.67990832,91.67990832
2025-10-20T18:20:00Z,92.4999075,92.53990746,92.46990753,92.4999075
2025-10-20T18:25:00Z,92.4999075,92.4999075,92.22090778,92.34990765
2025-10-20T18:30:00Z,92.71990728,92.71990728,92.71990728,92.71990728
2025-10-20T18:35:00Z,92.70990729,92.70990729,92.36990763,92.36990763
2025-10-20T18:40:00Z,92.3999076,92.3999076,92.21990778,92.30990769
2025-10-20T18:45:00Z,91.96990803,91.999908,91.96990803,91.999908
2025-10-20T18:50:00Z,91.74990825,91.7999082,90.8999091,90.8999091
2025-10-20T18:55:00Z,90.94990905,90.94990905,90.71990928,90.78990921
2025-10-20T19:00:00Z,90.4999095,90.4999095,90.05990994,90.05990994
2025-10-20T19:05:00Z,89.99991,89.99991,89.63991036,89.74991025
2025-10-20T19:10:00Z,89.99991,90.0999099,89.99991,90.0999099
2025-10-20T19:15:00Z,89.8999101,89.97991002,89.48991051,89.97991002
2025-10-20T19:20:00Z,89.80991019,89.80991019,89.1999108,89.1999108
2025-10-20T19:25:00Z,88.999911,88.999911,88.8999111,88.8999111
2025-10-20T19:30:00Z,88.81991118,88.97991102,88.30991169,88.30991169
2025-10-20T19:35:00Z,88.3999116,88.4999115,88.36991163,88.3999116
2025-10-20T19:40:00Z,88.2999117,88.34991165,86.94991305,86.94991305
2025-10-20T19:45:00Z,86.72991327,86.999913,86.67991332,86.8999131
2025-10-20T19:50:00Z,87.37991262,87.48991251,87.30991269,87.30991269
2025-10-20T19:55:00Z,87.44991255,88.0999119,87.28991271,87.28991271
2025-10-21T13:30:00Z,87.36,87.36,81.93,82.44
2025-10-21T13:35:00Z,83.58,84.75,83.58,83.79
2025-10-21T13:40:00Z,84.78,84.84,84.54,84.63
2025-10-21T13:45:00Z,85.98,86.31,85.83,86.31
2025-10-21T13:50:00Z,86.91,86.91,85.5,85.5
2025-10-21T13:55:00Z,85.71,85.8,84.78,85.68
2025-10-21T14:05:00Z,85.53,85.86,85.5,85.5
2025-10-21T14:10:00Z,87,87,87,87
2025-10-21T14:15:00Z,86.97,86.97,86.97,86.97
2025-10-21T14:20:00Z,86.25,86.25,86.1,86.1
2025-10-21T14:25:00Z,85.89,85.89,85.5,85.5
2025-10-21T14:30:00Z,85.89,85.89,85.53,85.53
2025-10-21T14:35:00Z,86.25,86.25,86.25,86.25
2025-10-21T14:40:00Z,86.25,86.25,86.25,86.25
2025-10-21T14:45:00Z,86.07,86.07,86.07,86.07
2025-10-21T14:55:00Z,86.01,86.01,85.2,85.2
2025-10-21T15:05:00Z,84.93,84.96,84.81,84.96
2025-10-21T15:10:00Z,85.92,85.92,85.68,85.68
2025-10-21T15:20:00Z,85.56,85.56,85.38,85.41
2025-10-21T15:35:00Z,85.32,85.32,85.32,85.32
2025-10-21T15:45:00Z,85.8,85.8,85.8,85.8
2025-10-21T15:50:00Z,85.8,85.8,85.8,85.8
2025-10-21T15:55:00Z,85.5,85.5,84.3,84.3
2025-10-21T16:00:00Z,84,84,83.4,83.4
2025-10-21T16:05:00Z,84.15,84.15,84.12,84.12
2025-10-21T16:10:00Z,84.57,84.57,84.57,84.57
2025-10-21T16:15:00Z,84.54,84.54,84.21,84.21
2025-10-21T16:20:00Z,83.85,83.85,83.85,83.85
2025-10-21T16:30:00Z,84.57,84.57,84.57,84.57
2025-10-21T16:35:00Z,84.75,84.75,84.57,84.57
2025-10-21T16:50:00Z,84.63,84.63,84.18,84.18
2025-10-21T17:00:00Z,83.82,83.82,83.58,83.58
2025-10-21T17:05:00Z,83.76,83.76,83.76,83.76
2025-10-21T17:15:00Z,83.4,83.4,83.1,83.1
2025-10-21T17:20:00Z,82.8,82.8,82.65,82.65
2025-10-21T17:25:00Z,82.74,82.74,82.74,82.74
2025-10-21T17:30:00Z,82.8,83.22,82.71,83.22
2025-10-21T17:35:00Z,82.59,82.65,82.59,82.59
2025-10-21T17:45:00Z,82.62,82.62,82.62,82.62
2025-10-21T17:50:00Z,82.8,82.8,82.77,82.8
2025-10-21T17:55:00Z,83.1,83.1,83.1,83.1
2025-10-21T18:00:00Z,83.67,83.67,83.67,83.67
2025-10-21T18:05:00Z,83.88,83.88,83.64,83.64
2025-10-21T18:10:00Z,83.28,83.28,83.07,83.07
2025-10-21T18:15:00Z,82.56,82.56,82.56,82.56
2025-10-21T18:25:00Z,83.07,83.07,83.07,83.07
2025-10-21T18:40:00Z,82.83,82.83,82.32,82.35
2025-10-21T18:50:00Z,82.59,82.59,82.59,82.59
2025-10-21T19:00:00Z,82.8,82.8,82.8,82.8
2025-10-21T19:05:00Z,83.46,83.46,83.4,83.4
2025-10-21T19:15:00Z,84.36,84.36,84.36,84.36
2025-10-21T19:20:00Z,84.66,84.66,84.54,84.54
2025-10-21T19:25:00Z,84.15,84.15,84.15,84.15
2025-10-21T19:30:00Z,84,84,84,84
2025-10-21T19:35:00Z,83.94,83.94,83.88,83.88
2025-10-21T19:40:00Z,84,84.03,84,84.03
2025-10-21T19:50:00Z,83.64,83.64,83.25,83.25
2025-10-21T19:55:00Z,83.25,83.25,83.04,83.04
2025-10-22T13:30:00Z,88.14,88.14,85.26,86.1
2025-10-22T13:35:00Z,86.91,87.885,85.65,85.68
2025-10-22T13:40:00Z,86.04,87.18,86.04,86.97
2025-10-22T13:45:00Z,86.61,87.6,86.43,87.6
2025-10-22T13:50:00Z,87.42,87.54,86.64,87.09
2025-10-22T13:55:00Z,87.09,87.45,87,87.45
2025-10-22T14:00:00Z,87.42,88.2,87.21,87.33
2025-10-22T14:05:00Z,87.72,87.72,87.06,87.06
2025-10-22T14:10:00Z,87,87.3,86.7,86.76
2025-10-22T14:15:00Z,86.4,86.88,86.4,86.88
2025-10-22T14:20:00Z,86.805,86.805,86.1,86.1
2025-10-22T14:30:00Z,84.48,84.66,84.33,84.66
2025-10-22T14:35:00Z,84.87,85.05,84.69,84.69
2025-10-22T14:40:00Z,84,84,84,84
2025-10-22T14:45:00Z,83.85,83.85,83.85,83.85
2025-10-22T14:50:00Z,84.69,85.05,84.69,84.96
2025-10-22T14:55:00Z,84.84,85.71,84.84,85.71
2025-10-22T15:00:00Z,85.65,86.34,85.65,86.34
2025-10-22T15:05:00Z,86.565,86.58,86.4,86.4
2025-10-22T15:10:00Z,86.37,86.37,86.37,86.37
2025-10-22T15:15:00Z,86.07,86.1,86.07,86.1
2025-10-22T15:20:00Z,85.86,85.86,85.29,85.32
2025-10-22T15:25:00Z,85.5,85.5,85.14,85.14
2025-10-22T15:30:00Z,84.84,85.5,84.84,85.5
2025-10-22T15:35:00Z,85.35,85.35,85.2,85.2
2025-10-22T15:40:00Z,85.77,85.8,85.77,85.8
2025-10-22T15:45:00Z,86.76,87.105,86.76,87.105
2025-10-22T15:55:00Z,85.8,85.8,85.8,85.8
2025-10-22T16:00:00Z,84.84,84.84,84.84,84.84
2025-10-22T16:05:00Z,84.87,84.87,84.87,84.87
2025-10-22T16:10:00Z,84.84,84.84,84.84,84.84
2025-10-22T16:30:00Z,84.99,84.99,83.55,84.18
2025-10-22T16:35:00Z,84.57,84.81,84.57,84.81
2025-10-22T16:40:00Z,84.48,84.48,84.39,84.39
2025-10-22T16:55:00Z,84.81,84.81,84.81,84.81
2025-10-22T17:00:00Z,84.81,84.81,84.81,84.81
2025-10-22T17:15:00Z,84.09,84.09,84.09,84.09
2025-10-22T17:25:00Z,84,84,84,84
2025-10-22T17:30:00Z,83.58,84.3,83.58,84.3
2025-10-22T17:35:00Z,84.15,84.27,84.12,84.27
2025-10-22T17:50:00Z,84.21,84.21,84.21,84.21
2025-10-22T18:00:00Z,84.93,84.93,84.9,84.9
2025-10-22T18:05:00Z,85.035,85.035,84.81,84.81
2025-10-22T18:15:00Z,84.42,84.42,84.3,84.3
2025-10-22T18:20:00Z,84.9,85.5,84.87,85.5
2025-10-22T18:25:00Z,85.53,85.74,85.47,85.47
2025-10-22T18:30:00Z,85.845,85.845,85.65,85.65
2025-10-22T18:40:00Z,86.31,86.31,86.31,86.31
2025-10-22T18:55:00Z,86.79,86.79,86.79,86.79
2025-10-22T19:05:00Z,87.75,87.75,87.75,87.75
2025-10-22T19:15:00Z,87.72,88.14,87.72,88.14
2025-10-22T19:20:00Z,88.23,88.23,88.23,88.23
2025-10-22T19:25:00Z,88.2,88.2,88.2,88.2
2025-10-22T19:30:00Z,88.29,88.68,88.29,88.56
2025-10-22T19:35:00Z,88.47,88.62,88.47,88.62
2025-10-22T19:40:00Z,88.23,88.23,88.23,88.23
2025-10-22T19:45:00Z,88.14,88.14,87.99,87.99
2025-10-22T19:50:00Z,87.75,87.75,86.97,86.97
2025-10-22T19:55:00Z,87.255,87.255,86.97,86.97
2025-10-23T13:30:00Z,87.96,88.41,87.42,88.41
2025-10-23T13:35:00Z,87.63,88.5,87.33,88.2
2025-10-23T13:40:00Z,87.78,88.41,87.57,88.41
2025-10-23T13:45:00Z,88.5,88.92,88.2,88.2
2025-10-23T13:50:00Z,88.32,89.1,88.32,88.95
2025-10-23T13:55:00Z,88.86,89.67,88.86,89.67
2025-10-23T14:00:00Z,89.94,90.3,89.7,90.3
2025-10-23T14:05:00Z,90.63,91.11,90.39,91.05
2025-10-23T14:10:00Z,90.6,91.08,89.64,89.64
2025-10-23T14:15:00Z,88.95,88.95,88.77,88.8
2025-10-23T14:20:00Z,89.01,89.7,89.01,89.7
2025-10-23T14:25:00Z,89.97,89.97,89.1,89.1
2025-10-23T14:30:00Z,89.1,90.21,89.04,90.21
2025-10-23T14:35:00Z,89.79,90.15,89.79,90.15
2025-10-23T14:40:00Z,90.9,91.05,90.87,90.9
2025-10-23T14:45:00Z,90.78,91.14,90.615,91.14
2025-10-23T14:50:00Z,90.84,90.84,90,90
2025-10-23T14:55:00Z,90.51,91.17,90.51,91.17
2025-10-23T15:00:00Z,91.47,91.5,90.99,90.99
2025-10-23T15:05:00Z,91.2,91.32,91.2,91.2
2025-10-23T15:10:00Z,91.17,91.2,90.3,90.36
2025-10-23T15:20:00Z,90.72,90.81,90.45,90.81
2025-10-23T15:25:00Z,90.81,90.81,90.6,90.63
2025-10-23T15:30:00Z,91.2,91.65,91.2,91.5
2025-10-23T15:35:00Z,91.53,91.53,90.9,90.9
2025-10-23T15:40:00Z,90.78,90.78,89.55,89.55
2025-10-23T15:55:00Z,91.08,91.08,90.78,90.78
2025-10-23T16:00:00Z,90.78,90.78,90.78,90.78
2025-10-23T16:15:00Z,90.81,91.02,90.81,91.02
2025-10-23T16:20:00Z,90.57,90.57,90.54,90.54
2025-10-23T16:25:00Z,90.45,90.51,90.45,90.51
2025-10-23T16:30:00Z,90.51,90.51,90.51,90.51
2025-10-23T16:40:00Z,90.6,90.63,90.42,90.42
2025-10-23T16:45:00Z,90.45,90.45,90.45,90.45
2025-10-23T16:50:00Z,90.18,90.36,90.18,90.36
2025-10-23T16:55:00Z,90.63,90.78,90.6,90.6
2025-10-23T17:00:00Z,90.72,91.05,90.72,90.99
2025-10-23T17:05:00Z,91.08,91.08,90.75,90.75
2025-10-23T17:10:00Z,90.9,91.2,90.9,91.2
2025-10-23T17:15:00Z,91.29,91.665,91.29,91.665
2025-10-23T17:20:00Z,91.59,91.59,91.59,91.59
2025-10-23T17:25:00Z,91.65,91.92,91.65,91.92
2025-10-23T17:30:00Z,91.86,92.19,91.86,92.19
2025-10-23T17:35:00Z,92.4,92.73,92.4,92.73
2025-10-23T17:40:00Z,92.85,93.66,92.85,93.66
2025-10-23T17:45:00Z,93.9,94.11,93.78,93.78
2025-10-23T17:50:00Z,93.84,93.84,93.84,93.84
2025-10-23T17:55:00Z,93.9,94.17,93.84,94.17
2025-10-23T18:00:00Z,94.26,94.26,94.05,94.05
2025-10-23T18:05:00Z,94.23,94.23,93.9,94.11
2025-10-23T18:10:00Z,93.9,94.05,93.81,94.05
2025-10-23T18:15:00Z,94.14,94.5,94.14,94.5
2025-10-23T18:20:00Z,94.8,94.8,94.62,94.62
2025-10-23T18:25:00Z,94.02,94.02,93.63,93.63
2025-10-23T18:30:00Z,94.05,94.05,94.05,94.05
2025-10-23T18:45:00Z,94.08,94.08,93.9,93.9
2025-10-23T18:55:00Z,93.84,93.84,93.84,93.84
2025-10-23T19:10:00Z,94.02,94.02,93.9,93.9
2025-10-23T19:15:00Z,94.08,94.2,94.08,94.2
2025-10-23T19:20:00Z,94.2,94.2,94.2,94.2
2025-10-23T19:30:00Z,94.38,94.77,94.38,94.62
2025-10-23T19:35:00Z,94.74,94.74,94.59,94.65
2025-10-23T19:40:00Z,94.65,94.89,94.65,94.89
2025-10-23T19:45:00Z,94.44,94.5,94.23,94.38
2025-10-23T19:50:00Z,94.05,94.53,94.05,94.53
2025-10-23T19:55:00Z,94.38,94.68,94.38,94.68
2025-10-24T13:30:00Z,100.38,101.07,99.6,100.5
2025-10-24T13:35:00Z,100.41,101.85,100.41,101.85
2025-10-24T13:40:00Z,102,102.9,101.82,102.9
2025-10-24T13:45:00Z,102.855,102.855,101.88,102.03
2025-10-24T13:50:00Z,102.48,103.08,101.805,102.9
2025-10-24T13:55:00Z,103.2,104.13,103.14,104.13
2025-10-24T14:00:00Z,104.01,105,103.98,104.7
2025-10-24T14:05:00Z,104.7,105.33,104.61,105.33
2025-10-24T14:10:00Z,105.27,105.75,104.82,105.03
2025-10-24T14:15:00Z,105.21,106.17,105.21,106.11
2025-10-24T14:20:00Z,106.05,106.05,105,105
2025-10-24T14:25:00Z,105.48,105.6,105,105.42
2025-10-24T14:30:00Z,105.03,105.15,104.64,105
2025-10-24T14:35:00Z,105,105.06,104.04,105.06
2025-10-24T14:40:00Z,104.79,105.33,104.7,105.12
2025-10-24T14:45:00Z,105,105,104.04,104.85
2025-10-24T14:50:00Z,104.76,104.76,104.58,104.76
2025-10-24T14:55:00Z,104.82,104.82,104.16,104.16
2025-10-24T15:00:00Z,104.55,104.55,104.55,104.55
2025-10-24T15:05:00Z,104.16,104.64,104.1,104.64
2025-10-24T15:10:00Z,104.58,104.67,104.46,104.67
2025-10-24T15:15:00Z,104.46,104.46,104.4,104.46
2025-10-24T15:20:00Z,104.85,105,104.85,105
2025-10-24T15:25:00Z,105.33,105.57,105,105
2025-10-24T15:30:00Z,104.85,104.85,104.67,104.67
2025-10-24T15:35:00Z,104.55,104.85,104.25,104.25
2025-10-24T15:40:00Z,104.28,104.55,104.25,104.46
2025-10-24T15:45:00Z,104.19,104.79,104.01,104.79
2025-10-24T15:50:00Z,104.94,105.72,104.94,105.72
2025-10-24T15:55:00Z,105.72,105.72,104.97,104.97
2025-10-24T16:00:00Z,105.03,105.84,105.03,105.69
2025-10-24T16:05:00Z,105.48,105.9,105.45,105.69
2025-10-24T16:10:00Z,105.93,106.08,105.75,105.75
2025-10-24T16:15:00Z,105.75,105.87,105.69,105.84
2025-10-24T16:20:00Z,105.9,105.9,105.9,105.9
2025-10-24T16:25:00Z,105.78,105.93,105.66,105.66
2025-10-24T16:30:00Z,105.855,105.93,105.75,105.75
2025-10-24T16:35:00Z,106.05,106.11,106.047,106.11
2025-10-24T16:40:00Z,106.2,106.35,106.05,106.05
2025-10-24T16:55:00Z,105.69,105.69,105.57,105.57
2025-10-24T17:00:00Z,105.36,105.45,105.33,105.45
2025-10-24T17:10:00Z,105.15,105.15,105.15,105.15
2025-10-24T17:15:00Z,105,105,104.91,104.91
2025-10-24T17:25:00Z,105.03,105.03,105.03,105.03
2025-10-24T17:30:00Z,104.97,105,104.97,105
2025-10-24T17:35:00Z,104.91,104.91,104.76,104.76
2025-10-24T17:40:00Z,104.67,104.67,104.67,104.67
2025-10-24T17:45:00Z,104.46,104.82,104.4,104.82
2025-10-24T17:50:00Z,104.76,104.88,104.76,104.88
2025-10-24T17:55:00Z,104.55,104.55,104.49,104.49
2025-10-24T18:00:00Z,104.25,104.25,104.25,104.25
2025-10-24T18:05:00Z,104.4,104.79,104.4,104.49
2025-10-24T18:10:00Z,104.64,104.64,104.64,104.64
2025-10-24T18:20:00Z,104.52,104.55,104.52,104.55
2025-10-24T18:25:00Z,104.34,104.34,104.34,104.34
2025-10-24T18:45:00Z,104.22,104.22,104.07,104.07
2025-10-24T18:55:00Z,104.445,104.445,104.445,104.445
2025-10-24T19:10:00Z,104.34,104.34,104.34,104.34
2025-10-24T19:15:00Z,104.4,104.4,104.4,104.4
2025-10-24T19:20:00Z,104.55,105.27,104.55,105.27
2025-10-24T19:25:00Z,105.06,105.12,105.06,105.12
2025-10-24T19:30:00Z,104.88,104.88,104.88,104.88
2025-10-24T19:35:00Z,104.55,104.55,104.49,104.52
2025-10-24T19:40:00Z,104.4,104.58,104.31,104.58
2025-10-24T19:45:00Z,104.4,104.4,104.31,104.31
2025-10-24T19:50:00Z,104.55,104.67,104.49,104.49
2025-10-24T19:55:00Z,104.4,104.43,104.16,104.22
2025-10-27T13:30:00Z,109.44,109.5,106.2,108.285
2025-10-27T13:35:00Z,108.6,110.55,108.15,109.38
2025-10-27T13:40:00Z,110.73,111.36,108.99,111
2025-10-27T13:45:00Z,110.64,111,110.04,110.64
2025-10-27T13:50:00Z,110.4,110.4,108.9,108.9
2025-10-27T13:55:00Z,108.9,109.35,106.95,106.98
2025-10-27T14:00:00Z,106.8,107.07,105.6,106.02
2025-10-27T14:05:00Z,106.02,106.02,105,105.54
2025-10-27T14:10:00Z,105.18,105.63,105.09,105.09
2025-10-27T14:15:00Z,105.69,105.69,104.97,104.97
2025-10-27T14:20:00Z,104.94,105.33,104.46,105.3
2025-10-27T14:25:00Z,105.75,105.84,105.42,105.75
2025-10-27T14:30:00Z,105.54,105.81,105.48,105.48
2025-10-27T14:35:00Z,106.11,106.11,105.87,106.035
2025-10-27T14:40:00Z,105.96,106.11,105.96,106.065
2025-10-27T14:45:00Z,106.05,106.5,105.9,105.9
2025-10-27T14:50:00Z,106.32,107.01,106.32,107.01
2025-10-27T14:55:00Z,106.47,106.47,105.24,105.63
2025-10-27T15:00:00Z,105.84,106.26,105.84,106.26
2025-10-27T15:05:00Z,106.35,106.35,105,105.63
2025-10-27T15:10:00Z,105.555,105.555,105.51,105.51
2025-10-27T15:15:00Z,106.53,106.53,106.35,106.35
2025-10-27T15:20:00Z,106.26,106.29,106.125,106.2
2025-10-27T15:25:00Z,106.35,106.35,106.17,106.17
2025-10-27T15:30:00Z,106.23,106.29,106.05,106.08
2025-10-27T15:40:00Z,106.98,107.25,106.98,107.01
2025-10-27T15:45:00Z,107.34,108,107.34,107.97
2025-10-27T15:50:00Z,106.89,106.89,106.89,106.89
2025-10-27T15:55:00Z,106.5,106.5,106.08,106.08
2025-10-27T16:00:00Z,106.56,106.74,106.56,106.74
2025-10-27T16:05:00Z,106.44,106.44,106.44,106.44
2025-10-27T16:10:00Z,106.515,106.53,106.44,106.44
2025-10-27T16:15:00Z,107.04,107.04,106.98,106.98
2025-10-27T16:20:00Z,107.07,107.4,107.07,107.4
2025-10-27T16:25:00Z,107.37,107.37,107.37,107.37
2025-10-27T16:30:00Z,107.7,107.79,107.67,107.67
2025-10-27T16:35:00Z,107.94,107.94,107.94,107.94
2025-10-27T16:40:00Z,108,108.03,108,108.03
2025-10-27T16:45:00Z,107.82,108.3,107.82,108.3
2025-10-27T16:50:00Z,108.3,108.3,108.3,108.3
2025-10-27T16:55:00Z,108.24,108.48,108.24,108.24
2025-10-27T17:00:00Z,108.24,108.54,108.24,108.54
2025-10-27T17:10:00Z,108.66,108.66,108.66,108.66
2025-10-27T17:15:00Z,108.87,109.29,108.87,109.29
2025-10-27T17:20:00Z,108.93,108.93,108.93,108.93
2025-10-27T17:25:00Z,109.44,109.5,109.35,109.35
2025-10-27T17:30:00Z,109.71,109.77,109.71,109.77
2025-10-27T17:35:00Z,109.83,109.83,109.59,109.59
2025-10-27T17:40:00Z,110.04,110.73,110.04,110.73
2025-10-27T17:45:00Z,110.88,111,110.67,110.79
2025-10-27T17:50:00Z,110.82,111.09,110.82,110.82
2025-10-27T17:55:00Z,110.88,111,110.88,111
2025-10-27T18:00:00Z,110.82,111,110.64,111
2025-10-27T18:05:00Z,111.06,111.45,111.06,111.45
2025-10-27T18:10:00Z,111.3,111.45,111.24,111.45
2025-10-27T18:15:00Z,111.51,111.84,111.36,111.84
2025-10-27T18:20:00Z,111.9,111.9,111.9,111.9
2025-10-27T18:25:00Z,111.33,111.33,111.3,111.3
2025-10-27T18:30:00Z,111.3,111.39,111.3,111.39
2025-10-27T18:40:00Z,111.51,111.51,111.51,111.51
2025-10-27T18:45:00Z,111.72,111.72,111.72,111.72
2025-10-27T18:50:00Z,111.75,111.9,111.75,111.75
2025-10-27T18:55:00Z,111.81,111.96,111.72,111.72
2025-10-27T19:00:00Z,111.465,111.75,111.36,111.75
2025-10-27T19:05:00Z,111.96,112.05,111.96,112.05
2025-10-27T19:10:00Z,112.2,112.29,112.2,112.2
2025-10-27T19:15:00Z,112.08,112.08,111.75,111.75
2025-10-27T19:20:00Z,111.45,111.45,111.45,111.45
2025-10-27T19:25:00Z,111.435,111.435,111.435,111.435
2025-10-27T19:30:00Z,111.54,111.75,111.54,111.75
2025-10-27T19:35:00Z,111.78,111.87,111.78,111.87
2025-10-27T19:40:00Z,111.93,111.93,111.48,111.48
2025-10-27T19:45:00Z,111.33,111.99,111.3,111.99
2025-10-27T19:50:00Z,111.84,112.5,111.81,112.41
2025-10-27T19:55:00Z,112.11,112.11,111.9,111.99
2025-10-28T13:30:00Z,111.81,113.61,110.79,111
2025-10-28T13:35:00Z,110.55,111.78,110.31,110.46
2025-10-28T13:40:00Z,109.92,110.7,109.92,110.7
2025-10-28T13:45:00Z,110.61,110.61,108.54,108.54
2025-10-28T13:50:00Z,108.15,108.39,107.58,108.12
2025-10-28T13:55:00Z,108.03,108.9,107.775,108
2025-10-28T14:00:00Z,107.7,107.97,107.7,107.94
2025-10-28T14:05:00Z,108.45,108.45,107.88,107.88
2025-10-28T14:10:00Z,108.45,108.45,108.12,108.18
2025-10-28T14:15:00Z,108.45,108.51,107.7,108.18
2025-10-28T14:20:00Z,107.85,108.03,107.67,107.67
2025-10-28T14:25:00Z,107.58,107.58,107.16,107.25
2025-10-28T14:30:00Z,107.25,107.4,107.1,107.4
2025-10-28T14:35:00Z,107.1,107.52,106.5,106.635
2025-10-28T14:40:00Z,106.8,106.845,106.17,106.47
2025-10-28T14:45:00Z,106.65,106.65,106.47,106.65
2025-10-28T14:50:00Z,107.01,107.13,106.8,107.13
2025-10-28T14:55:00Z,107.22,107.25,106.92,106.98
2025-10-28T15:00:00Z,106.983,107.7,106.983,107.52
2025-10-28T15:05:00Z,107.7,107.7,107.64,107.64
2025-10-28T15:10:00Z,107.85,108.3,107.85,108.24
2025-10-28T15:15:00Z,108.06,108.06,108,108
2025-10-28T15:20:00Z,108.45,108.45,108.36,108.36
2025-10-28T15:25:00Z,108.57,108.66,108.45,108.45
2025-10-28T15:30:00Z,108.72,108.72,107.52,107.52
2025-10-28T15:35:00Z,107.64,107.7,107.46,107.7
2025-10-28T15:40:00Z,108,108.15,108,108.15
2025-10-28T15:50:00Z,107.85,107.895,107.7,107.7
2025-10-28T15:55:00Z,107.22,107.22,106.74,106.89
2025-10-28T16:00:00Z,106.98,107.055,106.98,107.01
2025-10-28T16:05:00Z,107.13,107.13,107.13,107.13
2025-10-28T16:10:00Z,107.31,107.31,107.31,107.31
2025-10-28T16:15:00Z,107.46,107.64,107.46,107.64
2025-10-28T16:20:00Z,107.67,107.67,107.4,107.64
2025-10-28T16:25:00Z,107.73,107.73,107.1,107.1
2025-10-28T16:30:00Z,108,108,107.895,107.895
2025-10-28T16:35:00Z,107.52,107.52,107.07,107.22
2025-10-28T16:40:00Z,106.8,106.8,106.2,106.2
2025-10-28T16:50:00Z,106.5,106.5,106.5,106.5
2025-10-28T16:55:00Z,106.5,106.5,106.17,106.17
2025-10-28T17:00:00Z,106.38,106.605,106.26,106.26
2025-10-28T17:05:00Z,106.2,106.2,105.66,105.66
2025-10-28T17:10:00Z,105.6,105.6,104.4,104.4
2025-10-28T17:15:00Z,104.49,104.7,104.1,104.4
2025-10-28T17:20:00Z,104.7,105.27,104.7,105.27
2025-10-28T17:25:00Z,105.21,105.51,104.88,104.88
2025-10-28T17:30:00Z,105.39,105.39,105.39,105.39
2025-10-28T17:35:00Z,106.11,106.17,106.11,106.17
2025-10-28T17:40:00Z,105.36,105.36,105.36,105.36
2025-10-28T17:50:00Z,106.08,106.08,105.93,105.93
2025-10-28T17:55:00Z,105.45,105.45,105,105.18
2025-10-28T18:05:00Z,105.09,105.09,104.97,104.97
2025-10-28T18:10:00Z,104.985,105.09,104.94,104.94
2025-10-28T18:20:00Z,105.003,105.003,104.7,104.7
2025-10-28T18:25:00Z,104.49,104.49,104.4,104.4
2025-10-28T18:30:00Z,105.33,105.33,105.33,105.33
2025-10-28T18:40:00Z,105.42,105.48,105.42,105.48
2025-10-28T18:50:00Z,105.45,105.585,104.94,105.585
2025-10-28T19:00:00Z,105.81,105.81,105.6,105.63
2025-10-28T19:10:00Z,105.57,105.57,105.57,105.57
2025-10-28T19:20:00Z,106.05,106.05,105.84,105.84
2025-10-28T19:25:00Z,106.23,106.23,106.23,106.23
2025-10-28T19:30:00Z,105.93,105.93,105.6,105.81
2025-10-28T19:35:00Z,106.17,106.17,106.17,106.17
2025-10-28T19:40:00Z,106.32,106.32,106.32,106.32
2025-10-28T19:45:00Z,106.14,106.14,106.02,106.02
2025-10-28T19:50:00Z,105.78,106.14,105.78,106.14
2025-10-28T19:55:00Z,106.2,106.5,106.05,106.095
2025-10-29T13:30:00Z,107.13,108.06,106.05,106.29
2025-10-29T13:35:00Z,105,105,103.11,104.28
2025-10-29T13:40:00Z,104.52,105.93,104.1,105.93
2025-10-29T13:45:00Z,106.395,106.395,105.6,105.72
2025-10-29T13:50:00Z,105.66,106.5,105.24,106.5
2025-10-29T13:55:00Z,106.35,106.35,106.05,106.32
2025-10-29T14:00:00Z,106.26,106.26,105.3,105.87
2025-10-29T14:05:00Z,105.87,106.8,105.87,106.8
2025-10-29T14:10:00Z,107.19,107.52,107.19,107.37
2025-10-29T14:15:00Z,106.89,106.89,106.2,106.56
2025-10-29T14:20:00Z,106.08,106.08,105.9,105.9
2025-10-29T14:25:00Z,105.48,105.6,105.48,105.6
2025-10-29T14:30:00Z,106.02,106.02,106.02,106.02
2025-10-29T14:35:00Z,105.84,105.84,105.84,105.84
2025-10-29T14:40:00Z,106.095,106.095,105.36,105.36
2025-10-29T14:45:00Z,105.84,105.84,105.84,105.84
2025-10-29T14:55:00Z,106.38,106.41,106.38,106.41
2025-10-29T15:10:00Z,106.8,106.8,106.8,106.8
2025-10-29T15:15:00Z,106.92,107.7,106.92,107.34
2025-10-29T15:20:00Z,107.61,108.15,107.61,108.15
2025-10-29T15:25:00Z,108.09,108.21,107.79,108.09
2025-10-29T15:30:00Z,107.88,108,106.71,106.71
2025-10-29T15:35:00Z,106.71,106.995,106.71,106.725
2025-10-29T15:40:00Z,106.8,106.95,106.8,106.95
2025-10-29T15:45:00Z,107.28,107.28,107.16,107.16
2025-10-29T15:50:00Z,107.16,107.28,107.16,107.25
2025-10-29T15:55:00Z,107.52,107.52,107.28,107.28
2025-10-29T16:00:00Z,107.46,107.46,107.46,107.46
2025-10-29T16:10:00Z,107.4,107.4,107.22,107.34
2025-10-29T16:15:00Z,107.55,107.7,107.55,107.7
2025-10-29T16:20:00Z,107.67,107.67,107.55,107.58
2025-10-29T16:25:00Z,107.55,107.91,107.55,107.88
2025-10-29T16:35:00Z,107.61,107.88,107.295,107.295
2025-10-29T16:40:00Z,106.95,106.95,106.74,106.74
2025-10-29T16:45:00Z,106.74,106.74,105.9,106.08
2025-10-29T16:50:00Z,106.35,106.35,106.35,106.35
2025-10-29T16:55:00Z,106.05,106.05,105.48,105.48
2025-10-29T17:00:00Z,105.27,105.27,105.27,105.27
2025-10-29T17:15:00Z,105.69,105.69,105.69,105.69
2025-10-29T17:20:00Z,105.39,105.75,105.39,105.75
2025-10-29T17:35:00Z,105.69,105.69,105.69,105.69
2025-10-29T17:40:00Z,105.3,105.33,105.3,105.3
2025-10-29T17:50:00Z,105.57,105.57,105.57,105.57
2025-10-29T17:55:00Z,105.33,105.45,105.24,105.45
2025-10-29T18:00:00Z,105.87,105.87,105.42,105.42
2025-10-29T18:05:00Z,105.555,106.05,105.555,106.05
2025-10-29T18:15:00Z,105.54,105.75,105.54,105.75
2025-10-29T18:20:00Z,105.63,105.75,105.63,105.75
2025-10-29T18:25:00Z,105.45,105.45,105.45,105.45
2025-10-29T18:30:00Z,105.12,105.72,105.12,105.72
2025-10-29T18:35:00Z,105,105,103.11,103.11
2025-10-29T18:40:00Z,103.26,104.385,103.26,104.385
2025-10-29T18:45:00Z,104.625,104.625,104.205,104.205
2025-10-29T18:50:00Z,104.31,104.31,104.31,104.31
2025-10-29T18:55:00Z,105.54,105.57,105.12,105.45
2025-10-29T19:00:00Z,105.93,106.05,105.93,106.05
2025-10-29T19:05:00Z,105.63,106.5,105.63,106.14
2025-10-29T19:10:00Z,105.81,105.81,105.03,105.03
2025-10-29T19:15:00Z,105,105,104.37,104.49
2025-10-29T19:20:00Z,105.15,105.15,104.97,104.97
2025-10-29T19:25:00Z,105.12,105.12,105.12,105.12
2025-10-29T19:30:00Z,105.3,105.3,105.3,105.3
2025-10-29T19:40:00Z,105.09,105.09,105.09,105.09
2025-10-29T19:45:00Z,105.75,105.75,105.75,105.75
2025-10-29T19:50:00Z,106.8,107.88,106.8,107.745
2025-10-29T19:55:00Z,107.43,107.85,107.43,107.76
2025-10-30T13:30:00Z,104.28,108.3,104.28,105.99
2025-10-30T13:35:00Z,105.765,105.765,104.01,105.06
2025-10-30T13:40:00Z,104.85,105.63,104.85,104.88
2025-10-30T13:45:00Z,105.045,105.9,104.97,104.97
2025-10-30T13:50:00Z,104.76,106.5,104.49,106.155
2025-10-30T13:55:00Z,106.47,108.3,106.47,107.58
2025-10-30T14:00:00Z,107.94,108.21,106.92,106.92
2025-10-30T14:05:00Z,106.92,107.7,106.92,107.01
2025-10-30T14:10:00Z,106.14,107.7,106.14,107.64
2025-10-30T14:15:00Z,107.43,107.43,106.68,106.71
2025-10-30T14:20:00Z,106.23,106.59,105.99,105.99
2025-10-30T14:25:00Z,105.81,106.2,105.81,106.05
2025-10-30T14:30:00Z,105.96,105.96,105.96,105.96
2025-10-30T14:35:00Z,106.23,106.23,106.23,106.23
2025-10-30T14:40:00Z,107.28,107.28,107.1,107.1
2025-10-30T14:45:00Z,107.4,107.52,107.01,107.01
2025-10-30T14:50:00Z,106.995,106.995,106.23,106.23
2025-10-30T14:55:00Z,106.2,106.5,105.885,106.5
2025-10-30T15:00:00Z,107.01,107.01,106.98,106.98
2025-10-30T15:05:00Z,107.91,108.06,107.88,107.88
2025-10-30T15:10:00Z,108.06,108.75,108.06,108.66
2025-10-30T15:15:00Z,108.81,108.99,107.64,107.79
2025-10-30T15:20:00Z,107.64,108,107.64,108
2025-10-30T15:25:00Z,108.36,109.08,108.36,109.08
2025-10-30T15:30:00Z,108.84,108.84,108.84,108.84
2025-10-30T15:35:00Z,108.84,108.84,108.12,108.3
2025-10-30T15:40:00Z,108.06,108.24,108.06,108.24
2025-10-30T15:45:00Z,108.45,108.45,107.73,107.73
2025-10-30T15:50:00Z,108,108.12,107.94,108.12
2025-10-30T15:55:00Z,107.97,107.97,107.97,107.97
2025-10-30T16:00:00Z,108.24,108.24,108.24,108.24
2025-10-30T16:05:00Z,108.21,108.75,108.21,108.54
2025-10-30T16:10:00Z,109.02,109.5,109.02,109.5
2025-10-30T16:15:00Z,109.53,109.89,109.47,109.74
2025-10-30T16:20:00Z,109.5,109.68,109.14,109.14
2025-10-30T16:30:00Z,108.93,108.93,108.63,108.63
2025-10-30T16:35:00Z,108,108.15,107.82,107.82
2025-10-30T16:40:00Z,108,108,108,108
2025-10-30T16:45:00Z,108.12,108.12,108.12,108.12
2025-10-30T16:50:00Z,108.6,108.9,108.6,108.9
2025-10-30T16:55:00Z,109.11,109.17,109.11,109.11
2025-10-30T17:00:00Z,109.02,109.02,109.02,109.02
2025-10-30T17:05:00Z,107.28,107.28,106.68,106.68
2025-10-30T17:10:00Z,106.47,106.65,106.395,106.47
2025-10-30T17:20:00Z,106.83,106.83,106.83,106.83
2025-10-30T17:25:00Z,107.79,108.66,107.79,108.66
2025-10-30T17:35:00Z,108.165,108.165,108.165,108.165
2025-10-30T17:40:00Z,107.43,107.46,107.43,107.46
2025-10-30T17:50:00Z,107.88,107.88,107.88,107.88
2025-10-30T18:00:00Z,107.79,107.79,107.79,107.79
2025-10-30T18:05:00Z,107.49,107.49,107.49,107.49
2025-10-30T18:10:00Z,107.22,107.22,107.22,107.22
2025-10-30T18:15:00Z,106.65,106.86,106.44,106.44
2025-10-30T18:25:00Z,106.53,106.53,106.35,106.35
2025-10-30T18:30:00Z,106.74,106.74,106.5,106.5
2025-10-30T18:35:00Z,106.65,106.65,106.65,106.65
2025-10-30T18:40:00Z,106.26,106.26,106.26,106.26
2025-10-30T18:45:00Z,106.23,106.92,106.23,106.92
2025-10-30T19:10:00Z,106.41,106.41,105.93,105.93
2025-10-30T19:15:00Z,105.75,105.75,104.82,104.85
2025-10-30T19:25:00Z,105.27,105.27,105.27,105.27
2025-10-30T19:30:00Z,105.18,105.18,105.18,105.18
2025-10-30T19:35:00Z,104.4,104.4,104.4,104.4
2025-10-30T19:40:00Z,104.82,104.82,104.82,104.82
2025-10-30T19:45:00Z,104.97,104.97,104.97,104.97
2025-10-30T19:50:00Z,105.48,105.48,104.94,104.94
2025-10-30T19:55:00Z,104.1,104.1,103.68,104.01
2025-10-31T13:30:00Z,103.95,108.45,103.95,108.45
2025-10-31T13:35:00Z,108.66,110.64,108.57,109.68
2025-10-31T13:40:00Z,109.65,111.3,109.5,110.88
2025-10-31T13:45:00Z,110.67,111.12,110.25,110.94
2025-10-31T13:50:00Z,110.82,110.82,109.98,110.22
2025-10-31T13:55:00Z,111,111.87,111,111.36
2025-10-31T14:00:00Z,111.36,112.56,111.315,112.2
2025-10-31T14:05:00Z,112.08,112.83,111.96,112.23
2025-10-31T14:10:00Z,111.96,112.44,111.54,111.54
2025-10-31T14:15:00Z,111.78,111.78,111,111
2025-10-31T14:20:00Z,110.97,111.54,110.4,111.48
2025-10-31T14:25:00Z,111.15,111.48,111.045,111.18
2025-10-31T14:30:00Z,111.15,111.93,111.15,111.81
2025-10-31T14:35:00Z,112.17,113.19,112.17,113.13
2025-10-31T14:40:00Z,113.1,113.55,113.1,113.49
2025-10-31T14:45:00Z,113.67,113.67,113.46,113.46
2025-10-31T14:50:00Z,113.64,113.64,113.1,113.19
2025-10-31T14:55:00Z,113.34,113.76,113.34,113.58
2025-10-31T15:00:00Z,113.55,114,113.55,113.76
2025-10-31T15:05:00Z,113.52,113.52,112.68,112.95
2025-10-31T15:10:00Z,113.43,114,113.43,114
2025-10-31T15:15:00Z,114.27,114.72,114.27,114.39
2025-10-31T15:20:00Z,114.15,114.15,114.09,114.09
2025-10-31T15:25:00Z,113.58,113.58,112.65,112.65
2025-10-31T15:30:00Z,112.8,112.8,112.5,112.5
2025-10-31T15:35:00Z,112.2,112.35,110.64,111.06
2025-10-31T15:40:00Z,110.97,111.06,110.82,111
2025-10-31T15:45:00Z,111.39,111.39,110.7,110.7
2025-10-31T15:55:00Z,110.4,110.4,110.31,110.4
2025-10-31T16:00:00Z,110.25,110.25,109.44,109.56
2025-10-31T16:05:00Z,109.95,110.1,109.95,110.1
2025-10-31T16:10:00Z,109.65,109.89,109.59,109.89
2025-10-31T16:15:00Z,109.98,109.98,109.59,109.59
2025-10-31T16:20:00Z,109.23,109.83,109.2,109.41
2025-10-31T16:25:00Z,109.8,109.83,109.8,109.83
2025-10-31T16:30:00Z,109.89,109.89,109.89,109.89
2025-10-31T16:35:00Z,110.1,110.1,109.5,109.5
2025-10-31T16:45:00Z,109.44,109.44,109.41,109.41
2025-10-31T16:50:00Z,109.44,109.44,109.23,109.23
2025-10-31T16:55:00Z,109.2,109.2,108.9,108.9
2025-10-31T17:05:00Z,108.75,109.02,108.72,108.96
2025-10-31T17:10:00Z,109.05,109.05,108.57,108.99
2025-10-31T17:15:00Z,108.81,109.5,108.78,109.35
2025-10-31T17:20:00Z,110.37,110.43,110.355,110.37
2025-10-31T17:25:00Z,110.37,110.37,110.19,110.19
2025-10-31T17:40:00Z,109.5,109.77,109.47,109.77
2025-10-31T17:50:00Z,109.41,109.41,109.23,109.23
2025-10-31T17:55:00Z,108.51,108.57,108.48,108.57
2025-10-31T18:00:00Z,108.39,108.42,108.3,108.3
2025-10-31T18:05:00Z,108,108,107.79,108
2025-10-31T18:10:00Z,108.09,108.09,108.09,108.09
2025-10-31T18:15:00Z,108.57,108.57,108.57,108.57
2025-10-31T18:25:00Z,108.57,108.57,108.57,108.57
2025-10-31T18:30:00Z,108.51,108.6,107.88,107.88
2025-10-31T18:45:00Z,108.63,108.63,108.63,108.63
2025-10-31T18:50:00Z,108.42,108.42,108.3,108.3
2025-10-31T19:00:00Z,108.51,108.51,108.03,108.03
2025-10-31T19:05:00Z,108.54,108.54,108.54,108.54
2025-10-31T19:10:00Z,108.87,108.9,108.87,108.9
2025-10-31T19:20:00Z,109.02,109.11,109.02,109.08
2025-10-31T19:25:00Z,109.08,109.08,109.08,109.08
2025-10-31T19:30:00Z,109.44,109.47,109.41,109.41
2025-10-31T19:35:00Z,109.62,109.62,109.47,109.47
2025-10-31T19:45:00Z,108.99,108.99,108.99,108.99
2025-10-31T19:50:00Z,109.5,109.5,109.44,109.44
2025-10-31T19:55:00Z,109.53,109.71,109.29,109.29
2025-11-03T14:30:00Z,113.4,114.69,111.36,112.875
2025-11-03T14:35:00Z,112.17,114.33,112.14,113.07
2025-11-03T14:40:00Z,113.13,113.85,111.78,112.08
2025-11-03T14:45:00Z,111.75,112.26,110.82,111.3
2025-11-03T14:50:00Z,111.42,111.42,110.4,110.4
2025-11-03T14:55:00Z,111.27,111.3,109.8,109.8
2025-11-03T15:00:00Z,110.07,110.07,108.48,108.48
2025-11-03T15:05:00Z,108.72,108.78,108,108
2025-11-03T15:10:00Z,107.88,109.56,107.88,109.56
2025-11-03T15:15:00Z,110.04,110.04,110.04,110.04
2025-11-03T15:20:00Z,109.5,109.5,109.2,109.2
2025-11-03T15:25:00Z,108.57,108.855,106.38,106.38
2025-11-03T15:30:00Z,106.35,106.35,105.42,105.48
2025-11-03T15:35:00Z,105.48,106.86,105.48,106.86
2025-11-03T15:40:00Z,106.92,106.92,106.74,106.8
2025-11-03T15:45:00Z,106.59,106.59,105.3,105.33
2025-11-03T15:50:00Z,105.12,105.12,105,105.12
2025-11-03T15:55:00Z,104.82,105.75,104.79,105.27
2025-11-03T16:00:00Z,105.51,105.51,105.27,105.27
2025-11-03T16:05:00Z,105.45,105.45,105,105
2025-11-03T16:10:00Z,104.97,105.075,104.7,104.7
2025-11-03T16:15:00Z,104.97,105,104.97,105
2025-11-03T16:25:00Z,104.88,104.88,104.88,104.88
2025-11-03T16:30:00Z,104.64,104.91,104.4,104.88
2025-11-03T16:35:00Z,104.58,105.36,104.58,105.36
2025-11-03T16:40:00Z,105.75,106.02,105.75,106.02
2025-11-03T16:45:00Z,106.23,106.5,106.05,106.05
2025-11-03T16:50:00Z,105.72,105.72,105.3,105.3
2025-11-03T16:55:00Z,105.48,105.48,105.36,105.36
2025-11-03T17:00:00Z,105,105,103.8,103.8
2025-11-03T17:05:00Z,103.95,104.04,103.95,104.04
2025-11-03T17:10:00Z,105.06,105.06,105.06,105.06
2025-11-03T17:20:00Z,105.6,105.6,105.48,105.48
2025-11-03T17:25:00Z,105.36,105.36,105.36,105.36
2025-11-03T17:30:00Z,106.53,106.53,106.53,106.53
2025-11-03T17:35:00Z,107.16,107.16,107.13,107.13
2025-11-03T17:40:00Z,107.175,107.175,107.175,107.175
2025-11-03T17:50:00Z,107.91,107.91,107.91,107.91
2025-11-03T17:55:00Z,107.4,107.55,107.265,107.55
2025-11-03T18:05:00Z,107.58,107.7,107.52,107.52
2025-11-03T18:15:00Z,107.1,107.64,107.1,107.64
2025-11-03T18:20:00Z,107.22,107.22,107.22,107.22
2025-11-03T18:25:00Z,107.76,107.76,107.76,107.76
2025-11-03T18:30:00Z,107.88,107.88,107.88,107.88
2025-11-03T18:35:00Z,108.27,108.75,108.27,108.75
2025-11-03T18:40:00Z,108.6,108.6,108.39,108.39
2025-11-03T18:45:00Z,108.39,108.39,108.39,108.39
2025-11-03T18:50:00Z,108.54,108.6,108.09,108.12
2025-11-03T19:00:00Z,107.91,107.91,107.79,107.79
2025-11-03T19:05:00Z,107.67,108.045,107.67,107.88
2025-11-03T19:10:00Z,107.37,107.52,107.37,107.52
2025-11-03T19:15:00Z,107.52,107.52,107.13,107.13
2025-11-03T19:30:00Z,107.1,107.1,107.1,107.1
2025-11-03T19:35:00Z,107.19,107.19,107.16,107.16
2025-11-03T19:40:00Z,107.19,107.19,107.19,107.19
2025-11-03T19:55:00Z,107.4,107.61,107.4,107.61
2025-11-03T20:00:00Z,108,108,107.73,107.79
2025-11-03T20:10:00Z,106.8,106.8,106.8,106.8
2025-11-03T20:20:00Z,107.64,107.64,107.64,107.64
2025-11-03T20:25:00Z,107.82,107.82,107.4,107.4
2025-11-03T20:40:00Z,108.66,108.66,108.45,108.45
2025-11-03T20:45:00Z,108.39,108.39,108.39,108.39
2025-11-03T20:50:00Z,108.21,108.21,108,108.12
2025-11-03T20:55:00Z,107.85,107.85,107.52,107.52
2025-11-04T14:30:00Z,106.38,106.38,101.4,101.4
2025-11-04T14:35:00Z,100.83,101.88,99.66,101.49
2025-11-04T14:40:00Z,101.31,103.11,101.25,102.99
2025-11-04T14:45:00Z,102.75,103.41,102.33,103.11
2025-11-04T14:50:00Z,103.14,105.21,103.14,105.21
2025-11-04T14:55:00Z,105.84,106.47,105.27,106.17
2025-11-04T15:00:00Z,105.69,105.93,104.16,104.25
2025-11-04T15:05:00Z,104.55,104.76,104.22,104.76
2025-11-04T15:10:00Z,104.64,104.7,104.13,104.49
2025-11-04T15:15:00Z,105.06,105.69,105.06,105.51
2025-11-04T15:20:00Z,105.6,105.6,105.6,105.6
2025-11-04T15:25:00Z,106.35,106.35,106.02,106.29
2025-11-04T15:30:00Z,106.05,106.05,105.69,105.69
2025-11-04T15:35:00Z,105.87,106.2,105.87,106.2
2025-11-04T15:40:00Z,105.87,105.87,105.87,105.87
2025-11-04T15:45:00Z,105.3,105.3,104.4,104.4
2025-11-04T15:50:00Z,103.8,103.8,103.5,103.56
2025-11-04T15:55:00Z,103.83,103.83,103.2,103.2
2025-11-04T16:00:00Z,104.37,104.37,104.34,104.34
2025-11-04T16:05:00Z,103.77,103.8,103.77,103.8
2025-11-04T16:10:00Z,104.61,104.61,104.61,104.61
2025-11-04T16:15:00Z,104.91,104.91,104.91,104.91
2025-11-04T16:20:00Z,104.85,104.85,104.25,104.25
2025-11-04T16:25:00Z,104.07,104.07,104.07,104.07
2025-11-04T16:40:00Z,104.7,104.73,104.7,104.73
2025-11-04T16:45:00Z,104.25,104.52,104.16,104.16
2025-11-04T16:50:00Z,103.92,103.92,103.92,103.92
2025-11-04T16:55:00Z,104.7,104.7,104.1,104.28
2025-11-04T17:00:00Z,104.85,105,104.85,104.94
2025-11-04T17:05:00Z,104.73,104.73,104.73,104.73
2025-11-04T17:25:00Z,105.03,105.03,104.85,104.85
2025-11-04T17:30:00Z,105,105,105,105
2025-11-04T17:35:00Z,105,105,104.82,104.82
2025-11-04T17:40:00Z,104.4,104.4,104.28,104.28
2025-11-04T17:45:00Z,105.12,105.12,104.85,104.85
2025-11-04T17:50:00Z,104.85,104.85,104.49,104.49
2025-11-04T17:55:00Z,103.98,103.98,103.98,103.98
2025-11-04T18:00:00Z,103.83,103.83,102.93,102.93
2025-11-04T18:05:00Z,102.78,102.78,102.75,102.75
2025-11-04T18:10:00Z,103.23,103.26,103.23,103.26
2025-11-04T18:15:00Z,103.14,103.14,102.51,102.51
2025-11-04T18:20:00Z,102.12,102.3,101.46,101.58
2025-11-04T18:25:00Z,101.37,101.4,99.9,100.65
2025-11-04T18:30:00Z,101.16,101.16,100.83,100.83
2025-11-04T18:35:00Z,100.86,100.86,100.59,100.59
2025-11-04T18:40:00Z,100.56,101.04,100.56,101.04
2025-11-04T18:50:00Z,101.79,101.79,101.79,101.79
2025-11-04T19:00:00Z,103.05,103.2,103.05,103.2
2025-11-04T19:05:00Z,102.63,102.885,102.63,102.885
2025-11-04T19:10:00Z,102.21,102.21,102.21,102.21
2025-11-04T19:20:00Z,102.6,102.6,102.24,102.24
2025-11-04T19:25:00Z,102,102,102,102
2025-11-04T19:30:00Z,101.79,101.79,101.79,101.79
2025-11-04T19:35:00Z,101.22,101.22,101.22,101.22
2025-11-04T19:50:00Z,100.98,100.98,100.98,100.98
2025-11-04T20:05:00Z,101.97,101.97,101.97,101.97
2025-11-04T20:10:00Z,101.4,101.4,101.4,101.4
2025-11-04T20:25:00Z,102.54,102.54,102.525,102.525
2025-11-04T20:35:00Z,102.21,102.21,102.15,102.15
2025-11-04T20:40:00Z,102.15,102.15,102.15,102.15
2025-11-04T20:45:00Z,102.18,102.18,102.18,102.18
2025-11-04T20:50:00Z,101.76,101.76,100.95,100.95
2025-11-04T20:55:00Z,100.53,100.53,99.45,99.57
2025-11-05T14:30:00Z,99.855,99.855,94.8,95.34
2025-11-05T14:35:00Z,96.27,98.67,96.27,98.07
2025-11-05T14:40:00Z,97.68,97.71,94.41,94.41
2025-11-05T14:45:00Z,94.2,97.08,93.42,97.08
2025-11-05T14:50:00Z,97.95,98.01,96.54,97.23
2025-11-05T14:55:00Z,97.32,97.8,97.08,97.5
2025-11-05T15:00:00Z,98.04,98.46,97.56,97.56
2025-11-05T15:05:00Z,98.01,98.01,97.05,97.2
2025-11-05T15:10:00Z,97.2,97.89,97.14,97.89
2025-11-05T15:15:00Z,98.07,99.09,98.07,99.09
2025-11-05T15:20:00Z,99.24,99.99,99.24,99.9
2025-11-05T15:25:00Z,99.96,100.47,99.87,100.11
2025-11-05T15:30:00Z,100.2,101.1,100.2,100.5
2025-11-05T15:35:00Z,100.2,100.2,99.96,100.08
2025-11-05T15:40:00Z,100.26,100.35,99.9,99.9
2025-11-05T15:45:00Z,99.9,100.2,99.6,99.6
2025-11-05T15:50:00Z,99.6,99.93,99.45,99.75
2025-11-05T15:55:00Z,99.45,99.93,99.39,99.54
2025-11-05T16:00:00Z,99.18,99.18,98.4,98.55
2025-11-05T16:05:00Z,98.4,98.67,98.31,98.31
2025-11-05T16:10:00Z,97.95,97.95,97.32,97.32
2025-11-05T16:15:00Z,97.62,97.65,97.14,97.14
2025-11-05T16:20:00Z,97.02,97.5,96.75,96.75
2025-11-05T16:25:00Z,97.11,97.5,97.11,97.35
2025-11-05T16:30:00Z,97.65,98.04,97.14,98.04
2025-11-05T16:35:00Z,98.1,98.1,97.95,97.95
2025-11-05T16:40:00Z,98.31,98.7,97.71,98.58
2025-11-05T16:45:00Z,98.595,98.73,98.55,98.58
2025-11-05T16:50:00Z,98.58,98.76,98.19,98.55
2025-11-05T16:55:00Z,98.76,98.85,98.67,98.82
2025-11-05T17:00:00Z,98.7,99.12,98.7,99.12
2025-11-05T17:05:00Z,98.835,98.88,98.61,98.88
2025-11-05T17:10:00Z,99.03,99.03,99.03,99.03
2025-11-05T17:15:00Z,99.15,99.15,99.15,99.15
2025-11-05T17:20:00Z,99.45,99.48,99.21,99.48
2025-11-05T17:25:00Z,99.27,99.36,99.24,99.36
2025-11-05T17:30:00Z,99.75,99.75,99.51,99.75
2025-11-05T17:35:00Z,100.2,100.29,100.2,100.29
2025-11-05T17:40:00Z,100.35,100.53,100.23,100.53
2025-11-05T17:45:00Z,100.5,100.5,100.5,100.5
2025-11-05T17:50:00Z,100.26,100.32,99.87,99.87
2025-11-05T17:55:00Z,99.6,99.6,99.6,99.6
2025-11-05T18:00:00Z,99.75,99.75,99.69,99.72
2025-11-05T18:05:00Z,100.02,100.32,99.87,99.9
2025-11-05T18:10:00Z,100.68,100.68,100.17,100.32
2025-11-05T18:20:00Z,100.26,100.29,100.26,100.29
2025-11-05T18:25:00Z,100.35,100.35,100.35,100.35
2025-11-05T18:30:00Z,100.62,100.62,100.02,100.02
2025-11-05T18:35:00Z,99.6,100.11,99.6,100.11
2025-11-05T18:40:00Z,100.74,100.74,100.74,100.74
2025-11-05T18:45:00Z,100.53,100.59,100.53,100.59
2025-11-05T18:50:00Z,100.35,101.34,100.35,101.34
2025-11-05T18:55:00Z,100.98,100.98,100.5,100.5
2025-11-05T19:00:00Z,100.56,101.1,100.56,100.74
2025-11-05T19:05:00Z,100.8,101.25,100.8,101.1
2025-11-05T19:10:00Z,101.1,101.64,101.1,101.64
2025-11-05T19:15:00Z,101.85,102.63,101.82,102.48
2025-11-05T19:20:00Z,102.45,102.99,102.45,102.69
2025-11-05T19:25:00Z,103.44,103.5,102.9,102.9
2025-11-05T19:30:00Z,102.9,102.9,102.57,102.66
2025-11-05T19:35:00Z,102.96,102.99,102.81,102.81
2025-11-05T19:40:00Z,102.54,102.54,102.54,102.54
2025-11-05T19:45:00Z,102.78,102.81,102.78,102.81
2025-11-05T19:50:00Z,102.81,103.2,102.81,103.08
2025-11-05T19:55:00Z,103.08,103.08,102.81,103.02
2025-11-05T20:00:00Z,102.96,102.96,102.69,102.69
2025-11-05T20:05:00Z,102.99,103.17,102.93,103.17
2025-11-05T20:10:00Z,103.2,103.2,103.2,103.2
2025-11-05T20:15:00Z,103.2,103.53,103.2,103.53
2025-11-05T20:20:00Z,103.68,104.01,103.5,103.5
2025-11-05T20:25:00Z,103.35,103.47,103.32,103.32
2025-11-05T20:30:00Z,103.41,103.86,103.41,103.86
2025-11-05T20:35:00Z,104.01,104.22,103.89,104.1
2025-11-05T20:40:00Z,103.92,104.31,103.77,103.83
2025-11-05T20:45:00Z,103.8,103.95,103.56,103.8
2025-11-05T20:50:00Z,103.89,103.89,103.2,103.47
2025-11-05T20:55:00Z,103.62,103.62,102.12,102.27
2025-11-06T14:30:00Z,112.08,114.87,108.6,110.07
2025-11-06T14:35:00Z,110.52,111,106.17,107.16
2025-11-06T14:40:00Z,106.56,108.27,106.2,107.01
2025-11-06T14:45:00Z,106.5,111.72,106.455,106.86
2025-11-06T14:50:00Z,107.43,107.52,102.39,102.54
2025-11-06T14:55:00Z,102.48,102.75,99,101.82
2025-11-06T15:00:00Z,102.09,102.63,100.5,100.86
2025-11-06T15:05:00Z,101.22,104.52,101.22,103.065
2025-11-06T15:10:00Z,103.29,105.09,102.315,102.315
2025-11-06T15:15:00Z,102.27,103.2,102,102.48
2025-11-06T15:20:00Z,102.87,103.68,101.52,103.08
2025-11-06T15:25:00Z,103.77,104.4,102.15,103.05
2025-11-06T15:30:00Z,102.87,103.89,102.63,102.63
2025-11-06T15:35:00Z,102.63,103.2,101.67,101.67
2025-11-06T15:40:00Z,101.7,105.6,101.25,104.235
2025-11-06T15:45:00Z,104.16,105.9,104.07,105.45
2025-11-06T15:50:00Z,106.2,107.13,105.825,106.62
2025-11-06T15:55:00Z,106.59,107.82,106.26,107.13
2025-11-06T16:00:00Z,107.16,107.19,106.35,106.35
2025-11-06T16:05:00Z,106.98,107.4,104.7,104.7
2025-11-06T16:10:00Z,104.82,105.36,104.52,105.36
2025-11-06T16:15:00Z,105.87,107.46,105.6,107.19
2025-11-06T16:20:00Z,106.98,108,106.95,107.4
2025-11-06T16:25:00Z,107.7,108.9,107.265,108.9
2025-11-06T16:30:00Z,108.9,110.4,108.675,110.055
2025-11-06T16:35:00Z,109.89,110.55,109.89,110.16
2025-11-06T16:40:00Z,110.37,112.2,110.1,112.05
2025-11-06T16:45:00Z,111.81,111.81,108.855,109.2
2025-11-06T16:50:00Z,108.87,109.02,107.01,107.16
2025-11-06T16:55:00Z,107.145,107.61,105.96,105.96
2025-11-06T17:00:00Z,106.56,106.56,105.51,105.57
2025-11-06T17:05:00Z,105,105.705,104.295,105.705
2025-11-06T17:10:00Z,106.53,106.605,106.005,106.605
2025-11-06T17:15:00Z,106.5,106.8,106.5,106.62
2025-11-06T17:20:00Z,106.14,106.26,105,105.09
2025-11-06T17:25:00Z,104.88,105.45,104.64,105.45
2025-11-06T17:30:00Z,105.18,105.18,105,105
2025-11-06T17:35:00Z,105.195,105.195,104.475,104.475
2025-11-06T17:40:00Z,105.3,105.81,105.3,105.585
2025-11-06T17:45:00Z,105.45,105.51,105.3,105.405
2025-11-06T17:50:00Z,105.225,105.81,105.21,105.81
2025-11-06T17:55:00Z,105.735,105.735,105.12,105.12
2025-11-06T18:00:00Z,105.33,105.78,103.5,103.5
2025-11-06T18:05:00Z,103.53,103.53,102.81,103.2
2025-11-06T18:10:00Z,102.9,103.23,102,103.23
2025-11-06T18:15:00Z,103.605,103.605,103.5,103.5
2025-11-06T18:20:00Z,104.25,104.25,104.25,104.25
2025-11-06T18:25:00Z,105,106.26,105,106.26
2025-11-06T18:30:00Z,106.26,108,106.2,107.43
2025-11-06T18:35:00Z,107.52,107.76,106.92,107.76
2025-11-06T18:40:00Z,107.34,107.58,107.19,107.19
2025-11-06T18:45:00Z,107.265,108,107.265,108
2025-11-06T18:50:00Z,107.46,107.46,107.04,107.04
2025-11-06T18:55:00Z,106.71,106.74,106.65,106.74
2025-11-06T19:00:00Z,106.95,107.16,106.935,107.16
2025-11-06T19:05:00Z,108,108,107.7,108
2025-11-06T19:10:00Z,108.48,108.9,108.48,108.9
2025-11-06T19:15:00Z,108.06,108.06,108.06,108.06
2025-11-06T19:20:00Z,106.8,107.13,106.755,107.13
2025-11-06T19:25:00Z,107.4,107.4,107.115,107.16
2025-11-06T19:30:00Z,107.235,107.235,107.235,107.235
2025-11-06T19:35:00Z,107.94,108.15,107.94,108.15
2025-11-06T19:40:00Z,107.73,107.73,106.65,106.65
2025-11-06T19:45:00Z,106.815,107.19,106.74,106.74
2025-11-06T19:50:00Z,107.04,107.04,104.55,104.55
2025-11-06T19:55:00Z,104.43,105.18,104.43,105.18
2025-11-06T20:00:00Z,104.52,104.64,104.13,104.64
2025-11-06T20:05:00Z,104.4,104.7,104.1,104.7
2025-11-06T20:10:00Z,104.94,104.94,104.52,104.52
2025-11-06T20:15:00Z,103.86,103.86,102.51,102.51
2025-11-06T20:20:00Z,102.465,103.095,102.465,102.96
2025-11-06T20:25:00Z,102.9,102.9,101.94,101.94
2025-11-06T20:30:00Z,101.73,101.94,101.31,101.94
2025-11-06T20:35:00Z,102,102.39,102,102.03
2025-11-06T20:40:00Z,101.16,102.03,100.68,101.61
2025-11-06T20:45:00Z,101.31,102.24,100.98,102.24
2025-11-06T20:50:00Z,103.365,104.61,103.11,103.695
2025-11-06T20:55:00Z,103.83,104.16,103.275,103.275
2025-11-07T14:30:00Z,100.59,100.59,96.72,99.195
2025-11-07T14:35:00Z,99.63,99.63,94.83,94.83
2025-11-07T14:40:00Z,94.59,96.6,94.59,96.6
2025-11-07T14:45:00Z,98.25,98.25,93.33,94.2
2025-11-07T14:50:00Z,94.29,95.895,94.2,95.835
2025-11-07T14:55:00Z,96.855,98.25,96.6,96.6
2025-11-07T15:00:00Z,96.765,96.78,93.705,93.81
2025-11-07T15:05:00Z,93.87,93.87,92.1,92.85
2025-11-07T15:10:00Z,94.26,94.5,93.99,94.38
2025-11-07T15:15:00Z,94.95,94.95,94.2,94.86
2025-11-07T15:20:00Z,95.52,96.18,95.49,96.15
2025-11-07T15:25:00Z,95.595,95.985,95.595,95.82
2025-11-07T15:30:00Z,95.25,95.76,94.74,95.1
2025-11-07T15:35:00Z,94.65,94.65,94.47,94.47
2025-11-07T15:40:00Z,94.32,94.56,93.63,93.63
2025-11-07T15:45:00Z,93.33,93.33,92.4,92.4
2025-11-07T15:50:00Z,92.73,92.85,92.67,92.76
2025-11-07T15:55:00Z,91.65,91.65,91.14,91.14
2025-11-07T16:00:00Z,90.96,91.44,90.9,90.96
2025-11-07T16:05:00Z,91.08,91.14,90.48,90.75
2025-11-07T16:10:00Z,90.72,90.9,90.69,90.78
2025-11-07T16:15:00Z,91.2,91.2,90.9,91.11
2025-11-07T16:20:00Z,92.1,93,91.89,93
2025-11-07T16:25:00Z,92.565,92.565,91.77,91.77
2025-11-07T16:30:00Z,91.41,91.83,91.41,91.755
2025-11-07T16:35:00Z,91.59,91.59,91.41,91.41
2025-11-07T16:40:00Z,91.11,91.35,91.08,91.35
2025-11-07T16:45:00Z,91.59,91.59,90.75,90.75
2025-11-07T16:50:00Z,91.56,91.56,91.56,91.56
2025-11-07T16:55:00Z,90.84,90.84,90.3,90.39
2025-11-07T17:00:00Z,90.66,90.66,89.595,89.595
2025-11-07T17:05:00Z,88.8,89.52,88.8,89.52
2025-11-07T17:10:00Z,89.22,90.69,89.22,90.69
2025-11-07T17:15:00Z,90.81,91.44,90.66,91.44
2025-11-07T17:20:00Z,92.4,92.4,92.4,92.4
2025-11-07T17:25:00Z,93.39,93.51,92.76,93.51
2025-11-07T17:30:00Z,94.245,94.35,94.23,94.35
2025-11-07T17:35:00Z,94.17,94.5,94.17,94.44
2025-11-07T17:40:00Z,94.47,94.68,94.32,94.68
2025-11-07T17:45:00Z,94.71,94.77,94.62,94.71
2025-11-07T17:50:00Z,95.01,95.01,95.01,95.01
2025-11-07T17:55:00Z,96,96.69,96,96.69
2025-11-07T18:00:00Z,96.75,96.75,96.75,96.75
2025-11-07T18:05:00Z,96.66,97.05,96.66,97.05
2025-11-07T18:10:00Z,97.29,97.53,97.29,97.53
2025-11-07T18:15:00Z,98.64,99,98.64,99
2025-11-07T18:20:00Z,98.85,100.11,98.82,100.11
2025-11-07T18:25:00Z,101.1,101.31,100.83,101.04
2025-11-07T18:30:00Z,100.425,100.98,100.26,100.26
2025-11-07T18:35:00Z,100.23,100.23,99.9,99.9
2025-11-07T18:40:00Z,100.83,100.83,100.83,100.83
2025-11-07T18:45:00Z,100.83,100.83,100.425,100.425
2025-11-07T18:50:00Z,100.335,100.335,99,99
2025-11-07T18:55:00Z,98.91,100.14,98.91,100.14
2025-11-07T19:00:00Z,100.53,100.53,99.75,99.75
2025-11-07T19:10:00Z,99.99,100.17,99.99,100.17
2025-11-07T19:15:00Z,99.48,99.75,99.42,99.75
2025-11-07T19:25:00Z,99.585,99.585,99.585,99.585
2025-11-07T19:30:00Z,100.5,100.92,100.41,100.92
2025-11-07T19:35:00Z,100.725,100.725,100.71,100.71
2025-11-07T19:40:00Z,101.94,102.21,101.94,102.21
2025-11-07T19:45:00Z,102.69,102.69,102.15,102.15
2025-11-07T19:50:00Z,102.78,103.17,102.75,103.17
2025-11-07T19:55:00Z,102.87,103.44,102.87,103.35
2025-11-07T20:00:00Z,103.5,103.98,103.5,103.98
2025-11-07T20:05:00Z,104.07,104.61,103.56,104.4
2025-11-07T20:10:00Z,104.265,105,104.265,104.76
2025-11-07T20:15:00Z,104.67,104.79,104.205,104.205
2025-11-07T20:20:00Z,104.34,104.43,103.89,104.325
2025-11-07T20:25:00Z,104.16,104.325,104.16,104.325
2025-11-07T20:30:00Z,103.95,104.31,103.95,104.31
2025-11-07T20:35:00Z,104.88,105.9,104.88,105.9
2025-11-07T20:40:00Z,106.05,107.25,106.05,107.25
2025-11-07T20:45:00Z,107.4,107.4,105.9,105.9
2025-11-07T20:50:00Z,104.7,104.88,103.11,103.11
2025-11-07T20:55:00Z,102,103.71,102,103.2
2025-11-10T14:30:00Z,108.96,114.6,108.9,114.6
2025-11-10T14:35:00Z,114.525,118.8,114.525,118.5
2025-11-10T14:40:00Z,119.1,121.14,118.53,119.49
2025-11-10T14:45:00Z,119.61,120.36,118.65,119.55
2025-11-10T14:50:00Z,119.46,119.79,117.6,119.01
2025-11-10T14:55:00Z,119.04,119.31,117.33,117.33
2025-11-10T15:00:00Z,117.18,117.51,115.83,115.95
2025-11-10T15:05:00Z,115.5,116.13,114.99,116.1
2025-11-10T15:10:00Z,116.19,116.7,115.35,116.01
2025-11-10T15:15:00Z,116.1,116.49,115.8,116.49
2025-11-10T15:20:00Z,115.95,117.09,115.95,117
2025-11-10T15:25:00Z,117.27,117.57,116.82,117.3
2025-11-10T15:30:00Z,117.54,117.69,117.12,117.69
2025-11-10T15:35:00Z,117.765,117.765,117.21,117.21
2025-11-10T15:40:00Z,117.78,118.65,117.78,118.26
2025-11-10T15:45:00Z,118.26,118.26,115.98,116.22
2025-11-10T15:50:00Z,116.25,116.52,114.9,114.9
2025-11-10T15:55:00Z,115.2,115.23,114.66,115.005
2025-11-10T16:00:00Z,114.51,115.32,114.36,114.42
2025-11-10T16:05:00Z,114,114.42,113.34,114.3
2025-11-10T16:10:00Z,115.05,115.05,113.31,113.31
2025-11-10T16:15:00Z,113.52,113.52,112.8,113.07
2025-11-10T16:20:00Z,113.28,113.37,112.5,112.53
2025-11-10T16:25:00Z,112.38,113.46,112.2,113.46
2025-11-10T16:30:00Z,113.7,114.81,113.7,114.33
2025-11-10T16:35:00Z,114.45,114.54,114.36,114.36
2025-11-10T16:40:00Z,114,115.17,114,114.63
2025-11-10T16:45:00Z,114.18,114.18,113.97,114.105
2025-11-10T16:50:00Z,114.48,114.48,114.15,114.15
2025-11-10T16:55:00Z,114,114.54,114,114.27
2025-11-10T17:00:00Z,114.36,114.87,114.36,114.84
2025-11-10T17:05:00Z,114.15,114.15,113.25,113.25
2025-11-10T17:10:00Z,113.13,113.13,112.98,112.98
2025-11-10T17:15:00Z,112.5,113.19,112.47,113.19
2025-11-10T17:20:00Z,113.34,114,113.34,114
2025-11-10T17:25:00Z,113.55,113.58,113.55,113.58
2025-11-10T17:30:00Z,114.24,114.24,114.24,114.24
2025-11-10T17:35:00Z,113.88,114.21,113.88,114.21
2025-11-10T17:40:00Z,114.48,114.84,114.48,114.78
2025-11-10T17:45:00Z,114.6,114.63,114.6,114.63
2025-11-10T17:50:00Z,114.45,114.45,113.97,113.97
2025-11-10T17:55:00Z,113.34,113.43,113.01,113.01
2025-11-10T18:00:00Z,113.16,113.16,113.16,113.16
2025-11-10T18:05:00Z,113.31,113.55,113.25,113.46
2025-11-10T18:10:00Z,113.73,114,113.73,114
2025-11-10T18:20:00Z,113.01,113.04,113.01,113.04
2025-11-10T18:25:00Z,113.25,113.25,113.25,113.25
2025-11-10T18:30:00Z,113.22,113.22,113.04,113.07
2025-11-10T18:35:00Z,113.28,113.28,113.01,113.01
2025-11-10T18:40:00Z,112.59,112.59,111.78,111.9
2025-11-10T18:45:00Z,111.63,111.63,111,111
2025-11-10T18:50:00Z,111.03,111.51,111.03,111.03
2025-11-10T18:55:00Z,111.63,111.87,111.57,111.795
2025-11-10T19:00:00Z,111.51,111.51,111.3,111.3
2025-11-10T19:05:00Z,112.47,112.89,112.47,112.755
2025-11-10T19:10:00Z,113.22,113.277,112.86,113.277
2025-11-10T19:15:00Z,112.695,112.89,112.695,112.89
2025-11-10T19:20:00Z,112.62,112.62,112.62,112.62
2025-11-10T19:25:00Z,113.04,113.04,112.89,112.89
2025-11-10T19:30:00Z,112.53,112.56,112.53,112.56
2025-11-10T19:40:00Z,113.07,113.07,113.07,113.07
2025-11-10T19:45:00Z,113.85,114,113.79,113.82
2025-11-10T19:50:00Z,113.7,113.7,113.7,113.7
2025-11-10T19:55:00Z,114.09,114.09,114.03,114.03
2025-11-10T20:00:00Z,114.09,114.09,114,114
2025-11-10T20:05:00Z,113.97,114.24,113.97,114.24
2025-11-10T20:10:00Z,113.34,113.34,113.25,113.25
2025-11-10T20:25:00Z,113.25,113.31,113.25,113.31
2025-11-10T20:30:00Z,113.37,113.37,113.22,113.22
2025-11-10T20:35:00Z,113.61,113.64,113.49,113.64
2025-11-10T20:40:00Z,114,114,114,114
2025-11-10T20:45:00Z,114,114,114,114
2025-11-10T20:50:00Z,113.1,113.49,112.59,112.98
2025-11-10T20:55:00Z,113.43,113.43,113.4,113.4
2025-11-11T14:30:00Z,111.42,111.42,108.99,109.11
2025-11-11T14:35:00Z,109.17,109.215,107.01,107.88
2025-11-11T14:40:00Z,107.64,107.67,104.91,105.48
2025-11-11T14:45:00Z,106.155,106.155,101.94,102.36
2025-11-11T14:50:00Z,102,102.24,100.56,101.775
2025-11-11T14:55:00Z,101.25,101.91,100.65,101.88
2025-11-11T15:00:00Z,101.61,101.61,99.9,100.05
2025-11-11T15:05:00Z,100.14,100.14,98.67,98.88
2025-11-11T15:10:00Z,99.15,99.15,97.455,97.455
2025-11-11T15:15:00Z,97.47,99.54,97.35,99.18
2025-11-11T15:20:00Z,99.18,99.87,99,99.27
2025-11-11T15:25:00Z,99,99,97.32,97.5
2025-11-11T15:30:00Z,97.2,97.2,96.21,96.27
2025-11-11T15:35:00Z,96.3,97.02,95.85,96.48
2025-11-11T15:40:00Z,96.6,97.08,96.3,97.08
2025-11-11T15:45:00Z,96.9,96.9,95.64,95.97
2025-11-11T15:50:00Z,95.865,95.865,94.8,94.86
2025-11-11T15:55:00Z,94.8,94.83,93.96,94.26
2025-11-11T16:00:00Z,94.05,94.29,93.45,93.45
2025-11-11T16:05:00Z,93.3,93.54,92.85,93.3
2025-11-11T16:10:00Z,93.18,93.57,92.97,93.48
2025-11-11T16:15:00Z,93.57,94.38,93.24,93.96
2025-11-11T16:20:00Z,93.54,94.14,93.36,93.84
2025-11-11T16:25:00Z,93.48,93.48,92.55,93.33
2025-11-11T16:30:00Z,93.15,93.15,92.85,93.15
2025-11-11T16:35:00Z,93.03,93.3,93.03,93.09
2025-11-11T16:40:00Z,93.09,93.36,91.59,91.71
2025-11-11T16:45:00Z,91.68,92.22,91.5,91.5
2025-11-11T16:50:00Z,91.29,91.5,90.66,91.26
2025-11-11T16:55:00Z,91.08,91.14,90.18,90.18
2025-11-11T17:00:00Z,90.21,91.2,90.21,90.87
2025-11-11T17:05:00Z,91.665,92.85,91.665,92.55
2025-11-11T17:10:00Z,92.4,92.4,91.38,91.44
2025-11-11T17:15:00Z,91.17,91.23,90.75,90.93
2025-11-11T17:20:00Z,91.35,91.38,90.78,90.78
2025-11-11T17:25:00Z,90.75,90.81,89.76,90.48
2025-11-11T17:30:00Z,90.6,90.6,90.42,90.42
2025-11-11T17:35:00Z,90.48,90.48,90.06,90.36
2025-11-11T17:40:00Z,90.12,90.42,90.12,90.42
2025-11-11T17:45:00Z,90.3,90.75,90.165,90.75
2025-11-11T17:50:00Z,90.75,91.74,90.465,91.53
2025-11-11T17:55:00Z,91.65,92.4,91.65,91.86
2025-11-11T18:00:00Z,92.025,92.19,91.65,91.71
2025-11-11T18:05:00Z,91.98,92.415,91.8,91.8
2025-11-11T18:10:00Z,91.815,91.995,91.8,91.8
2025-11-11T18:15:00Z,91.8,91.86,91.5,91.86
2025-11-11T18:20:00Z,92.4,92.73,92.28,92.55
2025-11-11T18:25:00Z,92.67,92.7,92.43,92.43
2025-11-11T18:30:00Z,91.95,93,91.8,93
2025-11-11T18:35:00Z,93,93,92.43,92.925
2025-11-11T18:40:00Z,93.555,94.17,93.555,94.17
2025-11-11T18:45:00Z,94.41,95.31,94.2,95.25
2025-11-11T18:50:00Z,95.25,95.82,95.22,95.82
2025-11-11T18:55:00Z,95.565,95.76,95.55,95.73
2025-11-11T19:00:00Z,95.7,96,95.1,96
2025-11-11T19:05:00Z,95.58,95.61,95.25,95.25
2025-11-11T19:10:00Z,95.58,95.58,95.1,95.1
2025-11-11T19:15:00Z,95.55,96.135,95.55,96
2025-11-11T19:20:00Z,95.91,96.15,95.85,95.88
2025-11-11T19:25:00Z,95.7,96,95.64,95.7
2025-11-11T19:30:00Z,96,96.21,95.1,95.1
2025-11-11T19:35:00Z,95.07,95.31,95.07,95.1
2025-11-11T19:40:00Z,95.22,95.94,95.22,95.94
2025-11-11T19:45:00Z,95.91,96.897,95.91,96.897
2025-11-11T19:50:00Z,96.66,97.53,96.285,97.35
2025-11-11T19:55:00Z,97.5,97.59,97.17,97.17
2025-11-11T20:00:00Z,97.2,97.2,96.9,96.9
2025-11-11T20:05:00Z,96.96,97.23,96.96,97.2
2025-11-11T20:10:00Z,97.05,97.47,97.02,97.2
2025-11-11T20:15:00Z,97.02,97.02,97.02,97.02
2025-11-11T20:20:00Z,96.87,97.14,96.21,96.81
2025-11-11T20:25:00Z,96.51,96.51,95.85,95.85
2025-11-11T20:30:00Z,96.12,96.12,94.71,94.74
2025-11-11T20:35:00Z,94.83,94.83,94.32,94.32
2025-11-11T20:40:00Z,94.05,94.23,94.05,94.08
2025-11-11T20:45:00Z,93.87,94.53,93.63,94.2
2025-11-11T20:50:00Z,94.14,94.23,93.69,93.795
2025-11-11T20:55:00Z,93.6,94.02,93.54,93.78
2025-11-12T14:30:00Z,95.94,96,90.81,91.17
2025-11-12T14:35:00Z,90.99,92.61,90.93,92.04
2025-11-12T14:40:00Z,91.8,92.61,91.5,92.55
2025-11-12T14:45:00Z,93,93,91.545,92.085
2025-11-12T14:50:00Z,91.83,93.72,91.83,93.72
2025-11-12T14:55:00Z,93.15,93.15,93.12,93.12
2025-11-12T15:00:00Z,93.12,93.12,91.8,91.8
2025-11-12T15:05:00Z,92.25,92.25,92.25,92.25
2025-11-12T15:10:00Z,92.25,92.79,91.35,91.35
2025-11-12T15:15:00Z,91.2,92.07,91.2,92.01
2025-11-12T15:20:00Z,91.92,91.92,90.63,90.63
2025-11-12T15:25:00Z,90.615,91.71,90.06,91.62
2025-11-12T15:30:00Z,91.335,91.47,90.99,91.2
2025-11-12T15:35:00Z,90.39,90.39,88.89,89.7
2025-11-12T15:40:00Z,90.6,91.56,90.465,90.465
2025-11-12T15:45:00Z,90.48,90.48,90,90
2025-11-12T15:50:00Z,90.09,90.09,89.07,89.34
2025-11-12T15:55:00Z,89.49,89.49,89.4,89.4
2025-11-12T16:00:00Z,89.55,89.7,89.4,89.4
2025-11-12T16:05:00Z,89.58,89.76,89.37,89.37
2025-11-12T16:10:00Z,89.25,89.25,88.38,88.5
2025-11-12T16:15:00Z,88.86,88.92,88.74,88.92
2025-11-12T16:20:00Z,89.37,89.37,89.1,89.25
2025-11-12T16:25:00Z,89.19,89.94,89.19,89.88
2025-11-12T16:30:00Z,90.15,91.5,90.15,91.08
2025-11-12T16:40:00Z,90.81,90.81,90,90
2025-11-12T16:45:00Z,89.82,89.82,89.34,89.34
2025-11-12T17:05:00Z,89.52,89.52,89.52,89.52
2025-11-12T17:10:00Z,89.82,89.82,89.82,89.82
2025-11-12T17:15:00Z,90.06,90.06,90.06,90.06
2025-11-12T17:25:00Z,90.21,90.21,90.21,90.21
2025-11-12T17:30:00Z,90.48,90.48,90.48,90.48
2025-11-12T17:35:00Z,90.96,91.5,90.96,91.35
2025-11-12T17:40:00Z,91.35,91.53,91.35,91.35
2025-11-12T17:55:00Z,91.47,91.65,91.47,91.65
2025-11-12T18:00:00Z,91.38,91.38,91.38,91.38
2025-11-12T18:05:00Z,91.38,91.38,91.23,91.23
2025-11-12T18:20:00Z,90.81,90.81,90.72,90.72
2025-11-12T18:25:00Z,90.6,90.6,90.45,90.45
2025-11-12T18:30:00Z,91.38,91.38,91.38,91.38
2025-11-12T18:40:00Z,91.38,91.38,91.38,91.38
2025-11-12T18:45:00Z,91.08,91.26,91.05,91.26
2025-11-12T18:50:00Z,91.35,91.35,91.35,91.35
2025-11-12T19:00:00Z,92.25,92.25,92.25,92.25
2025-11-12T19:10:00Z,91.8,92.04,91.8,92.04
2025-11-12T19:15:00Z,91.95,91.95,91.95,91.95
2025-11-12T19:25:00Z,92.28,92.28,92.1,92.1
2025-11-12T19:35:00Z,92.43,92.43,92.4,92.4
2025-11-12T19:40:00Z,92.7,92.7,92.7,92.7
2025-11-12T19:50:00Z,92.13,92.13,92.13,92.13
2025-11-12T19:55:00Z,92.19,92.19,92.19,92.19
2025-11-12T20:00:00Z,91.44,91.44,91.38,91.38
2025-11-12T20:05:00Z,91.17,91.2,91.17,91.2
2025-11-12T20:10:00Z,91.05,91.05,90.9,90.99
2025-11-12T20:20:00Z,90.75,90.75,90.75,90.75
2025-11-12T20:25:00Z,90.63,90.63,90.63,90.63
2025-11-12T20:35:00Z,90.87,90.87,90.6,90.6
2025-11-12T20:40:00Z,90.585,90.585,90.585,90.585
2025-11-12T20:45:00Z,91.05,91.05,91.05,91.05
2025-11-12T20:50:00Z,91.08,91.08,91.08,91.08
2025-11-12T20:55:00Z,90.96,90.96,90.3,90.3
2025-11-13T14:30:00Z,86.25,86.37,83.67,83.7
2025-11-13T14:35:00Z,83.37,83.46,81.48,82.02
2025-11-13T14:40:00Z,81.75,82.02,81,81.06
2025-11-13T14:45:00Z,81.69,82.17,81,81.27
2025-11-13T14:50:00Z,81.27,81.9,80.85,81.24
2025-11-13T14:55:00Z,81.84,82.8,81.54,82.17
2025-11-13T15:00:00Z,82.275,82.29,79.92,79.92
2025-11-13T15:05:00Z,80.1,81.75,79.74,81.75
2025-11-13T15:10:00Z,81.36,82.5,81.3,82.5
2025-11-13T15:15:00Z,82.455,82.95,82.11,82.11
2025-11-13T15:20:00Z,81.42,81.93,81.42,81.45
2025-11-13T15:25:00Z,81.9,82.32,81.9,82.32
2025-11-13T15:30:00Z,82.59,83.43,82.59,83.43
2025-11-13T15:35:00Z,82.89,84,82.8,84
2025-11-13T15:40:00Z,83.94,83.94,82.35,82.35
2025-11-13T15:45:00Z,82.47,82.47,82.32,82.35
2025-11-13T15:50:00Z,82.47,82.635,82.41,82.41
2025-11-13T15:55:00Z,82.065,82.86,82.05,82.56
2025-11-13T16:00:00Z,83.4,83.4,82.59,82.59
2025-11-13T16:05:00Z,82.5,82.5,81.9,81.9
2025-11-13T16:10:00Z,82.41,82.41,82.41,82.41
2025-11-13T16:15:00Z,83.19,83.25,82.47,82.47
2025-11-13T16:20:00Z,82.26,83.01,82.17,83.01
2025-11-13T16:25:00Z,82.41,82.41,82.41,82.41
2025-11-13T16:30:00Z,82.5,82.59,82.32,82.59
2025-11-13T16:35:00Z,81.87,81.87,81.36,81.36
2025-11-13T16:40:00Z,81.45,81.63,81.45,81.57
2025-11-13T16:45:00Z,81.78,82.08,81.66,81.66
2025-11-13T16:50:00Z,81.75,81.87,81.75,81.87
2025-11-13T16:55:00Z,82.08,82.08,82.08,82.08
2025-11-13T17:00:00Z,82.59,82.59,82.59,82.59
2025-11-13T17:05:00Z,82.98,83.565,82.98,83.43
2025-11-13T17:10:00Z,82.5,82.5,82.5,82.5
2025-11-13T17:20:00Z,82.92,82.92,82.92,82.92
2025-11-13T17:25:00Z,82.89,82.92,82.56,82.86
2025-11-13T17:30:00Z,82.98,83.43,82.98,83.43
2025-11-13T17:35:00Z,83.28,83.28,82.35,82.35
2025-11-13T17:40:00Z,82.56,82.56,82.05,82.05
2025-11-13T17:45:00Z,81.93,81.96,81.81,81.81
2025-11-13T17:50:00Z,81.84,82.155,81.84,82.05
2025-11-13T17:55:00Z,81.81,81.81,81.54,81.54
2025-11-13T18:00:00Z,81.48,81.48,80.88,80.88
2025-11-13T18:05:00Z,80.64,80.64,79.92,80.1
2025-11-13T18:10:00Z,80.61,80.61,80.58,80.58
2025-11-13T18:15:00Z,80.58,80.58,79.68,79.68
2025-11-13T18:20:00Z,79.68,79.68,78.54,78.63
2025-11-13T18:25:00Z,78.57,78.66,78.3,78.33
2025-11-13T18:30:00Z,78.03,78.12,77.7,78.12
2025-11-13T18:35:00Z,78.09,78.18,77.76,77.76
2025-11-13T18:40:00Z,77.52,78.18,77.52,78.18
2025-11-13T18:45:00Z,79.05,79.05,78.87,78.87
2025-11-13T18:50:00Z,79.11,79.17,78.87,78.87
2025-11-13T18:55:00Z,79.32,79.32,79.32,79.32
2025-11-13T19:00:00Z,79.71,79.71,79.11,79.11
2025-11-13T19:05:00Z,78.99,78.99,78.99,78.99
2025-11-13T19:15:00Z,79.2,79.56,79.2,79.23
2025-11-13T19:20:00Z,79.83,79.83,79.8,79.8
2025-11-13T19:25:00Z,80.46,80.55,80.31,80.55
2025-11-13T19:30:00Z,80.67,80.7,80.61,80.61
2025-11-13T19:35:00Z,80.55,81,80.49,80.49
2025-11-13T19:40:00Z,81.6,81.6,81.6,81.6
2025-11-13T19:45:00Z,81,81,80.64,80.64
2025-11-13T19:50:00Z,80.94,81,80.58,80.58
2025-11-13T19:55:00Z,80.64,80.67,80.34,80.58
2025-11-13T20:00:00Z,80.91,81.24,80.91,81.15
2025-11-13T20:05:00Z,81.165,81.165,81.165,81.165
2025-11-13T20:10:00Z,81.72,81.72,81.54,81.54
2025-11-13T20:15:00Z,81,81.15,81,81.15
2025-11-13T20:25:00Z,81.3,81.3,81.3,81.3
2025-11-13T20:30:00Z,81.63,81.63,81.48,81.48
2025-11-13T20:35:00Z,82.32,83.01,82.32,83.01
2025-11-13T20:40:00Z,82.98,82.98,82.71,82.71
2025-11-13T20:45:00Z,82.8,82.8,81.99,81.99
2025-11-13T20:50:00Z,82.11,82.47,81.78,81.78
2025-11-13T20:55:00Z,81.855,81.855,81.81,81.81
2025-11-14T14:30:00Z,74.94,76.29,73.98,76.11
2025-11-14T14:35:00Z,76.62,77.565,76.2,76.455
2025-11-14T14:40:00Z,76.38,77.025,76.38,76.65
2025-11-14T14:45:00Z,77.19,78.3,77.19,78
2025-11-14T14:50:00Z,78.21,79.44,78.03,78.93
2025-11-14T14:55:00Z,79.65,81.39,79.65,81.18
2025-11-14T15:00:00Z,81.15,81.72,80.13,80.13
2025-11-14T15:05:00Z,80.67,80.67,79.5,79.65
2025-11-14T15:10:00Z,80.295,80.58,79.23,79.32
2025-11-14T15:15:00Z,79.89,81.33,79.89,80.04
2025-11-14T15:20:00Z,80.46,80.67,80.31,80.31
2025-11-14T15:25:00Z,80.46,81,80.1,80.97
2025-11-14T15:30:00Z,81.465,82.92,81.465,82.92
2025-11-14T15:35:00Z,83.19,84,82.89,83.91
2025-11-14T15:40:00Z,83.67,85.245,83.67,85.11
2025-11-14T15:45:00Z,84.99,85.935,84.99,85.32
2025-11-14T15:50:00Z,85.68,85.68,84.585,84.765
2025-11-14T15:55:00Z,84.63,84.63,84.33,84.63
2025-11-14T16:00:00Z,84.48,84.48,83.37,83.4
2025-11-14T16:05:00Z,83.37,83.88,83.25,83.88
2025-11-14T16:10:00Z,84,84.3,84,84.3
2025-11-14T16:15:00Z,84.45,84.54,84.27,84.39
2025-11-14T16:20:00Z,84.33,84.66,84.27,84.66
2025-11-14T16:25:00Z,84.72,85.35,84.54,84.84
2025-11-14T16:30:00Z,84.51,84.51,84,84
2025-11-14T16:35:00Z,84.06,84.12,83.97,83.97
2025-11-14T16:40:00Z,83.85,83.94,83.58,83.58
2025-11-14T16:45:00Z,83.1,83.16,82.98,83.1
2025-11-14T16:50:00Z,83.43,83.88,83.43,83.88
2025-11-14T16:55:00Z,83.76,83.76,83.76,83.76
2025-11-14T17:00:00Z,83.82,84.3,83.82,84.3
2025-11-14T17:05:00Z,84.24,84.33,84.18,84.3
2025-11-14T17:10:00Z,84.54,84.69,84.54,84.69
2025-11-14T17:15:00Z,84.54,84.66,84.54,84.66
2025-11-14T17:20:00Z,84.42,84.42,84.42,84.42
2025-11-14T17:30:00Z,84.465,84.6,84.465,84.6
2025-11-14T17:35:00Z,84.735,84.75,84.735,84.75
2025-11-14T17:40:00Z,84.27,84.27,84.27,84.27
2025-11-14T17:45:00Z,84.33,84.33,83.94,83.94
2025-11-14T17:50:00Z,83.79,84.09,83.64,84.09
2025-11-14T17:55:00Z,84.24,84.24,84.24,84.24
2025-11-14T18:10:00Z,84,84.27,84,84.27
2025-11-14T18:15:00Z,84.24,84.24,84.24,84.24
2025-11-14T18:25:00Z,84.06,84.39,84.06,84.39
2025-11-14T18:45:00Z,82.98,82.98,82.62,82.71
2025-11-14T18:50:00Z,83.28,83.28,83.28,83.28
2025-11-14T19:05:00Z,83.37,83.37,83.37,83.37
2025-11-14T19:15:00Z,83.52,83.52,83.52,83.52
2025-11-14T19:50:00Z,84.27,84.27,84.27,84.27
2025-11-14T19:55:00Z,83.97,83.97,83.97,83.97
2025-11-14T20:00:00Z,84.12,84.12,83.88,83.88
2025-11-14T20:05:00Z,83.37,83.37,83.295,83.295
2025-11-14T20:10:00Z,83.31,83.31,83.25,83.25
2025-11-14T20:15:00Z,83.07,83.07,83.07,83.07
2025-11-14T20:20:00Z,82.86,82.86,82.77,82.77
2025-11-14T20:25:00Z,83.19,83.19,83.19,83.19
2025-11-14T20:35:00Z,83.28,83.28,83.01,83.01
2025-11-14T20:40:00Z,82.95,82.95,82.95,82.95
2025-11-14T20:45:00Z,83.01,83.01,82.62,82.62
2025-11-14T20:50:00Z,82.5,82.95,82.425,82.95
2025-11-14T20:55:00Z,82.35,82.35,81.93,81.93
2025-11-17T14:30:00Z,81.06,81.06,80.13,80.73
2025-11-17T14:35:00Z,80.73,80.76,80.43,80.58
2025-11-17T14:40:00Z,81.765,81.765,80.7,80.7
2025-11-17T14:45:00Z,80.43,82.02,80.43,81.78
2025-11-17T14:50:00Z,81.45,81.96,81.36,81.96
2025-11-17T14:55:00Z,81.75,81.84,81,81.39
2025-11-17T15:00:00Z,81.66,81.66,80.13,80.13
2025-11-17T15:05:00Z,79.5,79.5,78,78.06
2025-11-17T15:10:00Z,78.93,78.93,78.825,78.825
2025-11-17T15:15:00Z,78.9,79.08,77.55,77.55
2025-11-17T15:20:00Z,77.94,77.97,77.94,77.97
2025-11-17T15:25:00Z,78.27,78.27,78,78.24
2025-11-17T15:30:00Z,79.38,79.47,79.365,79.47
2025-11-17T15:35:00Z,78.675,78.9,78.6,78.63
2025-11-17T15:40:00Z,78.75,79.05,78.75,79.05
2025-11-17T15:45:00Z,79.86,79.86,79.86,79.86
2025-11-17T16:00:00Z,78.81,78.81,78.81,78.81
2025-11-17T16:05:00Z,78.75,78.795,78.75,78.75
2025-11-17T16:10:00Z,78.54,78.54,78.54,78.54
2025-11-17T16:15:00Z,78.66,78.66,78.45,78.45
2025-11-17T16:40:00Z,80.1,80.1,80.1,80.1
2025-11-17T16:55:00Z,81,81,81,81
2025-11-17T17:00:00Z,81.24,81.24,81.24,81.24
2025-11-17T17:05:00Z,80.76,80.76,80.76,80.76
2025-11-17T17:10:00Z,80.79,80.79,80.79,80.79
2025-11-17T17:20:00Z,80.64,80.64,80.64,80.64
2025-11-17T17:35:00Z,81.03,81.03,80.91,80.91
2025-11-17T17:40:00Z,79.56,79.56,79.5,79.5
2025-11-17T17:45:00Z,79.2,79.2,79.2,79.2
2025-11-17T18:00:00Z,78.3,78.3,77.76,77.76
2025-11-17T18:05:00Z,77.82,77.82,77.82,77.82
2025-11-17T18:15:00Z,77.52,77.67,77.52,77.67
2025-11-17T18:20:00Z,77.64,77.64,77.58,77.58
2025-11-17T18:25:00Z,77.67,77.7,77.25,77.25
2025-11-17T18:30:00Z,77.31,77.31,76.74,76.74
2025-11-17T18:35:00Z,76.53,77.46,76.53,77.46
2025-11-17T18:45:00Z,78.12,78.36,78.12,78.36
2025-11-17T18:50:00Z,77.775,77.775,77.76,77.775
2025-11-17T19:00:00Z,76.65,76.65,76.14,76.14
2025-11-17T19:10:00Z,77.16,77.16,76.71,76.71
2025-11-17T19:15:00Z,76.5,76.5,76.44,76.44
2025-11-17T19:20:00Z,76.38,76.38,76.38,76.38
2025-11-17T19:25:00Z,76.32,76.35,76.32,76.35
2025-11-17T19:30:00Z,76.5,76.5,75.75,75.75
2025-11-17T19:35:00Z,75.6,75.6,75.24,75.24
2025-11-17T19:40:00Z,75,75,75,75
2025-11-17T19:45:00Z,75.45,75.45,75.24,75.24
2025-11-17T19:50:00Z,75.6,75.6,75.6,75.6
2025-11-17T19:55:00Z,75.33,75.33,75.3,75.3
2025-11-17T20:00:00Z,75.42,75.42,75,75
2025-11-17T20:05:00Z,75,75,75,75
2025-11-17T20:10:00Z,75.33,75.69,75.33,75.69
2025-11-17T20:15:00Z,75.54,76.08,75.54,76.08
2025-11-17T20:25:00Z,75.96,75.96,75.96,75.96
2025-11-17T20:35:00Z,75.81,75.81,75,75
2025-11-17T20:40:00Z,75.03,75.03,75.03,75.03
2025-11-17T20:45:00Z,75.27,76.23,75.27,76.23
2025-11-17T20:50:00Z,76.815,76.815,76.26,76.5
2025-11-17T20:55:00Z,77.1,77.1,76.35,76.35
2025-11-18T14:30:00Z,74.505,76.875,74.505,76.53
2025-11-18T14:35:00Z,75.87,76.2,75.84,76.2
2025-11-18T14:40:00Z,75.66,75.66,74.4,74.4
2025-11-18T14:45:00Z,74.94,75.24,74.235,74.235
2025-11-18T14:50:00Z,74.295,74.295,73.38,73.47
2025-11-18T14:55:00Z,73.95,73.95,73.95,73.95
2025-11-18T15:00:00Z,73.23,73.23,72.15,72.15
2025-11-18T15:05:00Z,72.15,74.07,72.15,74.07
2025-11-18T15:10:00Z,74.1,74.25,72.75,72.825
2025-11-18T15:15:00Z,72.3,73.5,72.12,73.5
2025-11-18T15:20:00Z,74.4,74.4,73.95,73.95
2025-11-18T15:25:00Z,73.65,73.89,73.14,73.14
2025-11-18T15:30:00Z,73.5,73.68,73.35,73.35
2025-11-18T15:35:00Z,73.05,73.425,73.05,73.425
2025-11-18T15:40:00Z,73.23,73.59,73.08,73.08
2025-11-18T15:50:00Z,73.11,73.11,72.75,72.75
2025-11-18T15:55:00Z,74.07,74.145,74.04,74.04
2025-11-18T16:00:00Z,73.02,73.02,72.72,72.87
2025-11-18T16:05:00Z,72.75,73.32,72.6,73.32
2025-11-18T16:10:00Z,74.07,74.07,73.89,73.89
2025-11-18T16:15:00Z,73.8,74.61,73.56,74.61
2025-11-18T16:20:00Z,74.43,74.97,74.43,74.79
2025-11-18T16:25:00Z,75.51,75.57,75.51,75.57
2025-11-18T16:35:00Z,75.3,75.57,75.03,75.03
2025-11-18T16:40:00Z,75.21,75.48,75.21,75.48
2025-11-18T16:45:00Z,75.36,75.39,75.36,75.39
2025-11-18T16:50:00Z,75.33,75.33,75.21,75.21
2025-11-18T17:05:00Z,75,75.585,75,75.24
2025-11-18T17:15:00Z,75.24,75.24,75,75.18
2025-11-18T17:25:00Z,75,75,74.7,74.7
2025-11-18T17:30:00Z,74.4,74.4,74.4,74.4
2025-11-18T17:40:00Z,76.065,76.065,76.065,76.065
2025-11-18T17:55:00Z,76.02,77.22,76.02,77.01
2025-11-18T18:00:00Z,76.62,76.62,76.5,76.5
2025-11-18T18:05:00Z,76.41,76.41,76.41,76.41
2025-11-18T18:10:00Z,76.56,76.56,76.56,76.56
2025-11-18T18:15:00Z,76.05,76.05,76.05,76.05
2025-11-18T18:20:00Z,76.185,76.185,76.185,76.185
2025-11-18T18:25:00Z,75.9,75.9,75.45,75.45
2025-11-18T18:30:00Z,75.39,75.39,75.39,75.39
2025-11-18T18:35:00Z,75.03,75.03,75.03,75.03
2025-11-18T18:40:00Z,75.195,75.195,75.12,75.12
2025-11-18T18:45:00Z,74.85,74.85,74.85,74.85
2025-11-18T18:55:00Z,74.7,74.7,74.7,74.7
2025-11-18T19:10:00Z,74.88,74.88,74.88,74.88
2025-11-18T19:15:00Z,74.88,75.105,74.88,75.105
2025-11-18T19:40:00Z,75.96,75.96,75.96,75.96
2025-11-18T19:50:00Z,75,75,74.58,74.58
2025-11-18T19:55:00Z,74.61,74.61,74.61,74.61
2025-11-18T20:00:00Z,74.4,74.4,74.31,74.31
2025-11-18T20:05:00Z,74.1,74.1,73.56,73.56
2025-11-18T20:10:00Z,73.29,73.29,73.29,73.29
2025-11-18T20:15:00Z,73.68,73.68,73.68,73.68
2025-11-18T20:20:00Z,73.41,73.41,73.35,73.35
2025-11-18T20:25:00Z,72.75,72.75,72.24,72.705
2025-11-18T20:30:00Z,72.6,72.6,71.88,71.88
2025-11-18T20:35:00Z,72.12,72.12,72.12,72.12
2025-11-18T20:40:00Z,72.63,72.63,72.63,72.63
2025-11-18T20:45:00Z,72.69,72.75,72.675,72.75
2025-11-18T20:50:00Z,72.45,72.45,72,72
2025-11-18T20:55:00Z,72.525,73.53,72.525,72.9
2025-11-19T14:30:00Z,74.13,77.22,74.13,76.98
2025-11-19T14:35:00Z,77.31,78,75.195,75.345
2025-11-19T14:40:00Z,75.39,75.72,75,75.48
2025-11-19T14:45:00Z,74.94,75.705,74.85,74.94
2025-11-19T14:50:00Z,74.67,76.17,74.25,75.99
2025-11-19T14:55:00Z,75.51,76.41,75.51,76.41
2025-11-19T15:00:00Z,76.35,76.65,76.2,76.2
2025-11-19T15:05:00Z,76.83,77.16,76.785,76.8
2025-11-19T15:10:00Z,76.365,77.265,76.275,77.265
2025-11-19T15:15:00Z,77.877,77.877,77.52,77.61
2025-11-19T15:20:00Z,77.1,77.31,76.95,77.31
2025-11-19T15:25:00Z,77.25,77.25,77.19,77.19
2025-11-19T15:30:00Z,77.28,77.67,77.28,77.61
2025-11-19T15:35:00Z,77.49,77.61,77.46,77.46
2025-11-19T15:40:00Z,77.1,77.79,77.1,77.79
2025-11-19T15:45:00Z,77.79,77.79,76.59,76.59
2025-11-19T15:55:00Z,77.43,77.43,77.34,77.37
2025-11-19T16:00:00Z,77.34,77.34,76.8,76.8
2025-11-19T16:05:00Z,75.81,75.96,75.48,75.48
2025-11-19T16:10:00Z,75.06,75.09,74.85,75.09
2025-11-19T16:15:00Z,75.39,75.63,75.39,75.63
2025-11-19T16:20:00Z,75.87,75.87,75.87,75.87
2025-11-19T16:25:00Z,74.91,74.91,74.91,74.91
2025-11-19T16:30:00Z,74.94,74.94,74.94,74.94
2025-11-19T16:35:00Z,74.55,74.76,74.55,74.64
2025-11-19T16:40:00Z,74.55,74.55,74.1,74.1
2025-11-19T16:45:00Z,74.19,74.19,74.19,74.19
2025-11-19T16:55:00Z,73.89,73.95,73.74,73.95
2025-11-19T17:00:00Z,73.5,73.5,73.17,73.17
2025-11-19T17:05:00Z,73.08,73.14,72.93,72.93
2025-11-19T17:15:00Z,73.38,73.41,73.26,73.26
2025-11-19T17:20:00Z,73.23,73.71,73.23,73.635
2025-11-19T17:25:00Z,73.11,73.53,72.75,73.53
2025-11-19T17:30:00Z,72.9,72.9,72.87,72.87
2025-11-19T17:40:00Z,73.83,73.83,73.83,73.83
2025-11-19T17:50:00Z,74.19,74.19,74.19,74.19
2025-11-19T18:05:00Z,73.56,73.56,73.26,73.26
2025-11-19T18:10:00Z,74.04,74.04,74.04,74.04
2025-11-19T18:25:00Z,73.29,73.29,72.81,72.81
2025-11-19T18:35:00Z,73.35,73.35,73.35,73.35
2025-11-19T18:40:00Z,73.29,73.29,73.23,73.23
2025-11-19T18:50:00Z,73.65,73.65,73.65,73.65
2025-11-19T19:00:00Z,73.65,73.65,73.65,73.65
2025-11-19T19:05:00Z,73.32,73.35,73.29,73.35
2025-11-19T19:10:00Z,73.44,73.53,73.41,73.53
2025-11-19T19:25:00Z,73.29,73.35,73.29,73.35
2025-11-19T19:30:00Z,74.115,74.115,74.115,74.115
2025-11-19T19:40:00Z,73.23,73.47,73.23,73.47
2025-11-19T19:45:00Z,73.65,73.65,73.47,73.47
2025-11-19T19:55:00Z,73.8,73.8,73.8,73.8
2025-11-19T20:10:00Z,74.28,74.28,74.28,74.28
2025-11-19T20:15:00Z,74.16,74.88,74.16,74.88
2025-11-19T20:20:00Z,75,75.15,74.955,75
2025-11-19T20:25:00Z,73.68,73.875,73.68,73.875
2025-11-19T20:30:00Z,73.89,74.1,73.89,74.1
2025-11-19T20:35:00Z,74.37,74.37,74.37,74.37
2025-11-19T20:40:00Z,74.07,74.07,74.07,74.07
2025-11-19T20:45:00Z,73.74,73.74,73.41,73.41
2025-11-19T20:50:00Z,73.65,73.65,73.65,73.65
2025-11-19T20:55:00Z,74.01,74.01,73.68,73.68
2025-11-20T14:30:00Z,80.04,80.7,79.47,80.7
2025-11-20T14:35:00Z,80.55,81,80.25,80.25
2025-11-20T14:40:00Z,80.7,80.7,79.605,80.085
2025-11-20T14:45:00Z,79.8,81,79.8,79.8
2025-11-20T14:50:00Z,81.3,81.3,80.94,80.94
2025-11-20T14:55:00Z,81.72,81.72,81.51,81.66
2025-11-20T15:00:00Z,81.87,82.14,81.585,82.14
2025-11-20T15:05:00Z,82.08,82.08,80.79,80.79
2025-11-20T15:10:00Z,80.64,80.64,80.4,80.4
2025-11-20T15:15:00Z,80.4,80.43,80.1,80.43
2025-11-20T15:20:00Z,80.7,81.75,80.595,81.75
2025-11-20T15:25:00Z,81.69,82.5,81.63,82.5
2025-11-20T15:30:00Z,82.35,82.35,82.32,82.32
2025-11-20T15:35:00Z,82.38,82.86,82.38,82.86
2025-11-20T15:40:00Z,82.68,82.68,82.44,82.65
2025-11-20T15:45:00Z,82.35,82.38,82.02,82.02
2025-11-20T15:50:00Z,81.87,81.87,81.6,81.81
2025-11-20T15:55:00Z,81.57,81.57,80.4,80.4
2025-11-20T16:00:00Z,80.34,80.46,80.34,80.4
2025-11-20T16:05:00Z,80.1,80.43,80.1,80.4
2025-11-20T16:10:00Z,79.71,79.71,79.23,79.23
2025-11-20T16:15:00Z,79.08,79.08,78.3,78.3
2025-11-20T16:20:00Z,78.42,78.48,77.7,78.3
2025-11-20T16:25:00Z,78.3,78.3,78.3,78.3
2025-11-20T16:30:00Z,77.94,77.97,77.43,77.61
2025-11-20T16:35:00Z,77.16,77.49,76.68,76.785
2025-11-20T16:40:00Z,77.01,77.01,76.56,76.56
2025-11-20T16:50:00Z,77.46,77.46,76.32,76.32
2025-11-20T16:55:00Z,76.32,76.38,75.27,75.27
2025-11-20T17:00:00Z,75.12,76.11,75,75.51
2025-11-20T17:05:00Z,75.48,75.48,74.7,74.97
2025-11-20T17:10:00Z,74.55,74.55,73.8,74.1
2025-11-20T17:15:00Z,73.5,73.5,73.2,73.26
2025-11-20T17:20:00Z,73.23,73.695,73.05,73.695
2025-11-20T17:25:00Z,74.16,74.16,74.16,74.16
2025-11-20T17:30:00Z,73.56,73.56,73.2,73.2
2025-11-20T17:35:00Z,73.05,74.13,72.87,74.1
2025-11-20T17:40:00Z,74.25,74.37,73.86,73.86
2025-11-20T17:45:00Z,73.41,73.86,73.41,73.86
2025-11-20T17:50:00Z,73.98,74.85,73.98,74.25
2025-11-20T17:55:00Z,74.58,74.94,74.58,74.94
2025-11-20T18:00:00Z,74.67,75,74.52,75
2025-11-20T18:05:00Z,75.57,75.57,75.57,75.57
2025-11-20T18:10:00Z,77.76,77.76,77.76,77.76
2025-11-20T18:15:00Z,77.31,77.31,77.31,77.31
2025-11-20T18:20:00Z,76.62,76.62,76.62,76.62
2025-11-20T18:25:00Z,76.65,76.65,76.65,76.65
2025-11-20T18:35:00Z,75.315,75.315,75.315,75.315
2025-11-20T18:40:00Z,74.58,74.58,74.58,74.58
2025-11-20T18:45:00Z,74.4,74.61,74.4,74.61
2025-11-20T18:50:00Z,74.25,74.25,73.2,73.44
2025-11-20T19:00:00Z,73.53,73.53,73.29,73.29
2025-11-20T19:05:00Z,73.59,74.01,73.515,74.01
2025-11-20T19:10:00Z,74.1,74.1,74.1,74.1
2025-11-20T19:15:00Z,73.95,73.95,73.95,73.95
2025-11-20T19:20:00Z,74.31,74.34,74.31,74.34
2025-11-20T19:30:00Z,74.55,74.55,74.55,74.55
2025-11-20T19:35:00Z,74.16,74.16,74.13,74.13
2025-11-20T19:45:00Z,74.52,74.52,73.95,73.95
2025-11-20T19:50:00Z,74.25,74.25,74.25,74.25
2025-11-20T19:55:00Z,75,75,75,75
2025-11-20T20:00:00Z,73.47,73.56,73.29,73.29
2025-11-20T20:05:00Z,73.41,73.41,73.41,73.41
2025-11-20T20:10:00Z,73.08,73.08,73.08,73.08
2025-11-20T20:15:00Z,74.07,74.07,74.07,74.07
2025-11-20T20:20:00Z,73.53,73.53,73.53,73.53
2025-11-20T20:25:00Z,72.99,73.38,72.81,73.38
2025-11-20T20:30:00Z,73.62,73.62,72.9,72.9
2025-11-20T20:35:00Z,72.6,72.6,72,72.03
2025-11-20T20:40:00Z,71.88,71.88,71.52,71.55
2025-11-20T20:45:00Z,71.4,71.4,71.04,71.04
2025-11-20T20:50:00Z,71.52,71.67,71.52,71.67
2025-11-20T20:55:00Z,71.67,71.67,71.205,71.31
2025-11-21T14:30:00Z,71.67,72.57,71.55,72.57
2025-11-21T14:35:00Z,72.72,73.08,71.46,71.46
2025-11-21T14:40:00Z,71.04,71.34,70.08,70.08
2025-11-21T14:45:00Z,69.99,69.99,68.16,69.3
2025-11-21T14:50:00Z,69.42,70.29,69.42,70.23
2025-11-21T14:55:00Z,69.6,69.6,68.01,68.01
2025-11-21T15:00:00Z,68.28,68.28,66.6,67.2
2025-11-21T15:05:00Z,67.83,67.83,67.83,67.83
2025-11-21T15:10:00Z,67.425,67.5,67.26,67.485
2025-11-21T15:15:00Z,67.26,67.44,66.12,66.87
2025-11-21T15:20:00Z,66.45,67.5,65.4,67.5
2025-11-21T15:25:00Z,67.89,67.89,64.92,65.13
2025-11-21T15:30:00Z,64.92,65.16,64.5,64.53
2025-11-21T15:35:00Z,64.11,64.11,63.57,63.99
2025-11-21T15:40:00Z,63.51,64.8,63.39,64.8
2025-11-21T15:45:00Z,64.89,66,64.89,66
2025-11-21T15:50:00Z,65.82,65.82,64.62,64.62
2025-11-21T15:55:00Z,65.175,65.19,64.14,64.14
2025-11-21T16:00:00Z,64.32,64.32,62.94,63
2025-11-21T16:05:00Z,62.91,63.75,62.91,63.36
2025-11-21T16:10:00Z,63.69,64.77,63.69,64.59
2025-11-21T16:15:00Z,64.59,64.92,64.5,64.5
2025-11-21T16:20:00Z,64.455,65.805,64.455,65.7
2025-11-21T16:25:00Z,65.82,65.88,65.46,65.46
2025-11-21T16:30:00Z,66.24,66.75,66.15,66.66
2025-11-21T16:35:00Z,67.2,67.2,67.2,67.2
2025-11-21T16:40:00Z,67.62,67.62,67.62,67.62
2025-11-21T16:45:00Z,67.29,68.4,67.29,68.4
2025-11-21T16:50:00Z,68.1,68.49,68.1,68.25
2025-11-21T16:55:00Z,68.46,68.97,68.43,68.97
2025-11-21T17:00:00Z,69.03,69.03,68.58,69
2025-11-21T17:05:00Z,68.97,68.97,68.76,68.76
2025-11-21T17:10:00Z,68.79,69.03,68.79,69.03
2025-11-21T17:15:00Z,69.15,69.39,69.15,69.39
2025-11-21T17:20:00Z,68.85,69.63,68.85,69.51
2025-11-21T17:25:00Z,69.81,69.81,69.63,69.63
2025-11-21T17:30:00Z,69.75,70.05,69.75,69.9
2025-11-21T17:35:00Z,69.63,69.78,69.63,69.78
2025-11-21T17:40:00Z,69.75,69.75,69.54,69.54
2025-11-21T17:45:00Z,69.81,70.14,69.69,70.14
2025-11-21T17:50:00Z,69.87,69.96,69.87,69.9
2025-11-21T17:55:00Z,69.99,69.99,69.87,69.885
2025-11-21T18:00:00Z,69.42,69.42,69.06,69.06
2025-11-21T18:05:00Z,69.06,69.06,68.19,68.19
2025-11-21T18:10:00Z,68.28,68.31,68.25,68.25
2025-11-21T18:15:00Z,68.13,68.55,68.13,68.55
2025-11-21T18:20:00Z,68.97,69,68.88,68.88
2025-11-21T18:25:00Z,69.39,69.39,68.955,68.955
2025-11-21T18:30:00Z,69.45,69.45,69.45,69.45
2025-11-21T18:40:00Z,69.78,69.78,69.78,69.78
2025-11-21T18:45:00Z,70.05,71.13,69.99,71.07
2025-11-21T18:50:00Z,71.58,71.58,71.58,71.58
2025-11-21T18:55:00Z,70.98,70.98,70.98,70.98
2025-11-21T19:00:00Z,71.37,71.46,71.37,71.46
2025-11-21T19:05:00Z,72.21,72.21,72.21,72.21
2025-11-21T19:10:00Z,72.42,72.42,72.3,72.3
2025-11-21T19:15:00Z,72.15,72.21,72.09,72.21
2025-11-21T19:20:00Z,72.135,72.24,71.88,71.88
2025-11-21T19:25:00Z,72.27,72.405,72.18,72.39
2025-11-21T19:40:00Z,72.69,72.69,71.94,71.94
2025-11-21T19:45:00Z,71.7,72.09,71.7,72.09
2025-11-21T19:50:00Z,72.03,72.03,72.03,72.03
2025-11-21T19:55:00Z,72.06,72.06,72,72
2025-11-21T20:00:00Z,72.27,72.27,72.27,72.27
2025-11-21T20:05:00Z,72.36,72.36,72.36,72.36
2025-11-21T20:15:00Z,72.69,73.32,72.69,73.32
2025-11-21T20:20:00Z,73.26,73.35,73.02,73.02
2025-11-21T20:25:00Z,73.11,73.32,73.05,73.32
2025-11-21T20:30:00Z,72.39,72.75,72.375,72.375
2025-11-21T20:35:00Z,72.63,72.63,72.63,72.63
2025-11-21T20:40:00Z,72.09,72.09,72.09,72.09
2025-11-21T20:45:00Z,71.97,72,71.94,71.97
2025-11-21T20:50:00Z,71.79,71.955,71.28,71.28
2025-11-21T20:55:00Z,70.41,71.1,70.41,70.98
2025-11-24T14:30:00Z,73.14,73.47,71.94,72.6
2025-11-24T14:35:00Z,72.99,74.115,72.84,72.84
2025-11-24T14:40:00Z,72.48,73.95,72.48,72.945
2025-11-24T14:45:00Z,72.885,74.13,72.885,73.5
2025-11-24T14:50:00Z,72.6,75.63,72.6,75.6
2025-11-24T14:55:00Z,75.15,75.75,75,75.75
2025-11-24T15:00:00Z,76.05,76.59,76.05,76.35
2025-11-24T15:05:00Z,76.35,76.8,76.2,76.23
2025-11-24T15:10:00Z,75.855,75.885,75.3,75.33
2025-11-24T15:15:00Z,75.72,75.72,75.54,75.54
2025-11-24T15:20:00Z,75.51,75.54,75.51,75.54
2025-11-24T15:30:00Z,76.08,76.08,75.96,75.96
2025-11-24T15:35:00Z,76.245,76.8,76.245,76.8
2025-11-24T15:40:00Z,77.25,77.25,77.1,77.16
2025-11-24T15:45:00Z,77.25,77.58,77.25,77.58
2025-11-24T15:55:00Z,77.28,77.49,77.28,77.49
2025-11-24T16:00:00Z,77.61,78.12,77.61,78.12
2025-11-24T16:05:00Z,78.12,78.12,77.85,77.91
2025-11-24T16:10:00Z,78.24,78.33,78.15,78.15
2025-11-24T16:15:00Z,78.06,78.57,78.06,78.57
2025-11-24T16:20:00Z,78.6,79.17,78.6,79.17
2025-11-24T16:25:00Z,79.2,79.2,78.66,78.66
2025-11-24T16:30:00Z,78.9,78.9,78.63,78.63
2025-11-24T16:35:00Z,78.51,78.51,78.42,78.42
2025-11-24T16:40:00Z,78.75,79.53,78.75,79.53
2025-11-24T16:45:00Z,79.89,80.01,79.89,80.01
2025-11-24T16:50:00Z,79.98,79.98,79.5,79.8
2025-11-24T16:55:00Z,79.8,79.8,79.14,79.14
2025-11-24T17:00:00Z,79.26,79.26,79.26,79.26
2025-11-24T17:05:00Z,79.47,79.47,79.47,79.47
2025-11-24T17:10:00Z,79.23,79.26,79.23,79.26
2025-11-24T17:15:00Z,79.305,79.41,79.305,79.41
2025-11-24T17:30:00Z,79.32,79.32,79.32,79.32
2025-11-24T17:35:00Z,79.23,79.65,79.14,79.65
2025-11-24T17:40:00Z,79.71,79.71,79.71,79.71
2025-11-24T17:45:00Z,79.8,79.86,79.8,79.8
2025-11-24T18:05:00Z,79.53,79.53,79.53,79.53
2025-11-24T18:10:00Z,79.38,79.38,79.38,79.38
2025-11-24T18:15:00Z,79.23,79.23,79.02,79.125
2025-11-24T18:20:00Z,79.065,79.065,78.87,78.9
2025-11-24T18:30:00Z,78.72,78.72,78.6,78.63
2025-11-24T18:35:00Z,79.17,79.17,79.17,79.17
2025-11-24T18:40:00Z,79.2,79.2,79.2,79.2
2025-11-24T18:45:00Z,79.59,79.8,79.59,79.8
2025-11-24T18:55:00Z,79.635,79.635,79.635,79.635
2025-11-24T19:00:00Z,79.8,79.8,79.8,79.8
2025-11-24T19:05:00Z,79.95,79.95,79.95,79.95
2025-11-24T19:10:00Z,79.98,80.1,79.98,80.1
2025-11-24T19:15:00Z,79.89,79.89,79.89,79.89
2025-11-24T19:20:00Z,79.92,79.92,79.92,79.92
2025-11-24T19:35:00Z,78.9,78.9,78.9,78.9
2025-11-24T19:40:00Z,79.2,79.2,79.2,79.2
2025-11-24T19:45:00Z,79.26,79.26,79.26,79.26
2025-11-24T19:50:00Z,79.59,79.59,79.59,79.59
2025-11-24T19:55:00Z,79.92,79.92,79.92,79.92
2025-11-24T20:00:00Z,80.22,80.28,80.22,80.28
2025-11-24T20:05:00Z,80.28,80.28,80.19,80.19
2025-11-24T20:10:00Z,80.28,80.325,80.28,80.325
2025-11-24T20:15:00Z,80.4,80.64,80.4,80.64
2025-11-24T20:20:00Z,80.4,80.46,80.19,80.46
2025-11-24T20:25:00Z,80.61,80.61,80.61,80.61
2025-11-24T20:30:00Z,80.76,80.76,80.76,80.76
2025-11-24T20:35:00Z,80.76,80.85,80.76,80.85
2025-11-24T20:45:00Z,80.31,80.34,80.31,80.34
2025-11-24T20:50:00Z,79.98,82.5,79.815,82.5
2025-11-24T20:55:00Z,83.01,83.01,81.585,81.84
2025-11-25T14:30:00Z,79.8,79.8,78.66,79.32
2025-11-25T14:35:00Z,79.56,79.755,78.75,79.05
2025-11-25T14:40:00Z,78.63,78.63,76.92,76.92
2025-11-25T14:45:00Z,76.02,76.5,75.75,75.75
2025-11-25T14:50:00Z,75.66,77.25,75.66,77.25
2025-11-25T14:55:00Z,77.88,78.12,77.37,77.88
2025-11-25T15:00:00Z,77.13,77.13,77.13,77.13
2025-11-25T15:05:00Z,76.71,77.13,76.71,77.13
2025-11-25T15:15:00Z,76.11,76.2,76.11,76.2
2025-11-25T15:20:00Z,75.9,75.9,75,75
2025-11-25T15:25:00Z,75.3,75.36,75.3,75.36
2025-11-25T15:30:00Z,76.2,76.5,75.87,75.9
2025-11-25T15:35:00Z,75.54,75.54,75.54,75.54
2025-11-25T15:45:00Z,76.86,76.86,76.32,76.32
2025-11-25T16:00:00Z,76.23,76.23,76.23,76.23
2025-11-25T16:05:00Z,76.05,76.05,75.45,75.54
2025-11-25T16:15:00Z,75.3,75.3,75.3,75.3
2025-11-25T16:20:00Z,76.02,76.02,76.02,76.02
2025-11-25T16:25:00Z,75.66,75.66,75.66,75.66
2025-11-25T16:45:00Z,75.51,75.6,75.51,75.6
2025-11-25T16:55:00Z,75.9,75.9,75.84,75.84
2025-11-25T17:00:00Z,75.84,75.84,75.84,75.84
2025-11-25T17:05:00Z,76.62,77.1,76.62,77.1
2025-11-25T17:10:00Z,77.01,77.04,76.98,76.98
2025-11-25T17:15:00Z,77.01,77.01,76.83,76.83
2025-11-25T17:20:00Z,77.115,77.115,77.115,77.115
2025-11-25T17:30:00Z,78,78,78,78
2025-11-25T17:35:00Z,78.57,78.57,78.555,78.555
2025-11-25T17:40:00Z,78.27,78.27,78.15,78.15
2025-11-25T17:45:00Z,78.45,78.45,78.45,78.45
2025-11-25T18:25:00Z,78.06,78.06,78,78
2025-11-25T18:35:00Z,78.09,78.09,78.09,78.09
2025-11-25T18:40:00Z,78,78,78,78
2025-11-25T19:05:00Z,78.75,78.75,78.75,78.75
2025-11-25T19:15:00Z,78.48,78.48,78.48,78.48
2025-11-25T19:20:00Z,78.54,78.54,78.54,78.54
2025-11-25T19:30:00Z,78.36,78.36,78.36,78.36
2025-11-25T19:45:00Z,78.9,78.9,78.9,78.9
2025-11-25T19:50:00Z,78.9,79.05,78.9,79.05
2025-11-25T19:55:00Z,79.8,79.875,79.8,79.86
2025-11-25T20:00:00Z,80.52,80.52,80.52,80.52
2025-11-25T20:05:00Z,80.37,80.7,80.37,80.7
2025-11-25T20:10:00Z,80.55,80.55,80.55,80.55
2025-11-25T20:15:00Z,80.94,80.94,80.94,80.94
2025-11-25T20:20:00Z,80.91,80.91,80.91,80.91
2025-11-25T20:25:00Z,80.91,80.91,80.91,80.91
2025-11-25T20:50:00Z,81,81.15,81,81.15
2025-11-25T20:55:00Z,80.85,80.85,80.79,80.79
2025-11-26T14:30:00Z,84,84.84,83.55,84.72
2025-11-26T14:35:00Z,84.72,86.25,84.72,85.83
2025-11-26T14:40:00Z,86.04,87.18,86.04,86.16
2025-11-26T14:45:00Z,87,88.095,86.94,88.095
2025-11-26T14:50:00Z,87.75,88.5,87.6,88.08
2025-11-26T14:55:00Z,87.63,87.63,86.16,86.16
2025-11-26T15:00:00Z,86.655,88.86,86.655,88.02
2025-11-26T15:05:00Z,87.99,88.17,87.15,87.39
2025-11-26T15:10:00Z,87.09,87.27,86.25,86.25
2025-11-26T15:15:00Z,86.61,87.99,86.61,87.93
2025-11-26T15:20:00Z,88.005,88.56,87.63,87.63
2025-11-26T15:25:00Z,87.69,89.4,87.69,89.4
2025-11-26T15:30:00Z,89.13,89.4,88.74,88.95
2025-11-26T15:35:00Z,89.43,90.12,89.43,89.745
2025-11-26T15:40:00Z,90,90.3,89.97,90.21
2025-11-26T15:45:00Z,90.18,90.18,89.43,89.52
2025-11-26T15:50:00Z,90.36,90.39,89.61,89.625
2025-11-26T15:55:00Z,89.76,89.91,89.4,89.91
2025-11-26T16:00:00Z,90,90.12,89.67,89.67
2025-11-26T16:05:00Z,89.85,90.03,89.85,90
2025-11-26T16:10:00Z,89.58,89.58,89.31,89.4
2025-11-26T16:15:00Z,88.95,89.7,88.95,89.7
2025-11-26T16:20:00Z,89.64,90,89.565,89.91
2025-11-26T16:25:00Z,90.24,90.24,89.61,89.61
2025-11-26T16:30:00Z,89.115,89.13,89.1,89.13
2025-11-26T16:35:00Z,89.31,89.4,89.31,89.325
2025-11-26T16:40:00Z,89.43,90.06,89.43,89.535
2025-11-26T16:45:00Z,89.46,89.46,89.46,89.46
2025-11-26T16:50:00Z,89.46,89.46,89.04,89.22
2025-11-26T16:55:00Z,89.19,89.28,89.19,89.28
2025-11-26T17:00:00Z,89.13,89.13,88.425,88.515
2025-11-26T17:05:00Z,88.86,88.887,88.08,88.08
2025-11-26T17:10:00Z,87.75,88.08,87.69,87.69
2025-11-26T17:15:00Z,88.05,88.05,88.05,88.05
2025-11-26T17:25:00Z,88.2,88.35,88.2,88.35
2025-11-26T17:35:00Z,88.47,88.47,88.47,88.47
2025-11-26T17:45:00Z,88.59,88.59,88.59,88.59
2025-11-26T17:50:00Z,88.23,88.23,88.23,88.23
2025-11-26T18:00:00Z,88.17,88.17,88.17,88.17
2025-11-26T18:05:00Z,87.18,87.18,87,87
2025-11-26T18:10:00Z,87.525,87.525,87.525,87.525
2025-11-26T18:20:00Z,88.17,88.17,88.17,88.17
2025-11-26T18:25:00Z,88.65,88.8,88.62,88.62
2025-11-26T18:30:00Z,88.59,88.59,88.29,88.29
2025-11-26T18:50:00Z,87.75,87.75,87.75,87.75
2025-11-26T18:55:00Z,87.6,87.6,87.6,87.6
2025-11-26T19:00:00Z,88.23,88.44,88.23,88.44
2025-11-26T19:10:00Z,89.04,89.04,89.04,89.04
2025-11-26T19:15:00Z,89.1,89.1,89.1,89.1
2025-11-26T19:35:00Z,88.785,88.785,88.44,88.44
2025-11-26T19:40:00Z,87.9,88.26,87.9,88.26
2025-11-26T19:45:00Z,89.01,89.01,89.01,89.01
2025-11-26T19:50:00Z,89.43,89.43,89.43,89.43
2025-11-26T20:00:00Z,89.37,89.37,89.34,89.34
2025-11-26T20:15:00Z,89.85,89.91,89.67,89.67
2025-11-26T20:30:00Z,89.55,89.55,89.55,89.55
2025-11-26T20:45:00Z,89.835,90,89.835,90
2025-11-26T20:50:00Z,90.15,90.21,89.7,89.7
2025-11-26T20:55:00Z,89.595,89.67,89.595,89.67
2025-11-28T14:30:00Z,90.615,90.615,89.7,89.7
2025-11-28T14:35:00Z,89.85,90.3,89.805,90.3
2025-11-28T14:40:00Z,90.3,90.3,89.49,89.64
2025-11-28T14:45:00Z,89.49,89.49,89.4,89.4
2025-11-28T14:50:00Z,89.22,89.85,89.07,89.73
2025-11-28T14:55:00Z,89.73,90.09,89.19,90.09
2025-11-28T15:00:00Z,90.03,90.57,90.03,90.57
2025-11-28T15:05:00Z,90,90.84,90,90.84
2025-11-28T15:10:00Z,89.94,90.36,89.94,90.36
2025-11-28T15:15:00Z,90.39,90.39,90.39,90.39
2025-11-28T15:20:00Z,90.9,90.9,90.9,90.9
2025-11-28T15:25:00Z,90.75,90.75,89.7,89.7
2025-11-28T15:30:00Z,89.28,89.85,89.28,89.85
2025-11-28T15:45:00Z,90.03,90.75,89.94,90.75
2025-11-28T15:50:00Z,91.2,91.2,91.08,91.08
2025-11-28T16:00:00Z,91.47,91.47,91.47,91.47
2025-11-28T16:05:00Z,91.32,91.59,91.32,91.59
2025-11-28T16:10:00Z,91.89,91.89,91.5,91.8
2025-11-28T16:15:00Z,91.5,91.5,91.5,91.5
2025-11-28T16:20:00Z,91.5,91.65,91.5,91.65
2025-11-28T16:30:00Z,91.95,92.01,91.95,92.01
2025-11-28T16:35:00Z,91.95,92.25,91.95,92.1
2025-11-28T16:40:00Z,91.95,92.1,91.95,92.1
2025-11-28T16:45:00Z,92.25,92.4,92.25,92.4
2025-11-28T16:55:00Z,91.8,91.8,91.8,91.8
2025-11-28T17:15:00Z,92.055,92.055,92.055,92.055
2025-11-28T17:25:00Z,92.37,92.7,92.16,92.7
2025-11-28T17:30:00Z,93,93.03,93,93.03
2025-11-28T17:35:00Z,92.805,92.805,92.46,92.49
2025-11-28T17:40:00Z,92.13,92.25,91.8,91.8
2025-11-28T17:50:00Z,92.34,92.34,92.22,92.22
2025-11-28T17:55:00Z,93.36,93.69,93.33,93.69
2025-12-01T14:30:00Z,89.34,89.58,86.52,87.03
2025-12-01T14:35:00Z,86.73,87.72,86.73,87.72
2025-12-01T14:40:00Z,88.08,88.08,86.835,86.835
2025-12-01T14:45:00Z,88.65,88.65,88.65,88.65
2025-12-01T14:50:00Z,89.22,91.2,89.22,91.2
2025-12-01T14:55:00Z,91.38,92.01,91.38,91.545
2025-12-01T15:00:00Z,91.98,91.98,91.335,91.98
2025-12-01T15:05:00Z,91.95,92.28,91.71,91.95
2025-12-01T15:10:00Z,92.025,92.4,92.025,92.1
2025-12-01T15:15:00Z,93,93,92.97,92.97
2025-12-01T15:20:00Z,92.4,92.73,92.4,92.73
2025-12-01T15:30:00Z,92.355,92.49,92.355,92.4
2025-12-01T15:35:00Z,92.7,93,92.7,93
2025-12-01T15:40:00Z,93.24,93.54,92.91,93.54
2025-12-01T15:45:00Z,94.05,94.8,93.6,94.8
2025-12-01T15:50:00Z,94.71,95.76,94.71,95.76
2025-12-01T15:55:00Z,95.49,95.49,95.1,95.19
2025-12-01T16:00:00Z,95.07,95.16,95.07,95.16
2025-12-01T16:05:00Z,94.98,95.58,94.8,95.07
2025-12-01T16:10:00Z,95.4,95.4,95.25,95.25
2025-12-01T16:15:00Z,94.56,95.16,94.35,95.16
2025-12-01T16:20:00Z,95.1,95.4,95.1,95.31
2025-12-01T16:25:00Z,95.76,95.76,95.76,95.76
2025-12-01T16:30:00Z,95.52,95.67,95.52,95.595
2025-12-01T16:35:00Z,95.82,96.33,95.82,96.33
2025-12-01T16:40:00Z,96.75,96.9,96.75,96.9
2025-12-01T16:45:00Z,97.02,98.88,97.02,98.88
2025-12-01T16:50:00Z,98.64,99.03,98.55,99
2025-12-01T16:55:00Z,99.24,99.24,98.82,99.06
2025-12-01T17:00:00Z,99.12,99.72,99.12,99.72
2025-12-01T17:05:00Z,99.45,99.45,98.52,98.76
2025-12-01T17:10:00Z,99.42,99.48,99.42,99.48
2025-12-01T17:15:00Z,99.18,99.18,99.12,99.12
2025-12-01T17:20:00Z,99.21,99.21,99.06,99.06
2025-12-01T17:25:00Z,99.27,99.87,99.27,99.795
2025-12-01T17:30:00Z,99.36,99.48,99.27,99.48
2025-12-01T17:35:00Z,99.63,99.63,99.63,99.63
2025-12-01T17:40:00Z,99.6,99.6,99.6,99.6
2025-12-01T17:45:00Z,100.08,100.5,99.75,99.87
2025-12-01T17:50:00Z,99.66,99.69,99.6,99.6
2025-12-01T17:55:00Z,99.57,100.23,99.51,100.02
2025-12-01T18:00:00Z,100.05,100.05,100.05,100.05
2025-12-01T18:05:00Z,99.585,99.96,99.585,99.96
2025-12-01T18:10:00Z,100.05,100.08,99.66,99.66
2025-12-01T18:15:00Z,99.27,99.27,99.03,99.21
2025-12-01T18:20:00Z,99,99.45,98.88,99.45
2025-12-01T18:25:00Z,98.85,98.85,98.85,98.85
2025-12-01T18:40:00Z,99.24,99.24,99.18,99.18
2025-12-01T18:45:00Z,99.3,99.3,99.3,99.3
2025-12-01T18:50:00Z,99.6,99.66,99.6,99.66
2025-12-01T18:55:00Z,99.6,99.66,99.6,99.66
2025-12-01T19:00:00Z,99.51,99.54,99.51,99.54
2025-12-01T19:05:00Z,99.06,99.36,99.03,99.36
2025-12-01T19:10:00Z,99.36,99.36,99.36,99.36
2025-12-01T19:15:00Z,99.39,99.39,99.39,99.39
2025-12-01T19:20:00Z,98.46,98.46,98.34,98.34
2025-12-01T19:25:00Z,98.58,98.58,98.58,98.58
2025-12-01T19:30:00Z,98.73,98.73,98.58,98.58
2025-12-01T19:45:00Z,98.58,98.61,98.58,98.61
2025-12-01T19:55:00Z,98.64,99,98.64,99
2025-12-01T20:00:00Z,98.91,99.03,98.91,99.03
2025-12-01T20:05:00Z,99.57,99.87,99.57,99.87
2025-12-01T20:10:00Z,100.08,100.8,100.08,100.77
2025-12-01T20:15:00Z,100.38,100.74,100.32,100.53
2025-12-01T20:20:00Z,100.65,100.65,100.35,100.35
2025-12-01T20:25:00Z,100.23,100.23,100.23,100.23
2025-12-01T20:30:00Z,100.38,100.62,100.35,100.62
2025-12-01T20:35:00Z,100.83,100.92,100.32,100.395
2025-12-01T20:40:00Z,100.65,100.83,100.65,100.83
2025-12-01T20:45:00Z,100.86,100.86,100.8,100.8
2025-12-01T20:50:00Z,101.1,101.1,100.32,100.92
2025-12-01T20:55:00Z,100.74,101.1,100.74,100.98
2025-12-02T14:30:00Z,103.53,111.75,103.53,111.75
2025-12-02T14:35:00Z,111.63,114,111.6,113.28
2025-12-02T14:40:00Z,113.295,115.14,113.295,113.97
2025-12-02T14:45:00Z,114.6,116.85,114.6,115.92
2025-12-02T14:50:00Z,115.53,115.53,114.12,115.5
2025-12-02T14:55:00Z,115.695,118.2,115.62,117.87
2025-12-02T15:00:00Z,118.2,118.8,117.72,117.72
2025-12-02T15:05:00Z,117.54,117.54,116.58,117.45
2025-12-02T15:10:00Z,117.96,118.29,116.34,117
2025-12-02T15:15:00Z,117.27,117.81,116.76,116.76
2025-12-02T15:20:00Z,116.43,116.82,115.44,115.77
2025-12-02T15:25:00Z,115.77,115.77,114.57,115.14
2025-12-02T15:30:00Z,114.84,115.035,114.255,114.87
2025-12-02T15:35:00Z,114.36,114.84,113.31,113.64
2025-12-02T15:40:00Z,113.91,115.5,113.895,115.2
2025-12-02T15:45:00Z,114.6,116.1,114.57,116.1
2025-12-02T15:50:00Z,115.74,115.86,115.56,115.623
2025-12-02T15:55:00Z,115.68,115.68,114.78,115.14
2025-12-02T16:00:00Z,114.99,115.83,114.99,115.44
2025-12-02T16:05:00Z,115.5,115.5,114.75,114.75
2025-12-02T16:10:00Z,114.18,114.18,113.13,113.31
2025-12-02T16:15:00Z,113.04,113.1,113.04,113.1
2025-12-02T16:20:00Z,113.1,113.13,112.5,112.59
2025-12-02T16:25:00Z,112.23,112.23,111.9,112.02
2025-12-02T16:30:00Z,112.41,112.41,111.3,111.3
2025-12-02T16:35:00Z,112.02,112.83,112.02,112.83
2025-12-02T16:40:00Z,113.37,113.37,112.71,112.71
2025-12-02T16:45:00Z,112.77,112.89,112.77,112.89
2025-12-02T16:50:00Z,112.62,112.62,112.065,112.08
2025-12-02T16:55:00Z,112.17,112.35,112.17,112.35
2025-12-02T17:10:00Z,111.96,111.96,111.96,111.96
2025-12-02T17:25:00Z,111.81,112.32,111.81,112.32
2025-12-02T17:30:00Z,112.56,112.56,111.93,111.93
2025-12-02T17:35:00Z,112.08,112.08,112.08,112.08
2025-12-02T17:40:00Z,111.93,111.96,111.78,111.78
2025-12-02T17:55:00Z,111.84,111.84,111.6,111.6
2025-12-02T18:00:00Z,111.42,111.75,111.42,111.6
2025-12-02T18:05:00Z,112.68,113.16,112.68,113.16
2025-12-02T18:10:00Z,113.01,113.01,113.01,113.01
2025-12-02T18:15:00Z,114,114,114,114
2025-12-02T18:25:00Z,113.43,113.43,113.43,113.43
2025-12-02T18:30:00Z,113.04,113.04,113.04,113.04
2025-12-02T18:35:00Z,112.575,112.65,112.455,112.65
2025-12-02T18:40:00Z,112.56,112.56,112.56,112.56
2025-12-02T18:45:00Z,112.23,112.32,112.2,112.26
2025-12-02T18:50:00Z,111.78,111.78,111.78,111.78
2025-12-02T19:00:00Z,111.9,111.93,111.9,111.93
2025-12-02T19:05:00Z,112.17,112.17,111.45,111.45
2025-12-02T19:10:00Z,111.84,111.84,111.84,111.84
2025-12-02T19:15:00Z,112.05,112.53,112.05,112.26
2025-12-02T19:20:00Z,111.42,111.45,111.36,111.45
2025-12-02T19:25:00Z,111.6,111.72,111.51,111.72
2025-12-02T19:30:00Z,111,111,110.13,110.13
2025-12-02T19:35:00Z,110.4,110.565,110.16,110.565
2025-12-02T19:40:00Z,110.04,110.04,110.04,110.04
2025-12-02T19:45:00Z,109.755,110.52,109.725,110.52
2025-12-02T19:50:00Z,110.88,110.91,110.88,110.91
2025-12-02T20:00:00Z,111.15,111.15,110.31,110.31
2025-12-02T20:05:00Z,110.265,110.265,110.265,110.265
2025-12-02T20:20:00Z,110.64,111,110.64,110.91
2025-12-02T20:25:00Z,111.12,111.24,111.12,111.24
2025-12-02T20:30:00Z,111.435,111.435,110.7,110.7
2025-12-02T20:40:00Z,110.19,110.19,110.04,110.04
2025-12-02T20:45:00Z,110.73,110.73,110.475,110.61
2025-12-02T20:55:00Z,110.28,110.34,110.25,110.25
2025-12-03T14:30:00Z,111.165,111.165,108.15,108.6
2025-12-03T14:35:00Z,108.36,108.6,107.73,108.09
2025-12-03T14:40:00Z,109.05,110.73,109.05,110.61
2025-12-03T14:45:00Z,110.19,111,110.19,110.34
2025-12-03T14:50:00Z,111,111,110.64,110.64
2025-12-03T14:55:00Z,111.75,112.68,111.45,111.45
2025-12-03T15:00:00Z,111.615,113.04,111.615,113.04
2025-12-03T15:05:00Z,111.72,111.72,111.6,111.6
2025-12-03T15:10:00Z,112.11,112.11,111.18,111.18
2025-12-03T15:15:00Z,111.51,111.51,111.51,111.51
2025-12-03T15:20:00Z,111.66,111.66,111.66,111.66
2025-12-03T15:35:00Z,111.81,111.84,111.3,111.3
2025-12-03T15:40:00Z,110.82,110.91,110.82,110.91
2025-12-03T15:45:00Z,112.02,112.2,111.99,111.99
2025-12-03T15:50:00Z,112.02,112.17,111.96,112.17
2025-12-03T15:55:00Z,112.8,113.28,112.56,113.28
2025-12-03T16:00:00Z,113.85,113.85,112.47,112.47
2025-12-03T16:05:00Z,111.75,111.75,111.75,111.75
2025-12-03T16:10:00Z,111.15,111.54,111,111.54
2025-12-03T16:20:00Z,112.89,112.89,112.89,112.89
2025-12-03T16:25:00Z,112.68,112.68,112.68,112.68
2025-12-03T16:30:00Z,113.4,113.4,113.25,113.25
2025-12-03T16:40:00Z,112.35,112.35,112.35,112.35
2025-12-03T16:45:00Z,111.75,111.75,111.75,111.75
2025-12-03T16:50:00Z,111.645,111.645,111.645,111.645
2025-12-03T17:05:00Z,112.5,112.5,112.5,112.5
2025-12-03T17:10:00Z,113.1,113.1,113.1,113.1
2025-12-03T17:20:00Z,113.07,113.07,113.07,113.07
2025-12-03T17:25:00Z,113.01,113.01,112.74,112.74
2025-12-03T17:35:00Z,111.81,112.05,111.81,112.05
2025-12-03T17:40:00Z,111.51,111.825,111.51,111.825
2025-12-03T17:45:00Z,111.99,112.14,111.99,112.11
2025-12-03T18:05:00Z,110.955,110.955,110.955,110.955
2025-12-03T18:15:00Z,112.59,112.59,112.59,112.59
2025-12-03T18:20:00Z,112.32,112.32,112.32,112.32
2025-12-03T18:30:00Z,113.4,114.6,113.4,113.835
2025-12-03T18:35:00Z,114.75,114.75,114.75,114.75
2025-12-03T18:40:00Z,114.54,114.54,114.54,114.54
2025-12-03T18:50:00Z,114.69,114.75,114.27,114.33
2025-12-03T19:00:00Z,113.97,114.24,113.97,114.24
2025-12-03T19:05:00Z,114.21,114.21,114.21,114.21
2025-12-03T19:15:00Z,114,114,114,114
2025-12-03T19:35:00Z,113.4,113.595,113.4,113.595
2025-12-03T19:50:00Z,113.58,113.58,113.58,113.58
2025-12-03T20:00:00Z,113.58,113.58,112.83,112.83
2025-12-03T20:05:00Z,112.17,112.17,112.17,112.17
2025-12-03T20:10:00Z,112.47,112.47,112.23,112.23
2025-12-03T20:20:00Z,112.5,112.5,112.35,112.35
2025-12-03T20:25:00Z,111.63,111.63,111.51,111.51
2025-12-03T20:30:00Z,112.26,112.26,112.26,112.26
2025-12-03T20:35:00Z,112.47,112.47,112.47,112.47
2025-12-03T20:45:00Z,112.68,112.68,112.68,112.68
2025-12-03T20:50:00Z,113.1,113.37,113.07,113.37
2025-12-03T20:55:00Z,113.4,113.52,113.31,113.52
2025-12-04T14:30:00Z,117.9,118.17,115.98,116.16
2025-12-04T14:35:00Z,118.2,118.89,117.48,118.17
2025-12-04T14:40:00Z,118.56,119.85,117.45,118.59
2025-12-04T14:45:00Z,119.49,119.76,118.74,119.55
2025-12-04T14:50:00Z,119.97,120,118.2,118.32
2025-12-04T14:55:00Z,118.2,118.44,116.4,116.4
2025-12-04T15:00:00Z,116.58,117.12,116.58,117
2025-12-04T15:05:00Z,117.12,117.96,117.12,117.96
2025-12-04T15:10:00Z,118.275,118.68,117.72,118.68
2025-12-04T15:15:00Z,118.35,120.03,118.32,119.91
2025-12-04T15:20:00Z,120.03,121.5,120.03,121.02
2025-12-04T15:25:00Z,120.84,120.99,120,120.84
2025-12-04T15:30:00Z,120.9,120.96,120.36,120.6
2025-12-04T15:35:00Z,119.76,120.45,119.52,119.64
2025-12-04T15:40:00Z,120,120.6,119.22,119.22
2025-12-04T15:45:00Z,119.1,119.1,118.29,118.53
2025-12-04T15:50:00Z,119.1,119.1,119.1,119.1
2025-12-04T15:55:00Z,118.5,118.5,117.93,117.93
2025-12-04T16:00:00Z,118.11,118.23,118.11,118.2
2025-12-04T16:05:00Z,118.14,118.41,118.14,118.2
2025-12-04T16:10:00Z,117.81,118.23,117.81,118.23
2025-12-04T16:15:00Z,118.2,118.8,118.2,118.8
2025-12-04T16:20:00Z,119.4,121.11,119.4,121.11
2025-12-04T16:25:00Z,121.2,121.32,120.54,120.54
2025-12-04T16:30:00Z,120.9,120.9,120.51,120.51
2025-12-04T16:35:00Z,120.75,120.99,120.75,120.93
2025-12-04T16:40:00Z,120.87,120.87,120.54,120.63
2025-12-04T16:45:00Z,121.08,121.71,121.08,121.59
2025-12-04T16:50:00Z,121.8,122.01,121.53,121.53
2025-12-04T16:55:00Z,122.31,122.55,122.295,122.55
2025-12-04T17:00:00Z,122.25,122.43,122.19,122.43
2025-12-04T17:05:00Z,122.52,124.32,122.52,123.78
2025-12-04T17:10:00Z,123.72,123.72,122.7,122.7
2025-12-04T17:15:00Z,123.3,123.3,123,123
2025-12-04T17:20:00Z,122.07,122.07,121.62,121.86
2025-12-04T17:25:00Z,121.83,121.98,121.71,121.98
2025-12-04T17:30:00Z,121.875,122.1,121.875,122.1
2025-12-04T17:35:00Z,122.61,123,122.61,122.64
2025-12-04T17:40:00Z,122.82,123.27,122.82,123.27
2025-12-04T17:45:00Z,123.24,123.24,122.97,122.97
2025-12-04T17:50:00Z,123.6,124.2,123.6,124.2
2025-12-04T17:55:00Z,124.47,124.62,124.02,124.62
2025-12-04T18:00:00Z,124.44,125.7,124.44,125.7
2025-12-04T18:05:00Z,124.77,125.37,124.14,125.37
2025-12-04T18:10:00Z,125.1,125.1,125.1,125.1
2025-12-04T18:15:00Z,125.28,125.76,125.28,125.76
2025-12-04T18:25:00Z,124.11,124.14,123.96,124.08
2025-12-04T18:30:00Z,124.2,124.62,124.2,124.62
2025-12-04T18:35:00Z,123.66,123.66,123.66,123.66
2025-12-04T18:40:00Z,123.3,123.45,123.3,123.45
2025-12-04T18:45:00Z,123.45,123.45,123.24,123.3
2025-12-04T18:50:00Z,124.08,124.11,124.08,124.11
2025-12-04T18:55:00Z,123.99,123.99,123.84,123.84
2025-12-04T19:15:00Z,122.61,122.61,121.53,121.53
2025-12-04T19:20:00Z,121.68,121.68,121.68,121.68
2025-12-04T19:25:00Z,122.25,122.4,122.04,122.04
2025-12-04T19:30:00Z,122.58,122.58,122.58,122.58
2025-12-04T19:35:00Z,122.58,123,122.58,122.76
2025-12-04T19:40:00Z,123.06,123.06,123.06,123.06
2025-12-04T19:45:00Z,123.09,123.12,123.09,123.12
2025-12-04T19:50:00Z,123.66,123.66,123.66,123.66
2025-12-04T20:00:00Z,124.08,124.08,123.9,123.9
2025-12-04T20:10:00Z,124.17,124.17,124.17,124.17
2025-12-04T20:15:00Z,122.97,122.97,122.97,122.97
2025-12-04T20:20:00Z,121.83,121.83,121.71,121.71
2025-12-04T20:25:00Z,121.89,122.07,121.89,122.07
2025-12-04T20:30:00Z,121.5,121.5,121.35,121.35
2025-12-04T20:35:00Z,120.9,120.9,120.3,120.36
2025-12-04T20:40:00Z,120.33,120.33,119.91,119.91
2025-12-04T20:45:00Z,120.09,120.09,120.09,120.09
2025-12-04T20:50:00Z,122.04,122.04,121.86,121.89
2025-12-04T20:55:00Z,121.2,121.2,120.96,120.96
2025-12-05T14:30:00Z,122.535,126.96,122.535,125.685
2025-12-05T14:35:00Z,125.4,126,122.61,122.61
2025-12-05T14:40:00Z,122.4,124.14,121.65,122.1
2025-12-05T14:45:00Z,122.55,122.55,121.35,121.5
2025-12-05T14:50:00Z,122.04,124.23,122.04,124.23
2025-12-05T14:55:00Z,124.41,124.41,123,123
2025-12-05T15:00:00Z,123.66,123.75,123,123.75
2025-12-05T15:05:00Z,124.77,126.12,124.77,126
2025-12-05T15:10:00Z,126,126.51,125.94,126.03
2025-12-05T15:15:00Z,125.91,125.91,124.68,124.68
2025-12-05T15:20:00Z,125.1,125.1,124.71,124.71
2025-12-05T15:25:00Z,124.8,125.1,124.68,125.1
2025-12-05T15:30:00Z,125.19,125.4,124.86,124.86
2025-12-05T15:40:00Z,123.06,123.06,123.06,123.06
2025-12-05T15:45:00Z,122.28,122.28,121.89,121.89
2025-12-05T15:50:00Z,121.5,121.5,120.93,121.26
2025-12-05T15:55:00Z,121.02,121.02,120.57,120.57
2025-12-05T16:00:00Z,120.63,120.63,120.51,120.54
2025-12-05T16:05:00Z,120.48,120.48,120.48,120.48
2025-12-05T16:10:00Z,120.45,120.45,119.4,119.73
2025-12-05T16:15:00Z,119.79,120.24,119.7,120.24
2025-12-05T16:20:00Z,120.45,121.26,120.45,121.17
2025-12-05T16:25:00Z,120.15,120.15,120.15,120.15
2025-12-05T16:30:00Z,119.25,119.55,119.25,119.49
2025-12-05T16:35:00Z,119.7,119.7,119.67,119.67
2025-12-05T16:40:00Z,119.7,120.78,119.64,120.78
2025-12-05T16:45:00Z,120.6,120.87,120.6,120.87
2025-12-05T16:50:00Z,121.56,122.13,121.56,122.13
2025-12-05T16:55:00Z,122.07,122.31,122.07,122.31
2025-12-05T17:00:00Z,121.71,122.19,121.53,122.19
2025-12-05T17:05:00Z,122.16,122.16,121.5,121.5
2025-12-05T17:15:00Z,121.08,121.08,121.08,121.08
2025-12-05T17:20:00Z,120.6,121.14,120.54,121.14
2025-12-05T17:40:00Z,120.9,120.9,120.9,120.9
2025-12-05T17:45:00Z,120.885,120.885,120.885,120.885
2025-12-05T18:15:00Z,121.29,121.29,121.29,121.29
2025-12-05T18:25:00Z,121.32,121.62,121.32,121.62
2025-12-05T18:30:00Z,121.965,121.965,121.965,121.965
2025-12-05T18:35:00Z,122.4,122.49,122.4,122.49
2025-12-05T18:40:00Z,122.25,122.25,122.01,122.01
2025-12-05T18:45:00Z,121.95,121.95,121.95,121.95
2025-12-05T18:50:00Z,121.14,121.14,121.14,121.14
2025-12-05T18:55:00Z,121.11,121.11,121.11,121.11
2025-12-05T19:05:00Z,120.75,120.75,120.75,120.75
2025-12-05T19:15:00Z,120.75,120.75,120.75,120.75
2025-12-05T19:20:00Z,121.08,121.08,120.87,120.87
2025-12-05T19:35:00Z,121.35,121.35,121.35,121.35
2025-12-05T19:50:00Z,122.55,122.55,122.55,122.55
2025-12-05T19:55:00Z,122.31,122.31,122.31,122.31
2025-12-05T20:00:00Z,122.46,122.46,122.1,122.115
2025-12-05T20:10:00Z,122.4,122.4,122.4,122.4
2025-12-05T20:15:00Z,122.91,123.06,122.88,123.06
2025-12-05T20:20:00Z,122.97,122.97,122.97,122.97
2025-12-05T20:25:00Z,122.25,122.25,122.25,122.25
2025-12-05T20:35:00Z,122.64,122.64,122.64,122.64
2025-12-05T20:40:00Z,122.64,123.36,122.64,123.33
2025-12-05T20:45:00Z,123.3,123.3,123.3,123.3
2025-12-05T20:50:00Z,123.3,123.6,122.97,122.97
2025-12-05T20:55:00Z,123.48,123.81,123.48,123.81
2025-12-08T14:30:00Z,126.18,127.17,125.19,125.67
2025-12-08T14:35:00Z,126,126,124.59,125.43
2025-12-08T14:40:00Z,126,126.54,125.55,126.39
2025-12-08T14:45:00Z,126.69,126.96,125.25,125.61
2025-12-08T14:50:00Z,126,127.5,125.64,125.64
2025-12-08T14:55:00Z,125.7,126.33,125.7,126.33
2025-12-08T15:00:00Z,126.6,126.6,126.45,126.45
2025-12-08T15:05:00Z,126.03,127.89,126.03,127.53
2025-12-08T15:10:00Z,127.8,127.92,126.96,126.96
2025-12-08T15:15:00Z,126.54,126.69,126.3,126.63
2025-12-08T15:20:00Z,127.5,127.95,126.3,126.3
2025-12-08T15:25:00Z,125.91,126.33,125.91,126.33
2025-12-08T15:30:00Z,126.24,126.9,126.24,126.9
2025-12-08T15:35:00Z,127.17,128.43,127.11,128.43
2025-12-08T15:40:00Z,127.98,128.64,127.98,128.4
2025-12-08T15:45:00Z,128.7,128.7,128.22,128.22
2025-12-08T15:50:00Z,127.65,127.86,127.65,127.8
2025-12-08T15:55:00Z,127.5,127.95,127.5,127.83
2025-12-08T16:00:00Z,127.23,127.23,126.6,126.6
2025-12-08T16:05:00Z,127.2,127.2,126.9,126.9
2025-12-08T16:15:00Z,126.84,126.99,126.6,126.6
2025-12-08T16:20:00Z,126.9,126.9,126,126
2025-12-08T16:25:00Z,125.4,125.76,125.4,125.76
2025-12-08T16:30:00Z,125.4,125.82,125.1,125.82
2025-12-08T16:35:00Z,126.3,126.345,126.3,126.345
2025-12-08T16:40:00Z,125.4,125.43,125.1,125.43
2025-12-08T16:45:00Z,125.7,125.7,125.685,125.685
2025-12-08T16:50:00Z,125.43,125.43,125.43,125.43
2025-12-08T17:00:00Z,125.07,125.07,125.07,125.07
2025-12-08T17:10:00Z,125.25,125.25,125.25,125.25
2025-12-08T17:15:00Z,125.13,125.13,125.04,125.04
2025-12-08T17:20:00Z,124.5,124.5,124.47,124.47
2025-12-08T17:25:00Z,124.29,124.29,123.93,124.26
2025-12-08T17:30:00Z,124.74,124.74,124.74,124.74
2025-12-08T17:35:00Z,124.8,124.8,124.8,124.8
2025-12-08T17:40:00Z,124.59,124.59,124.59,124.59
2025-12-08T17:50:00Z,125.28,125.28,125.25,125.25
2025-12-08T17:55:00Z,125.715,125.715,125.715,125.715
2025-12-08T18:00:00Z,124.92,124.92,124.92,124.92
2025-12-08T18:05:00Z,124.95,125.4,124.95,125.4
2025-12-08T18:15:00Z,125.28,125.28,124.98,124.98
2025-12-08T18:25:00Z,124.92,124.92,124.71,124.71
2025-12-08T18:30:00Z,124.74,124.74,124.2,124.2
2025-12-08T18:35:00Z,124.29,124.83,124.29,124.83
2025-12-08T18:40:00Z,124.32,124.44,124.2,124.2
2025-12-08T18:45:00Z,124.32,124.32,124.32,124.32
2025-12-08T18:50:00Z,123.99,123.99,123.99,123.99
2025-12-08T18:55:00Z,123.9,123.9,123.51,123.51
2025-12-08T19:10:00Z,123.33,123.33,122.52,122.61
2025-12-08T19:20:00Z,122.91,122.91,122.7,122.7
2025-12-08T20:00:00Z,122.7,122.7,122.7,122.7
2025-12-08T20:10:00Z,122.4,122.4,122.4,122.4
2025-12-08T20:15:00Z,122.19,122.37,122.16,122.37
2025-12-08T20:20:00Z,121.5,121.5,121.35,121.35
2025-12-08T20:25:00Z,120.9,120.9,120.9,120.9
2025-12-08T20:30:00Z,121.65,121.86,121.62,121.65
2025-12-08T20:35:00Z,121.5,121.5,121.5,121.5
2025-12-08T20:40:00Z,121.68,121.68,121.68,121.68
2025-12-08T20:45:00Z,120.96,121.32,120.96,121.32
2025-12-08T20:50:00Z,121.35,121.71,121.05,121.44
2025-12-08T20:55:00Z,121.86,122.67,121.65,122.64
2025-12-09T14:30:00Z,121.515,124.41,121.515,123.9
2025-12-09T14:35:00Z,125.31,126.9,125.22,126.9
2025-12-09T14:40:00Z,127.32,127.8,126.99,127.23
2025-12-09T14:45:00Z,127.92,127.92,126.21,126.21
2025-12-09T14:55:00Z,127.95,128.7,127.95,128.7
2025-12-09T15:00:00Z,128.97,132,128.97,131.91
2025-12-09T15:05:00Z,132.24,132.27,130.71,130.71
2025-12-09T15:10:00Z,131.46,131.46,131.25,131.25
2025-12-09T15:15:00Z,130.245,131.31,130.245,131.13
2025-12-09T15:20:00Z,131.04,131.64,131.04,131.64
2025-12-09T15:25:00Z,132,132.12,130.92,131.85
2025-12-09T15:30:00Z,131.13,131.34,129.84,129.84
2025-12-09T15:35:00Z,129.93,129.93,129,129
2025-12-09T15:40:00Z,129.96,129.96,129.96,129.96
2025-12-09T15:50:00Z,129.48,129.48,129.48,129.48
2025-12-09T15:55:00Z,130.35,130.98,130.35,130.98
2025-12-09T16:00:00Z,130.98,132.18,130.98,132.18
2025-12-09T16:05:00Z,132.39,132.39,131.43,131.43
2025-12-09T16:15:00Z,132,132.21,131.94,132.18
2025-12-09T16:25:00Z,131.04,131.04,131.04,131.04
2025-12-09T16:30:00Z,131.97,131.97,131.97,131.97
2025-12-09T16:35:00Z,131.82,131.82,131.49,131.49
2025-12-09T16:40:00Z,131.16,131.16,131.16,131.16
2025-12-09T16:45:00Z,131.97,132.03,131.88,131.88
2025-12-09T16:50:00Z,132.36,132.36,132.24,132.27
2025-12-09T16:55:00Z,132.36,132.36,132.36,132.36
2025-12-09T17:00:00Z,132.24,133.05,132.225,133.05
2025-12-09T17:05:00Z,133.497,133.497,133.497,133.497
2025-12-09T17:10:00Z,132.78,132.78,132.78,132.78
2025-12-09T17:15:00Z,133.11,133.11,133.11,133.11
2025-12-09T17:20:00Z,132.39,132.39,132.39,132.39
2025-12-09T17:25:00Z,132.66,132.66,132.66,132.66
2025-12-09T17:30:00Z,132.81,132.81,132.27,132.27
2025-12-09T17:40:00Z,132.48,132.78,132.48,132.78
2025-12-09T17:45:00Z,132.63,132.63,132.48,132.6
2025-12-09T17:50:00Z,132.9,132.99,132.9,132.99
2025-12-09T17:55:00Z,132.99,133.05,132.93,133.05
2025-12-09T18:00:00Z,133.23,133.5,133.2,133.44
2025-12-09T18:05:00Z,133.23,133.26,132.9,132.9
2025-12-09T18:10:00Z,132.6,132.69,132.6,132.69
2025-12-09T18:15:00Z,133.5,133.8,133.5,133.8
2025-12-09T18:20:00Z,133.68,133.68,133.68,133.68
2025-12-09T18:25:00Z,133.65,133.8,133.65,133.8
2025-12-09T18:30:00Z,133.8,133.98,133.44,133.44
2025-12-09T18:40:00Z,133.56,133.56,133.38,133.38
2025-12-09T18:55:00Z,133.29,133.29,133.29,133.29
2025-12-09T19:00:00Z,133.11,133.11,133.11,133.11
2025-12-09T19:05:00Z,132.66,132.66,132.57,132.57
2025-12-09T19:10:00Z,132.69,132.72,132.69,132.72
2025-12-09T19:15:00Z,132.72,132.72,132.69,132.69
2025-12-09T19:20:00Z,133.14,133.38,133.14,133.38
2025-12-09T19:25:00Z,133.5,133.83,133.5,133.83
2025-12-09T19:30:00Z,133.65,133.65,133.65,133.65
2025-12-09T19:40:00Z,133.11,133.11,133.11,133.11
2025-12-09T19:45:00Z,133.35,133.41,133.35,133.41
2025-12-09T19:50:00Z,133.5,133.5,133.5,133.5
2025-12-09T19:55:00Z,133.95,133.98,133.8,133.8
2025-12-09T20:00:00Z,133.86,134.79,133.77,134.7
2025-12-09T20:05:00Z,134.67,135,134.61,135
2025-12-09T20:10:00Z,135.18,135.27,135,135
2025-12-09T20:15:00Z,134.67,134.91,134.64,134.82
2025-12-09T20:20:00Z,134.97,135.78,134.91,135.24
2025-12-09T20:25:00Z,134.91,134.91,134.52,134.58
2025-12-09T20:30:00Z,134.64,135.09,134.58,135.09
2025-12-09T20:35:00Z,134.37,134.67,134.28,134.67
2025-12-09T20:40:00Z,134.22,134.22,134.22,134.22
2025-12-09T20:45:00Z,133.65,134.67,133.65,134.67
2025-12-09T20:50:00Z,135,135.54,134.4,135.54
2025-12-09T20:55:00Z,135.42,135.6,135.21,135.24
2025-12-10T14:30:00Z,133.605,133.605,131.175,131.175
2025-12-10T14:35:00Z,131.1,131.88,130.05,131.88
2025-12-10T14:40:00Z,131.37,131.85,130.5,130.8
2025-12-10T14:45:00Z,131.49,131.49,130.59,130.98
2025-12-10T14:50:00Z,131.22,131.22,129.63,129.69
2025-12-10T14:55:00Z,129.3,130.35,128.25,130.29
2025-12-10T15:00:00Z,129.96,129.96,129.96,129.96
2025-12-10T15:05:00Z,130.11,131.07,130.11,130.59
2025-12-10T15:10:00Z,129.78,129.9,127.5,127.8
2025-12-10T15:15:00Z,127.35,127.47,126.72,127.17
2025-12-10T15:20:00Z,127.74,128.37,127.74,128.04
2025-12-10T15:25:00Z,128.04,128.58,127.41,128.58
2025-12-10T15:30:00Z,129,129,129,129
2025-12-10T15:35:00Z,129,129,129,129
2025-12-10T15:40:00Z,127.2,128.28,127.2,128.28
2025-12-10T15:45:00Z,127.2,127.53,126.3,127.53
2025-12-10T15:50:00Z,127.59,127.59,126.03,126.03
2025-12-10T15:55:00Z,126,126.12,125.79,126
2025-12-10T16:00:00Z,126.6,126.84,126.15,126.15
2025-12-10T16:05:00Z,126.75,126.84,126.45,126.84
2025-12-10T16:10:00Z,126.63,127.08,126.63,127.08
2025-12-10T16:15:00Z,127.47,127.8,127.2,127.35
2025-12-10T16:20:00Z,127.5,127.5,127.44,127.44
2025-12-10T16:25:00Z,128.28,128.85,128.28,128.85
2025-12-10T16:30:00Z,129.24,129.3,129.12,129.3
2025-12-10T16:35:00Z,129.6,129.69,129.6,129.69
2025-12-10T16:40:00Z,128.4,128.4,128.4,128.4
2025-12-10T16:45:00Z,128.31,128.31,128.31,128.31
2025-12-10T16:55:00Z,128.91,128.94,128.85,128.85
2025-12-10T17:15:00Z,128.76,128.76,128.76,128.76
2025-12-10T17:20:00Z,128.25,128.25,128.13,128.13
2025-12-10T17:25:00Z,128.4,128.46,127.71,127.71
2025-12-10T17:35:00Z,127.98,127.98,127.74,127.74
2025-12-10T17:40:00Z,127.35,127.35,127.35,127.35
2025-12-10T17:50:00Z,127.23,127.41,127.23,127.41
2025-12-10T18:00:00Z,126.87,126.9,126,126
2025-12-10T18:05:00Z,125.61,126.57,125.46,126.57
2025-12-10T18:10:00Z,126.9,127.35,126.9,127.32
2025-12-10T18:15:00Z,127.41,127.5,127.41,127.5
2025-12-10T18:30:00Z,127.035,127.035,127.035,127.035
2025-12-10T19:00:00Z,128.475,128.91,127.68,127.68
2025-12-10T19:05:00Z,129.99,129.99,129.66,129.66
2025-12-10T19:10:00Z,129.15,129.45,129.15,129.45
2025-12-10T19:15:00Z,128.85,129.21,128.85,129.21
2025-12-10T19:20:00Z,128.7,128.7,128.7,128.7
2025-12-10T19:25:00Z,127.74,127.74,127.5,127.5
2025-12-10T19:35:00Z,129,129,129,129
2025-12-10T19:45:00Z,128.4,129.06,128.4,129.06
2025-12-10T19:50:00Z,130.29,131.22,130.29,131.22
2025-12-10T19:55:00Z,131.58,132.12,131.385,132.12
2025-12-10T20:00:00Z,132.18,132.18,131.22,131.22
2025-12-10T20:05:00Z,129.9,129.9,129.66,129.75
2025-12-10T20:15:00Z,129.63,129.63,128.94,128.94
2025-12-10T20:20:00Z,129.48,129.54,129.06,129.06
2025-12-10T20:25:00Z,129.015,129.15,128.97,128.97
2025-12-10T20:30:00Z,128.58,128.58,128.46,128.46
2025-12-10T20:35:00Z,127.8,128.1,126.39,126.39
2025-12-10T20:40:00Z,126.33,126.63,126.33,126.6
2025-12-10T20:50:00Z,127.5,128.1,126.33,128.01
2025-12-10T20:55:00Z,128.34,128.34,127.02,127.02
2025-12-11T14:30:00Z,125.28,125.28,125.19,125.19
2025-12-11T14:35:00Z,127.44,131.28,127.44,129.15
2025-12-11T14:40:00Z,127.74,128.73,127.74,127.8
2025-12-11T14:45:00Z,126.21,126.21,125.415,125.415
2025-12-11T14:50:00Z,125.115,127.29,124.8,126.723
2025-12-11T14:55:00Z,126.66,127.29,126.42,127.29
2025-12-11T15:00:00Z,127.41,129.6,126.84,129.6
2025-12-11T15:05:00Z,129.78,133.53,129.21,133.53
2025-12-11T15:10:00Z,134.04,134.04,132.78,133.14
2025-12-11T15:15:00Z,133.62,133.62,132.3,132.3
2025-12-11T15:20:00Z,132.84,134.1,132.84,134.1
2025-12-11T15:25:00Z,132.705,132.705,132.3,132.3
2025-12-11T15:30:00Z,132.24,132.24,131.34,131.34
2025-12-11T15:35:00Z,131.76,131.76,131.76,131.76
2025-12-11T15:45:00Z,131.19,131.19,131.19,131.19
2025-12-11T15:50:00Z,130.8,131.97,130.8,131.97
2025-12-11T15:55:00Z,131.88,131.88,131.88,131.88
2025-12-11T16:00:00Z,132.57,132.6,132.24,132.24
2025-12-11T16:05:00Z,131.43,131.43,131.43,131.43
2025-12-11T16:10:00Z,130.71,130.71,130.71,130.71
2025-12-11T16:15:00Z,130.29,130.29,130.29,130.29
2025-12-11T16:20:00Z,130.14,130.5,130.14,130.35
2025-12-11T16:25:00Z,129.96,129.96,129.15,129.15
2025-12-11T16:30:00Z,129.42,129.51,129.42,129.51
2025-12-11T16:35:00Z,129.69,129.93,129.69,129.93
2025-12-11T16:45:00Z,130.8,130.8,130.5,130.5
2025-12-11T16:50:00Z,129,129,129,129
2025-12-11T17:15:00Z,130.29,130.71,130.29,130.71
2025-12-11T17:20:00Z,131.22,131.25,131.22,131.25
2025-12-11T17:25:00Z,131.7,132,131.7,131.85
2025-12-11T17:30:00Z,131.49,131.49,131.19,131.19
2025-12-11T17:35:00Z,131.49,131.7,131.49,131.7
2025-12-11T17:40:00Z,132.72,132.75,132.72,132.75
2025-12-11T17:45:00Z,132.12,132.12,132.12,132.12
2025-12-11T17:50:00Z,132.15,132.15,131.67,131.67
2025-12-11T18:00:00Z,130.35,130.35,130.35,130.35
2025-12-11T18:05:00Z,129.9,129.9,129.9,129.9
2025-12-11T18:10:00Z,131.64,131.64,131.64,131.64
2025-12-11T18:15:00Z,131.19,131.19,131.19,131.19
2025-12-11T18:20:00Z,132,132.66,132,132.66
2025-12-11T18:30:00Z,131.85,131.85,131.46,131.49
2025-12-11T18:35:00Z,132,132.09,132,132.09
2025-12-11T18:50:00Z,132.3,132.3,132.3,132.3
2025-12-11T19:00:00Z,131.4,132.48,131.4,132.48
2025-12-11T19:05:00Z,132.33,132.33,131.685,131.88
2025-12-11T19:10:00Z,132.405,132.435,132.405,132.435
2025-12-11T19:25:00Z,132.93,133.2,132.93,133.2
2025-12-11T19:30:00Z,132.987,132.987,132.987,132.987
2025-12-11T19:35:00Z,133.2,133.5,133.05,133.05
2025-12-11T19:40:00Z,133.77,133.8,133.77,133.8
2025-12-11T19:45:00Z,133.56,134.04,133.56,134.04
2025-12-11T19:50:00Z,134.25,134.25,134.25,134.25
2025-12-11T19:55:00Z,133.56,133.56,133.56,133.56
2025-12-11T20:00:00Z,133.98,134.4,133.98,134.4
2025-12-11T20:05:00Z,133.8,133.8,133.8,133.8
2025-12-11T20:15:00Z,134.1,134.1,134.1,134.1
2025-12-11T20:20:00Z,133.38,133.38,133.14,133.14
2025-12-11T20:25:00Z,133.23,133.23,133.11,133.11
2025-12-11T20:35:00Z,132,132,132,132
2025-12-11T20:40:00Z,132,132.15,131.94,132.15
2025-12-11T20:45:00Z,132.15,132.3,132.15,132.3
2025-12-11T20:50:00Z,131.76,131.88,131.64,131.79
2025-12-11T20:55:00Z,131.97,132.03,131.76,132.03
2025-12-12T14:30:00Z,130.86,131.31,129.6,130.35
2025-12-12T14:35:00Z,129.39,129.51,127.44,127.5
2025-12-12T14:40:00Z,127.05,127.05,125.79,126.24
2025-12-12T14:45:00Z,126,127.05,125.37,126.045
2025-12-12T14:50:00Z,125.13,128.1,125.13,127.98
2025-12-12T14:55:00Z,127.65,127.77,126,126.795
2025-12-12T15:00:00Z,126.66,126.66,126.36,126.48
2025-12-12T15:05:00Z,124.86,124.86,122.46,122.46
2025-12-12T15:10:00Z,123.54,124.68,123.54,124.02
2025-12-12T15:15:00Z,123.9,124.71,123.69,124.41
2025-12-12T15:20:00Z,124.17,124.17,122.4,122.49
2025-12-12T15:25:00Z,122.79,122.79,120.45,120.45
2025-12-12T15:30:00Z,121.125,121.71,121.08,121.71
2025-12-12T15:35:00Z,122.79,123,122.7,123
2025-12-12T15:40:00Z,122.52,123,121.92,123
2025-12-12T15:45:00Z,123.9,123.9,122.88,123.45
2025-12-12T15:55:00Z,121.8,121.8,119.85,120.27
2025-12-12T16:00:00Z,121.5,121.5,118.275,118.275
2025-12-12T16:05:00Z,119.01,119.01,117.87,117.87
2025-12-12T16:10:00Z,117.3,118.2,117,118.11
2025-12-12T16:15:00Z,117.81,117.84,116.97,116.97
2025-12-12T16:20:00Z,117,117,115.5,116.13
2025-12-12T16:25:00Z,117,118.14,117,118.14
2025-12-12T16:30:00Z,117.99,118.14,116.43,116.43
2025-12-12T16:35:00Z,115.89,115.89,115.5,115.83
2025-12-12T16:40:00Z,116.28,117.24,116.28,117.24
2025-12-12T16:45:00Z,116.52,117.45,116.52,117.42
2025-12-12T16:50:00Z,117.63,117.84,117.63,117.84
2025-12-12T16:55:00Z,118.32,118.32,118.32,118.32
2025-12-12T17:00:00Z,119.34,119.34,118.98,118.98
2025-12-12T17:05:00Z,120,120,119.82,119.82
2025-12-12T17:10:00Z,120.54,120.54,120.54,120.54
2025-12-12T17:15:00Z,120.72,120.72,120.57,120.57
2025-12-12T17:20:00Z,120.57,120.66,120.57,120.66
2025-12-12T17:25:00Z,120.045,120.045,119.7,119.7
2025-12-12T17:30:00Z,118.89,118.89,118.2,118.26
2025-12-12T17:40:00Z,119.1,119.1,119.1,119.1
2025-12-12T17:45:00Z,119.34,119.34,119.34,119.34
2025-12-12T17:55:00Z,120,120,120,120
2025-12-12T18:00:00Z,120.06,120.06,120.06,120.06
2025-12-12T18:10:00Z,120.69,121.29,120.69,121.29
2025-12-12T18:15:00Z,121.29,122.04,121.29,122.04
2025-12-12T18:20:00Z,122.025,122.025,121.29,121.29
2025-12-12T18:25:00Z,121.5,121.8,121.5,121.53
2025-12-12T18:35:00Z,121.5,121.5,121.5,121.5
2025-12-12T18:40:00Z,120.915,120.915,120.81,120.81
2025-12-12T18:45:00Z,120.75,121.53,120.75,121.53
2025-12-12T18:50:00Z,121.8,121.8,121.8,121.8
2025-12-12T18:55:00Z,120.15,120.15,120,120
2025-12-12T19:00:00Z,119.925,119.925,119.07,119.25
2025-12-12T19:05:00Z,118.83,118.89,118.8,118.8
2025-12-12T19:10:00Z,119.1,119.1,118.53,118.53
2025-12-12T19:15:00Z,118.53,118.53,118.05,118.2
2025-12-12T19:25:00Z,117.45,117.66,117.45,117.66
2025-12-12T19:30:00Z,118.74,118.74,118.5,118.5
2025-12-12T19:35:00Z,118.05,118.05,118.05,118.05
2025-12-12T19:40:00Z,118.23,118.23,118.23,118.23
2025-12-12T19:50:00Z,117.78,117.78,117.63,117.69
2025-12-12T19:55:00Z,117.51,117.54,116.82,117.27
2025-12-12T20:00:00Z,117.15,117.15,116.61,116.61
2025-12-12T20:05:00Z,117.15,117.15,117.15,117.15
2025-12-12T20:10:00Z,118.14,118.23,117.78,117.78
2025-12-12T20:15:00Z,117.96,117.96,117.96,117.96
2025-12-12T20:20:00Z,117.45,117.45,117.45,117.45
2025-12-12T20:25:00Z,117,117,116.97,117
2025-12-12T20:30:00Z,116.7,116.7,116.1,116.16
2025-12-12T20:35:00Z,116.04,116.04,115.29,115.29
2025-12-12T20:40:00Z,116.64,116.64,116.64,116.64
2025-12-12T20:45:00Z,116.46,116.46,115.14,115.14
2025-12-12T20:50:00Z,115.53,116.01,114.63,114.63
2025-12-12T20:55:00Z,114.87,114.9,114.78,114.78
2025-12-15T14:30:00Z,118.92,119.145,117.66,118.02
2025-12-15T14:35:00Z,119.76,120.12,119.31,119.31
2025-12-15T14:40:00Z,119.4,119.4,117.96,117.96
2025-12-15T14:45:00Z,118.065,118.065,116.4,116.4
2025-12-15T14:50:00Z,116.49,116.61,113.64,113.64
2025-12-15T14:55:00Z,113.49,113.85,112.11,112.68
2025-12-15T15:00:00Z,112.11,113.1,111.93,112.29
2025-12-15T15:05:00Z,114,114,112.98,113.55
2025-12-15T15:10:00Z,112.83,115.29,112.5,115.17
2025-12-15T15:15:00Z,115.23,115.935,115.08,115.59
2025-12-15T15:20:00Z,117,117.12,116.1,116.31
2025-12-15T15:25:00Z,116.64,117.18,116.64,117.18
2025-12-15T15:30:00Z,117.45,117.51,117.45,117.51
2025-12-15T15:35:00Z,118.02,118.02,118.02,118.02
2025-12-15T15:40:00Z,118.08,120,118.08,120
2025-12-15T15:45:00Z,120.12,120.39,120,120.315
2025-12-15T15:50:00Z,120.39,120.51,119.31,119.31
2025-12-15T15:55:00Z,119.85,119.88,119.82,119.82
2025-12-15T16:00:00Z,119.82,120.06,119.52,119.94
2025-12-15T16:05:00Z,120.09,120.9,120.09,120.585
2025-12-15T16:10:00Z,121.29,121.5,120.72,120.72
2025-12-15T16:15:00Z,121.2,121.86,121.2,121.77
2025-12-15T16:20:00Z,121.98,121.98,121.56,121.56
2025-12-15T16:25:00Z,121.56,121.56,121.47,121.47
2025-12-15T16:30:00Z,120.93,120.93,120.72,120.72
2025-12-15T16:35:00Z,120.42,120.42,120,120
2025-12-15T16:40:00Z,119.73,119.91,119.73,119.91
2025-12-15T16:45:00Z,119.25,119.37,118.95,119.37
2025-12-15T16:55:00Z,120.6,120.6,120.6,120.6
2025-12-15T17:00:00Z,120.42,120.69,120.42,120.69
2025-12-15T17:05:00Z,120.42,120.42,120.42,120.42
2025-12-15T17:20:00Z,121.065,121.065,121.065,121.065
2025-12-15T17:25:00Z,120.99,120.99,120.9,120.9
2025-12-15T17:30:00Z,120.9,120.96,120.9,120.9
2025-12-15T17:35:00Z,121.5,121.53,121.5,121.53
2025-12-15T17:40:00Z,121.8,121.8,121.8,121.8
2025-12-15T17:45:00Z,121.68,121.68,121.68,121.68
2025-12-15T17:50:00Z,121.41,121.41,120.9,120.93
2025-12-15T17:55:00Z,121.65,121.65,121.35,121.35
2025-12-15T18:00:00Z,120.9,120.9,120.54,120.54
2025-12-15T18:05:00Z,120.75,120.75,120.33,120.33
2025-12-15T18:25:00Z,119.94,119.94,119.94,119.94
2025-12-15T18:30:00Z,120.51,120.51,120.33,120.33
2025-12-15T18:35:00Z,119.52,119.52,119.43,119.43
2025-12-15T19:00:00Z,120.9,120.9,120.9,120.9
2025-12-15T19:05:00Z,121.02,121.02,121.02,121.02
2025-12-15T19:15:00Z,120.06,120.06,120.06,120.06
2025-12-15T19:25:00Z,119.91,119.91,119.7,119.7
2025-12-15T19:30:00Z,119.79,119.79,119.79,119.79
2025-12-15T19:35:00Z,120,120,120,120
2025-12-15T19:40:00Z,120.36,120.36,120.18,120.18
2025-12-15T19:45:00Z,120.195,120.195,120.195,120.195
2025-12-15T20:00:00Z,119.58,119.58,119.01,119.01
2025-12-15T20:05:00Z,119.61,119.61,119.61,119.61
2025-12-15T20:10:00Z,119.79,119.79,119.58,119.58
2025-12-15T20:15:00Z,119.61,119.88,119.61,119.88
2025-12-15T20:20:00Z,119.79,119.79,119.49,119.49
2025-12-15T20:25:00Z,119.61,119.61,119.61,119.61
2025-12-15T20:30:00Z,120.24,120.24,119.52,119.58
2025-12-15T20:35:00Z,119.43,119.43,119.43,119.43
2025-12-15T20:40:00Z,118.59,118.65,118.59,118.65
2025-12-15T20:45:00Z,118.725,118.725,117.93,118.14
2025-12-15T20:50:00Z,117.75,117.75,117.75,117.75
2025-12-15T20:55:00Z,117.3,117.3,116.52,116.52
2025-12-16T14:30:00Z,114.84,116.55,114.84,116.55
2025-12-16T14:35:00Z,115.95,115.95,114.54,115.32
2025-12-16T14:40:00Z,115.59,115.59,112.5,112.5
2025-12-16T14:45:00Z,112.35,115.02,111.99,114.75
2025-12-16T14:50:00Z,115.29,117,115.29,116.04
2025-12-16T14:55:00Z,115.59,117.45,115.59,117.42
2025-12-16T15:00:00Z,117.45,117.45,116.88,117.24
2025-12-16T15:05:00Z,117.66,118.755,117.66,118.17
2025-12-16T15:10:00Z,116.76,116.76,116.13,116.13
2025-12-16T15:15:00Z,115.86,115.86,114,114
2025-12-16T15:20:00Z,113.4,113.67,112.5,112.5
2025-12-16T15:25:00Z,112.71,112.71,110.79,112.08
2025-12-16T15:30:00Z,112.44,112.44,112.17,112.29
2025-12-16T15:35:00Z,112.05,112.05,110.13,110.82
2025-12-16T15:40:00Z,110.31,110.4,109.38,110.4
2025-12-16T15:45:00Z,110.67,111.06,110.64,110.64
2025-12-16T15:50:00Z,110.145,110.97,110.145,110.97
2025-12-16T15:55:00Z,111.15,111.66,110.85,111.66
2025-12-16T16:00:00Z,111.63,111.81,111.63,111.78
2025-12-16T16:05:00Z,111.69,111.69,110.67,110.67
2025-12-16T16:10:00Z,110.28,110.28,110.28,110.28
2025-12-16T16:15:00Z,110.43,111.54,110.31,111.54
2025-12-16T16:25:00Z,111.27,111.27,111,111
2025-12-16T16:30:00Z,111,111.33,111,111.33
2025-12-16T16:45:00Z,112.56,113.55,112.56,113.55
2025-12-16T16:50:00Z,113.61,113.61,112.98,112.98
2025-12-16T16:55:00Z,113.4,113.4,113.4,113.4
2025-12-16T17:00:00Z,114,114.03,114,114.03
2025-12-16T17:05:00Z,113.88,113.91,113.46,113.46
2025-12-16T17:15:00Z,113.13,113.13,113.13,113.13
2025-12-16T17:20:00Z,112.95,112.95,112.83,112.83
2025-12-16T17:25:00Z,112.5,112.5,112.5,112.5
2025-12-16T17:35:00Z,113.31,113.31,113.16,113.16
2025-12-16T17:45:00Z,113.19,113.19,113.13,113.13
2025-12-16T17:50:00Z,112.71,112.83,112.71,112.83
2025-12-16T18:00:00Z,112.65,112.71,112.65,112.71
2025-12-16T18:10:00Z,112.68,112.68,112.68,112.68
2025-12-16T18:15:00Z,112.83,112.83,112.77,112.77
2025-12-16T18:20:00Z,112.86,112.86,112.86,112.86
2025-12-16T18:25:00Z,113.1,113.1,113.04,113.04
2025-12-16T18:30:00Z,113.04,113.13,113.04,113.13
2025-12-16T18:35:00Z,114.45,114.54,114.45,114.45
2025-12-16T18:40:00Z,114.96,115.11,114.75,114.75
2025-12-16T18:45:00Z,115.8,115.8,114.87,114.99
2025-12-16T18:50:00Z,114.75,114.81,114.6,114.6
2025-12-16T18:55:00Z,114.57,114.6,114.57,114.6
2025-12-16T19:00:00Z,114.45,115.14,114.45,114.51
2025-12-16T19:10:00Z,114.39,114.39,114.39,114.39
2025-12-16T19:15:00Z,114.45,114.45,114,114
2025-12-16T19:20:00Z,114.12,114.42,114.12,114.42
2025-12-16T19:25:00Z,114.51,114.54,114.48,114.48
2025-12-16T19:30:00Z,114.57,114.78,114.39,114.78
2025-12-16T19:35:00Z,115.29,115.38,115.29,115.38
2025-12-16T19:40:00Z,115.32,115.32,115.29,115.29
2025-12-16T19:45:00Z,114.93,115.14,114.93,115.14
2025-12-16T19:50:00Z,115.47,115.47,115.2,115.2
2025-12-16T19:55:00Z,114.87,114.87,114.75,114.75
2025-12-16T20:00:00Z,115.2,115.2,115.08,115.08
2025-12-16T20:05:00Z,115.02,115.29,115.02,115.29
2025-12-16T20:10:00Z,115.2,115.35,115.2,115.29
2025-12-16T20:15:00Z,115.11,115.11,114.78,114.78
2025-12-16T20:20:00Z,114.72,114.9,114.72,114.9
2025-12-16T20:25:00Z,115.05,115.05,114.81,114.81
2025-12-16T20:30:00Z,115.29,115.5,115.29,115.5
2025-12-16T20:35:00Z,115.74,116.07,115.74,115.89
2025-12-16T20:40:00Z,116.01,116.01,115.68,115.77
2025-12-16T20:45:00Z,116.4,116.4,115.8,115.8
2025-12-16T20:50:00Z,116.1,117,116.1,116.76
2025-12-16T20:55:00Z,117.09,117.15,116.91,116.91
2025-12-17T14:30:00Z,119.85,121.05,119.85,120.24
2025-12-17T14:35:00Z,118.5,118.59,118.05,118.35
2025-12-17T14:40:00Z,117.45,117.45,116.31,117.03
2025-12-17T14:45:00Z,117.18,117.87,115.5,116.25
2025-12-17T14:50:00Z,115.56,116.445,114.75,116.115
2025-12-17T14:55:00Z,115.32,116.52,115.32,116.4
2025-12-17T15:00:00Z,115.92,115.92,114.93,114.93
2025-12-17T15:05:00Z,115.95,115.95,115.95,115.95
2025-12-17T15:10:00Z,115.83,115.83,115.83,115.83
2025-12-17T15:15:00Z,115.8,115.8,115.8,115.8
2025-12-17T15:20:00Z,116.37,117.69,116.37,117.63
2025-12-17T15:25:00Z,116.82,117.69,116.82,117.69
2025-12-17T15:30:00Z,118.44,118.44,118.35,118.35
2025-12-17T15:35:00Z,117,117,115.8,115.8
2025-12-17T15:40:00Z,115.65,115.65,114.84,115.005
2025-12-17T15:45:00Z,115.41,115.41,115.41,115.41
2025-12-17T15:50:00Z,114.78,114.78,114.78,114.78
2025-12-17T15:55:00Z,114.84,115.05,114.84,115.05
2025-12-17T16:00:00Z,114.93,114.93,114.75,114.75
2025-12-17T16:10:00Z,116.31,116.31,116.04,116.04
2025-12-17T16:15:00Z,115.77,115.77,115.77,115.77
2025-12-17T16:20:00Z,115.89,115.89,115.89,115.89
2025-12-17T16:30:00Z,114,114,113.25,113.25
2025-12-17T16:35:00Z,113.31,113.31,112.86,112.86
2025-12-17T16:40:00Z,114.42,114.42,114.42,114.42
2025-12-17T16:45:00Z,115.29,116.19,115.29,116.07
2025-12-17T17:10:00Z,116.115,117,116.115,117
2025-12-17T17:15:00Z,116.49,116.79,116.31,116.79
2025-12-17T17:25:00Z,117.03,117.03,117.03,117.03
2025-12-17T17:35:00Z,116.43,116.43,116.4,116.43
2025-12-17T17:40:00Z,116.43,116.73,116.1,116.1
2025-12-17T17:50:00Z,116.1,116.1,116.1,116.1
2025-12-17T18:10:00Z,115.92,116.07,115.92,116.07
2025-12-17T18:30:00Z,115.68,115.68,115.68,115.68
2025-12-17T18:45:00Z,114,114,113.49,113.49
2025-12-17T18:50:00Z,113.85,113.85,113.85,113.85
2025-12-17T18:55:00Z,113.61,113.61,113.61,113.61
2025-12-17T19:00:00Z,113.88,113.88,113.88,113.88
2025-12-17T19:05:00Z,112.98,112.98,112.98,112.98
2025-12-17T19:10:00Z,114.12,114.12,114.12,114.12
2025-12-17T19:15:00Z,113.7,113.7,113.4,113.4
2025-12-17T19:20:00Z,114.12,114.42,114.12,114.36
2025-12-17T19:30:00Z,113.85,113.85,113.16,113.16
2025-12-17T19:40:00Z,112.74,112.89,112.74,112.89
2025-12-17T19:45:00Z,112.38,112.77,112.32,112.77
2025-12-17T19:50:00Z,112.05,112.05,112.05,112.05
2025-12-17T20:00:00Z,112.32,112.44,112.32,112.44
2025-12-17T20:05:00Z,112.41,112.41,112.41,112.41
2025-12-17T20:20:00Z,112.08,112.08,112.08,112.08
2025-12-17T20:25:00Z,111.72,111.72,111.72,111.72
2025-12-17T20:30:00Z,111,111,110.46,110.82
2025-12-17T20:35:00Z,110.85,110.85,110.25,110.25
2025-12-17T20:40:00Z,110.82,111.03,110.7,111.03
2025-12-17T20:45:00Z,110.91,111,110.88,111
2025-12-17T20:50:00Z,110.94,110.94,110.94,110.94
2025-12-17T20:55:00Z,110.34,110.34,110.1,110.1
2025-12-18T14:30:00Z,116.49,121.44,116.49,121.44
2025-12-18T14:35:00Z,122.07,123,120.36,120.9
2025-12-18T14:40:00Z,121.44,122.16,121.44,121.71
2025-12-18T14:45:00Z,122.1,122.37,119.07,119.7
2025-12-18T14:50:00Z,120,120,118.92,119.16
2025-12-18T14:55:00Z,119.31,120.15,118.5,119.28
2025-12-18T15:00:00Z,119.76,120.69,119.67,120.51
2025-12-18T15:05:00Z,120.24,120.42,119.19,119.19
2025-12-18T15:10:00Z,120.03,121.17,119.895,120.72
2025-12-18T15:15:00Z,120.63,121.53,120.15,121.26
2025-12-18T15:20:00Z,121.14,122.7,120.81,122.625
2025-12-18T15:25:00Z,122.43,123.84,122.43,123.78
2025-12-18T15:30:00Z,123.57,125.4,123.57,125.04
2025-12-18T15:35:00Z,125.52,125.52,125.04,125.25
2025-12-18T15:40:00Z,125.04,125.13,124.23,124.23
2025-12-18T15:45:00Z,124.47,124.56,124.11,124.56
2025-12-18T15:50:00Z,123.93,124.89,123.93,124.89
2025-12-18T15:55:00Z,124.8,124.8,123.84,123.84
2025-12-18T16:00:00Z,123.78,124.8,123.78,124.8
2025-12-18T16:05:00Z,124.845,124.845,124.44,124.44
2025-12-18T16:10:00Z,124.38,124.44,124.38,124.44
2025-12-18T16:15:00Z,124.2,124.62,123.93,124.14
2025-12-18T16:20:00Z,124.26,124.26,124.26,124.26
2025-12-18T16:25:00Z,124.17,124.26,123.24,123.24
2025-12-18T16:30:00Z,123.99,123.99,123.84,123.84
2025-12-18T16:50:00Z,124.32,124.35,123.615,123.615
2025-12-18T16:55:00Z,124.11,124.11,124.11,124.11
2025-12-18T17:00:00Z,124.02,124.02,123.36,123.36
2025-12-18T17:05:00Z,123.36,123.36,122.37,122.37
2025-12-18T17:10:00Z,121.83,122.1,121.83,122.04
2025-12-18T17:15:00Z,121.5,121.5,120.75,120.75
2025-12-18T17:25:00Z,121.08,121.08,121.05,121.05
2025-12-18T17:30:00Z,121.77,123.06,121.77,123.06
2025-12-18T17:35:00Z,123.36,123.45,123.18,123.33
2025-12-18T17:40:00Z,123.66,123.66,123.66,123.66
2025-12-18T17:45:00Z,124.26,124.26,124.17,124.17
2025-12-18T17:50:00Z,123.99,124.56,123.96,124.56
2025-12-18T17:55:00Z,124.68,125.07,124.68,125.07
2025-12-18T18:00:00Z,125.1,125.1,124.62,124.62
2025-12-18T18:05:00Z,124.8,125.085,124.8,125.085
2025-12-18T18:10:00Z,124.89,124.89,124.86,124.86
2025-12-18T18:20:00Z,124.74,124.74,124.74,124.74
2025-12-18T18:25:00Z,124.41,124.41,124.41,124.41
2025-12-18T18:30:00Z,124.26,124.26,124.26,124.26
2025-12-18T18:35:00Z,124.32,124.47,124.32,124.47
2025-12-18T18:40:00Z,124.32,124.32,124.32,124.32
2025-12-18T18:45:00Z,124.17,124.17,123.93,123.93
2025-12-18T18:50:00Z,124.14,124.14,124.14,124.14
2025-12-18T18:55:00Z,123.72,123.72,123.3,123.3
2025-12-18T19:00:00Z,123.15,123.15,122.94,122.94
2025-12-18T19:05:00Z,122.58,122.58,122.58,122.58
2025-12-18T19:10:00Z,123.27,123.27,122.85,122.85
2025-12-18T19:15:00Z,122.64,122.7,122.64,122.7
2025-12-18T19:20:00Z,123.21,123.21,123.21,123.21
2025-12-18T19:25:00Z,122.91,122.91,122.67,122.67
2025-12-18T19:30:00Z,122.97,122.97,122.88,122.88
2025-12-18T19:35:00Z,122.88,122.88,122.88,122.88
2025-12-18T19:50:00Z,123.03,123.03,123.03,123.03
2025-12-18T19:55:00Z,122.34,122.34,122.28,122.28
2025-12-18T20:05:00Z,123.21,123.48,123.21,123.48
2025-12-18T20:10:00Z,123.6,123.6,123.6,123.6
2025-12-18T20:15:00Z,123.51,123.51,122.76,122.76
2025-12-18T20:30:00Z,123.27,123.27,123.27,123.27
2025-12-18T20:35:00Z,123.27,123.27,123.27,123.27
2025-12-18T20:40:00Z,123.93,124.08,123.93,123.99
2025-12-18T20:45:00Z,124.14,124.14,123.87,124.11
2025-12-18T20:50:00Z,123.45,123.45,123.15,123.15
2025-12-18T20:55:00Z,122.64,122.76,122.64,122.67
2025-12-19T14:30:00Z,125.28,130.5,125.28,129.21
2025-12-19T14:35:00Z,128.4,128.61,127.17,127.515
2025-12-19T14:40:00Z,126.72,127.5,126.42,127.5
2025-12-19T14:45:00Z,129,129.9,127.77,129.6
2025-12-19T14:50:00Z,129.99,129.99,129.06,129.39
2025-12-19T14:55:00Z,129.9,130.5,129.81,129.81
2025-12-19T15:00:00Z,130.5,131.94,130.5,130.62
2025-12-19T15:05:00Z,130.5,130.5,129.51,129.51
2025-12-19T15:10:00Z,129.63,130.2,129.57,129.57
2025-12-19T15:15:00Z,128.37,128.4,127.77,127.8
2025-12-19T15:20:00Z,127.53,127.53,126.9,126.9
2025-12-19T15:25:00Z,126,126.6,126,126.6
2025-12-19T15:35:00Z,128.79,129.36,128.7,128.7
2025-12-19T15:40:00Z,128.94,128.94,128.37,128.37
2025-12-19T15:45:00Z,128.13,128.7,128.13,128.7
2025-12-19T15:50:00Z,128.01,128.28,128.01,128.28
2025-12-19T15:55:00Z,129.39,129.39,129.39,129.39
2025-12-19T16:00:00Z,129.36,129.6,129.33,129.33
2025-12-19T16:05:00Z,129.84,129.84,129.84,129.84
2025-12-19T16:10:00Z,130.08,130.89,130.08,130.8
2025-12-19T16:15:00Z,130.29,130.29,130.14,130.14
2025-12-19T16:20:00Z,129.81,129.81,129.81,129.81
2025-12-19T16:25:00Z,130.5,130.5,130.5,130.5
2025-12-19T16:30:00Z,130.83,131.4,130.8,131.4
2025-12-19T16:35:00Z,131.34,132.3,131.34,132.3
2025-12-19T16:40:00Z,132.42,132.6,132.42,132.51
2025-12-19T16:45:00Z,132.15,132.15,131.85,131.85
2025-12-19T16:50:00Z,131.79,132.33,131.79,132.33
2025-12-19T16:55:00Z,132.12,132.15,132.12,132.15
2025-12-19T17:00:00Z,132.42,132.42,132.42,132.42
2025-12-19T17:05:00Z,132,132,132,132
2025-12-19T17:10:00Z,132,132,131.61,132
2025-12-19T17:15:00Z,132.03,132.03,132.03,132.03
2025-12-19T17:25:00Z,131.97,132.42,131.955,132
2025-12-19T17:30:00Z,132.12,132.12,132.12,132.12
2025-12-19T17:35:00Z,132.27,132.27,132.03,132.03
2025-12-19T17:45:00Z,131.82,133.02,131.67,132.96
2025-12-19T17:50:00Z,131.37,131.49,131.25,131.25
2025-12-19T17:55:00Z,132.03,132.03,131.4,131.82
2025-12-19T18:00:00Z,131.49,131.49,131.1,131.1
2025-12-19T18:15:00Z,131.22,131.22,131.22,131.22
2025-12-19T18:20:00Z,131.55,132.9,131.55,132.87
2025-12-19T18:25:00Z,132.99,132.99,132.51,132.63
2025-12-19T18:35:00Z,132.33,132.33,132.03,132.03
2025-12-19T18:40:00Z,132.12,132.12,131.805,131.805
2025-12-19T18:45:00Z,131.64,131.64,131.49,131.49
2025-12-19T18:50:00Z,131.4,131.4,131.4,131.4
2025-12-19T18:55:00Z,131.4,131.4,131.4,131.4
2025-12-19T19:00:00Z,132.15,133.05,131.82,133.05
2025-12-19T19:05:00Z,132.78,132.87,131.61,131.73
2025-12-19T19:10:00Z,131.43,131.43,131.16,131.16
2025-12-19T19:15:00Z,131.04,131.04,131.04,131.04
2025-12-19T19:20:00Z,131.64,131.67,131.64,131.67
2025-12-19T19:25:00Z,131.88,131.88,131.88,131.88
2025-12-19T19:30:00Z,131.97,132.18,131.97,132.15
2025-12-19T19:45:00Z,131.205,131.205,130.92,130.92
2025-12-19T19:50:00Z,131.13,131.19,131.13,131.19
2025-12-19T19:55:00Z,131.01,131.01,131.01,131.01
2025-12-19T20:00:00Z,131.76,131.76,131.76,131.76
2025-12-19T20:05:00Z,131.46,131.46,131.46,131.46
2025-12-19T20:15:00Z,132.9,133.02,132.81,132.81
2025-12-19T20:25:00Z,132.99,134.7,132.99,134.34
2025-12-19T20:30:00Z,134.16,134.16,133.98,133.98
2025-12-19T20:35:00Z,134.115,134.37,133.65,134.37
2025-12-19T20:40:00Z,134.19,134.28,134.04,134.28
2025-12-19T20:45:00Z,134.55,134.55,134.1,134.46
2025-12-19T20:50:00Z,134.61,135.75,134.4,134.52
2025-12-22T14:30:00Z,136.26,137.64,132.81,132.81
2025-12-22T14:35:00Z,133.65,135.06,132.6,133.44
2025-12-22T14:40:00Z,133.2,135.81,133.2,135.54
2025-12-22T14:45:00Z,135.285,137.46,135.12,137.46
2025-12-22T14:50:00Z,136.86,136.86,135.51,136.41
2025-12-22T14:55:00Z,136.245,136.245,134.7,134.91
2025-12-22T15:00:00Z,134.7,134.7,133.5,134.25
2025-12-22T15:05:00Z,135,135.21,134.79,135
2025-12-22T15:10:00Z,135.39,135.39,135,135
2025-12-22T15:15:00Z,135.6,135.6,134.1,134.4
2025-12-22T15:20:00Z,134.64,135.27,134.55,135.27
2025-12-22T15:25:00Z,135.18,135.99,135.18,135.99
2025-12-22T15:30:00Z,135.24,135.24,134.85,134.97
2025-12-22T15:35:00Z,134.34,134.4,133.83,134.31
2025-12-22T15:40:00Z,133.95,133.98,132.51,133.8
2025-12-22T15:45:00Z,133.95,133.95,133.14,133.14
2025-12-22T15:50:00Z,132.975,132.975,132.39,132.39
2025-12-22T15:55:00Z,133.83,133.83,133.83,133.83
2025-12-22T16:00:00Z,133.5,133.5,133.35,133.35
2025-12-22T16:05:00Z,133.11,133.11,133.11,133.11
2025-12-22T16:15:00Z,134.4,134.4,134.4,134.4
2025-12-22T16:20:00Z,135.18,135.18,135.18,135.18
2025-12-22T16:25:00Z,135.57,136.11,135.57,136.08
2025-12-22T16:30:00Z,136.11,136.11,136.11,136.11
2025-12-22T16:45:00Z,136.02,136.26,136.02,136.26
2025-12-22T16:50:00Z,136.2,136.2,136.11,136.11
2025-12-22T16:55:00Z,135.54,135.54,135.54,135.54
2025-12-22T17:00:00Z,135.48,135.48,135,135.3
2025-12-22T17:05:00Z,135.51,135.51,135.51,135.51
2025-12-22T17:15:00Z,135.42,135.42,135.42,135.42
2025-12-22T17:20:00Z,135.15,135.15,135.15,135.15
2025-12-22T17:30:00Z,134.94,134.94,134.94,134.94
2025-12-22T17:35:00Z,134.88,134.88,134.88,134.88
2025-12-22T17:40:00Z,134.67,134.67,134.67,134.67
2025-12-22T17:45:00Z,134.37,134.37,134.16,134.16
2025-12-22T17:50:00Z,134.31,134.76,134.31,134.64
2025-12-22T18:00:00Z,134.49,134.49,134.37,134.37
2025-12-22T18:20:00Z,134.22,134.22,134.22,134.22
2025-12-22T18:25:00Z,134.34,134.34,134.22,134.22
2025-12-22T18:35:00Z,134.1,134.28,134.1,134.28
2025-12-22T18:40:00Z,134.1,134.1,134.1,134.1
2025-12-22T18:45:00Z,133.95,133.95,133.92,133.92
2025-12-22T18:50:00Z,133.98,133.98,133.98,133.98
2025-12-22T18:55:00Z,134.25,134.25,134.25,134.25
2025-12-22T19:00:00Z,134.13,134.19,134.13,134.19
2025-12-22T19:15:00Z,133.98,134.13,133.98,134.13
2025-12-22T19:20:00Z,134.94,135,134.94,135
2025-12-22T19:25:00Z,134.97,135.18,134.97,135.18
2025-12-22T19:30:00Z,135.6,135.6,135.6,135.6
2025-12-22T19:35:00Z,136.2,136.74,136.2,136.74
2025-12-22T19:40:00Z,136.47,136.47,136.47,136.47
2025-12-22T19:45:00Z,135.93,135.93,135.93,135.93
2025-12-22T19:55:00Z,135.42,135.42,135.27,135.42
2025-12-22T20:00:00Z,134.76,134.76,134.76,134.76
2025-12-22T20:05:00Z,134.76,135,134.76,135
2025-12-22T20:20:00Z,136.02,136.02,136.02,136.02
2025-12-22T20:25:00Z,136.56,136.887,136.56,136.887
2025-12-22T20:30:00Z,136.335,136.35,136.335,136.35
2025-12-22T20:35:00Z,135.945,135.945,135.87,135.9
2025-12-22T20:40:00Z,135.6,135.6,135.6,135.6
2025-12-22T20:45:00Z,135.36,135.36,135.36,135.36
2025-12-22T20:50:00Z,136.35,136.35,136.17,136.29
2025-12-22T20:55:00Z,136.56,136.56,136.56,136.56
2025-12-23T14:30:00Z,134.7,137.49,133.5,133.5
2025-12-23T14:35:00Z,133.23,135.75,133.23,135.75
2025-12-23T14:40:00Z,133.56,133.56,132.99,132.99
2025-12-23T14:45:00Z,133.05,133.365,132,132
2025-12-23T14:50:00Z,131.49,131.49,130.47,130.5
2025-12-23T14:55:00Z,129.81,129.96,129.6,129.6
2025-12-23T15:00:00Z,129.78,129.9,128.46,129
2025-12-23T15:05:00Z,128.37,129,127.95,129
2025-12-23T15:10:00Z,129.15,129.15,127.8,127.8
2025-12-23T15:20:00Z,129.3,129.3,129.12,129.12
2025-12-23T15:25:00Z,128.76,128.76,128.4,128.4
2025-12-23T15:30:00Z,129,129,129,129
2025-12-23T15:35:00Z,130.77,130.77,130.77,130.77
2025-12-23T15:40:00Z,130.89,130.89,130.89,130.89
2025-12-23T15:45:00Z,130.8,131.34,130.8,131.34
2025-12-23T15:50:00Z,130.59,130.59,130.59,130.59
2025-12-23T15:55:00Z,131.46,132,131.46,131.91
2025-12-23T16:00:00Z,132.06,132.15,132.06,132.15
2025-12-23T16:05:00Z,132.24,132.24,132.21,132.21
2025-12-23T16:10:00Z,132.09,132.09,131.88,131.88
2025-12-23T16:15:00Z,132.12,132.12,132.12,132.12
2025-12-23T16:25:00Z,131.73,131.88,131.52,131.52
2025-12-23T16:30:00Z,131.4,131.61,131.4,131.46
2025-12-23T16:40:00Z,132.18,132.18,132.18,132.18
2025-12-23T16:50:00Z,131.91,131.91,131.91,131.91
2025-12-23T16:55:00Z,131.97,131.97,131.97,131.97
2025-12-23T17:00:00Z,131.91,131.91,131.91,131.91
2025-12-23T17:05:00Z,132.63,132.63,132.63,132.63
2025-12-23T17:20:00Z,132.42,132.42,132.42,132.42
2025-12-23T17:25:00Z,132.3,132.3,132.3,132.3
2025-12-23T17:50:00Z,132.45,132.45,132.21,132.21
2025-12-23T17:55:00Z,131.88,131.88,131.61,131.61
2025-12-23T18:15:00Z,132.45,132.45,132.45,132.45
2025-12-23T18:55:00Z,131.88,131.88,131.61,131.61
2025-12-23T19:00:00Z,132.63,133.02,132.63,133.02
2025-12-23T19:05:00Z,133.08,133.14,132.99,132.99
2025-12-23T19:20:00Z,132.36,132.36,132.36,132.36
2025-12-23T19:25:00Z,132.12,132.21,132.12,132.21
2025-12-23T19:40:00Z,132.72,132.72,132.72,132.72
2025-12-23T19:45:00Z,132.78,132.78,132.78,132.78
2025-12-23T19:50:00Z,132.6,132.84,132.6,132.84
2025-12-23T19:55:00Z,132.84,132.84,132.75,132.75
2025-12-23T20:00:00Z,132.84,132.93,132.84,132.93
2025-12-23T20:15:00Z,133.8,133.8,133.62,133.62
2025-12-23T20:20:00Z,133.95,133.95,133.95,133.95
2025-12-23T20:25:00Z,133.77,133.77,133.38,133.38
2025-12-23T20:30:00Z,133.47,133.47,133.47,133.47
2025-12-23T20:35:00Z,133.62,133.62,133.2,133.41
2025-12-23T20:40:00Z,133.575,133.575,133.575,133.575
2025-12-23T20:50:00Z,133.8,133.83,133.29,133.32
2025-12-23T20:55:00Z,133.77,134.4,133.77,134.4
2025-12-24T14:30:00Z,133.98,136.17,133.5,136.17
2025-12-24T14:35:00Z,136.65,136.65,133.5,133.77
2025-12-24T14:40:00Z,134.475,136.08,134.475,135.585
2025-12-24T14:45:00Z,135.03,135.03,133.44,133.44
2025-12-24T14:50:00Z,132.9,133.305,132.3,133.05
2025-12-24T14:55:00Z,133.08,133.08,133.08,133.08
2025-12-24T15:00:00Z,134.76,135,134.76,135
2025-12-24T15:05:00Z,134.94,134.94,133.68,133.68
2025-12-24T15:10:00Z,133.44,133.44,133.44,133.44
2025-12-24T15:15:00Z,133.92,133.92,133.5,133.5
2025-12-24T15:20:00Z,133.56,133.56,133.56,133.56
2025-12-24T15:25:00Z,132.9,132.9,132.63,132.63
2025-12-24T15:30:00Z,133.11,133.11,133.11,133.11
2025-12-24T15:50:00Z,134.1,134.49,134.1,134.22
2025-12-24T15:55:00Z,133.5,133.5,133.5,133.5
2025-12-24T16:10:00Z,133.2,133.2,133.2,133.2
2025-12-24T16:15:00Z,133.02,133.02,133.02,133.02
2025-12-24T16:25:00Z,133.11,133.11,132.9,132.9
2025-12-24T16:30:00Z,132.9,132.9,132.9,132.9
2025-12-24T16:40:00Z,133.83,133.83,133.83,133.83
2025-12-24T16:45:00Z,134.07,134.07,133.5,133.5
2025-12-24T17:00:00Z,133.68,133.68,133.32,133.32
2025-12-24T17:10:00Z,133.5,133.5,133.005,133.38
2025-12-24T17:20:00Z,134.1,134.1,133.86,133.89
2025-12-24T17:30:00Z,133.8,133.8,133.74,133.74
2025-12-24T17:40:00Z,134.1,134.13,134.1,134.13
2025-12-24T17:50:00Z,134.4,135,133.755,133.77
2025-12-26T14:30:00Z,125.19,125.19,122.52,122.52
2025-12-26T14:35:00Z,122.94,122.94,122.22,122.82
2025-12-26T14:40:00Z,122.85,122.85,122.07,122.22
2025-12-26T14:45:00Z,122.4,123.33,122.4,123.33
2025-12-26T14:50:00Z,122.94,122.94,121.473,121.473
2025-12-26T14:55:00Z,121.29,121.29,121.2,121.29
2025-12-26T15:00:00Z,120.9,121.65,120.705,121.65
2025-12-26T15:05:00Z,121.35,121.8,121.35,121.8
2025-12-26T15:15:00Z,120.96,120.96,120.84,120.84
2025-12-26T15:20:00Z,121.74,121.74,121.74,121.74
2025-12-26T15:30:00Z,121.89,122.25,121.74,122.25
2025-12-26T15:40:00Z,122.31,122.31,122.31,122.31
2025-12-26T15:45:00Z,122.28,122.28,122.28,122.28
2025-12-26T15:50:00Z,122.4,122.4,122.4,122.4
2025-12-26T15:55:00Z,122.58,122.58,122.58,122.58
2025-12-26T16:00:00Z,122.82,122.82,122.82,122.82
2025-12-26T16:10:00Z,122.31,122.31,121.83,121.83
2025-12-26T16:15:00Z,122.04,122.19,121.41,121.41
2025-12-26T16:20:00Z,121.68,121.68,121.68,121.68
2025-12-26T16:25:00Z,121.83,121.83,121.83,121.83
2025-12-26T16:50:00Z,122.25,122.25,122.25,122.25
2025-12-26T17:10:00Z,122.235,122.235,122.235,122.235
2025-12-26T17:20:00Z,121.8,121.8,121.44,121.5
2025-12-26T18:00:00Z,121.95,121.95,121.95,121.95
2025-12-26T18:10:00Z,121.89,121.89,121.83,121.83
2025-12-26T18:15:00Z,122.175,122.175,121.8,121.8
2025-12-26T18:45:00Z,121.59,121.59,121.53,121.53
2025-12-26T18:55:00Z,121.53,121.53,121.023,121.11
2025-12-26T19:00:00Z,121.05,121.05,121.02,121.02
2025-12-26T19:05:00Z,120.96,120.96,120.96,120.96
2025-12-26T19:10:00Z,120.78,120.78,120.75,120.75
2025-12-26T19:15:00Z,120.57,120.57,120.57,120.57
2025-12-26T19:20:00Z,120.48,120.51,120.48,120.51
2025-12-26T19:25:00Z,120.3,120.3,119.895,119.94
2025-12-26T19:30:00Z,119.88,119.88,119.67,119.82
2025-12-26T19:35:00Z,120.36,120.36,120.36,120.36
2025-12-26T19:40:00Z,120.15,120.15,120,120
2025-12-26T19:50:00Z,119.91,119.91,119.91,119.91
2025-12-26T19:55:00Z,119.76,119.76,119.76,119.76
2025-12-26T20:10:00Z,119.46,119.46,119.4,119.4
2025-12-26T20:15:00Z,119.16,119.25,118.98,119.25
2025-12-26T20:25:00Z,119.265,119.265,119.04,119.04
2025-12-26T20:30:00Z,119.04,119.04,118.95,118.95
2025-12-26T20:35:00Z,118.83,118.83,118.83,118.83
2025-12-26T20:45:00Z,119.055,119.055,117.75,117.75
2025-12-26T20:50:00Z,118.14,118.5,117.675,118.125
2025-12-26T20:55:00Z,118.44,119.655,118.44,119.64
2025-12-29T14:30:00Z,115.47,115.8,111,111
2025-12-29T14:35:00Z,112.065,112.59,111.9,111.9
2025-12-29T14:40:00Z,114,114.03,113.25,113.61
2025-12-29T14:45:00Z,112.62,112.62,110.01,110.01
2025-12-29T14:50:00Z,111.3,111.3,110.19,110.19
2025-12-29T14:55:00Z,110.91,110.91,110.4,110.4
2025-12-29T15:00:00Z,110.28,110.28,109.41,109.5
2025-12-29T15:05:00Z,109.2,109.26,108.75,109.26
2025-12-29T15:10:00Z,109.35,109.89,109.11,109.89
2025-12-29T15:20:00Z,110.547,110.547,110.01,110.13
2025-12-29T15:25:00Z,111.12,111.12,111,111
2025-12-29T15:30:00Z,111.12,111.57,111.12,111.57
2025-12-29T15:35:00Z,111.99,112.11,111.81,111.81
2025-12-29T15:45:00Z,111.6,111.6,111.24,111.24
2025-12-29T15:50:00Z,111.24,111.24,111,111
2025-12-29T15:55:00Z,111.06,111.06,110.88,110.88
2025-12-29T16:00:00Z,110.85,110.85,110.85,110.85
2025-12-29T16:10:00Z,111.45,111.45,111.3,111.3
2025-12-29T16:15:00Z,111.12,111.54,110.79,111.54
2025-12-29T16:30:00Z,111.66,111.66,111.63,111.63
2025-12-29T16:35:00Z,111.66,112.29,111.66,112.29
2025-12-29T16:40:00Z,112.44,112.44,112.44,112.44
2025-12-29T16:45:00Z,113.16,113.16,112.92,112.92
2025-12-29T16:55:00Z,112.8,112.8,112.5,112.5
2025-12-29T17:05:00Z,112.2,112.5,112.2,112.2
2025-12-29T17:15:00Z,112.44,112.47,112.2,112.2
2025-12-29T17:20:00Z,111.96,111.96,111.87,111.87
2025-12-29T17:25:00Z,111.66,111.66,111.42,111.42
2025-12-29T17:30:00Z,111.72,111.72,111.6,111.6
2025-12-29T17:40:00Z,111.69,111.69,111.69,111.69
2025-12-29T17:55:00Z,112.47,112.47,112.47,112.47
2025-12-29T18:00:00Z,112.26,112.26,112.17,112.17
2025-12-29T18:05:00Z,112.5,112.5,112.5,112.5
2025-12-29T18:20:00Z,112.8,112.8,112.8,112.8
2025-12-29T18:25:00Z,113.1,113.1,112.83,112.83
2025-12-29T18:30:00Z,112.68,112.68,112.68,112.68
2025-12-29T18:35:00Z,112.92,112.92,112.92,112.92
2025-12-29T18:40:00Z,112.68,112.68,112.5,112.5
2025-12-29T18:45:00Z,112.26,112.26,111.99,111.99
2025-12-29T18:55:00Z,111.42,111.42,111.42,111.42
2025-12-29T19:05:00Z,111.36,111.36,111.3,111.3
2025-12-29T19:10:00Z,111.3,111.3,111.3,111.3
2025-12-29T19:15:00Z,111,111,111,111
2025-12-29T19:30:00Z,113.07,113.07,113.07,113.07
2025-12-29T19:55:00Z,114.33,114.33,114.33,114.33
2025-12-29T20:05:00Z,113.25,113.34,113.22,113.22
2025-12-29T20:15:00Z,114.48,114.48,114.48,114.48
2025-12-29T20:20:00Z,114.63,114.66,114.63,114.66
2025-12-29T20:25:00Z,114.18,114.18,114.18,114.18
2025-12-29T20:30:00Z,114.27,114.27,114.27,114.27
2025-12-29T20:40:00Z,114.06,114.06,114.06,114.06
2025-12-29T20:45:00Z,114,114.3,114,114.3
2025-12-29T20:50:00Z,114.66,114.66,114,114
2025-12-29T20:55:00Z,114.12,114.33,114.12,114.33
2025-12-30T14:30:00Z,113.04,113.325,112.92,113.325
2025-12-30T14:35:00Z,112.83,112.83,111,111.27
2025-12-30T14:40:00Z,111,111,110.04,110.04
2025-12-30T14:45:00Z,109.83,110.52,109.5,110.52
2025-12-30T14:50:00Z,111,111,111,111
2025-12-30T14:55:00Z,111.3,111.3,111.3,111.3
2025-12-30T15:00:00Z,111.3,111.375,111,111
2025-12-30T15:05:00Z,110.94,110.94,110.79,110.79
2025-12-30T15:10:00Z,110.79,110.79,110.79,110.79
2025-12-30T15:15:00Z,110.73,110.817,110.73,110.817
2025-12-30T15:25:00Z,111.45,111.72,111.45,111.72
2025-12-30T15:35:00Z,112.5,112.86,112.5,112.86
2025-12-30T15:40:00Z,112.92,113.13,112.92,113.13
2025-12-30T15:45:00Z,112.65,112.65,112.5,112.5
2025-12-30T15:55:00Z,112.77,112.77,112.77,112.77
2025-12-30T16:00:00Z,113.43,113.43,113.25,113.25
2025-12-30T16:10:00Z,113.19,113.19,113.19,113.19
2025-12-30T16:25:00Z,113.7,113.7,113.7,113.7
2025-12-30T16:40:00Z,113.4,113.4,113.4,113.4
2025-12-30T16:45:00Z,113.64,113.64,113.64,113.64
2025-12-30T17:00:00Z,113.22,113.22,113.22,113.22
2025-12-30T17:45:00Z,113.61,113.61,113.61,113.61
2025-12-30T18:00:00Z,113.4,113.4,112.95,112.95
2025-12-30T18:05:00Z,113.4,113.4,113.4,113.4
2025-12-30T19:00:00Z,113.01,113.01,113.01,113.01
2025-12-30T19:05:00Z,112.92,112.92,112.92,112.92
2025-12-30T19:10:00Z,114.3,114.51,114.3,114.36
2025-12-30T19:55:00Z,113.04,113.04,113.04,113.04
2025-12-30T20:15:00Z,113.55,113.55,113.55,113.55
2025-12-30T20:50:00Z,112.59,112.59,112.59,112.59
2025-12-30T20:55:00Z,112.635,112.8,112.635,112.8
2025-12-31T14:30:00Z,112.44,113.7,112.44,113.28
2025-12-31T14:35:00Z,111.9,111.9,111,111
2025-12-31T14:40:00Z,111,111,110.4,110.4
2025-12-31T14:45:00Z,110.28,110.28,109.47,109.56
2025-12-31T14:55:00Z,109.92,109.92,109.65,109.65
2025-12-31T15:00:00Z,110.34,110.34,110.34,110.34
2025-12-31T15:10:00Z,109.83,109.83,109.8,109.8
2025-12-31T15:15:00Z,109.47,109.47,109.35,109.35
2025-12-31T15:35:00Z,110.55,110.55,110.55,110.55
2025-12-31T15:55:00Z,110.49,110.49,110.31,110.4
2025-12-31T16:15:00Z,110.64,110.64,110.64,110.64
2025-12-31T16:25:00Z,110.55,110.55,110.55,110.55
2025-12-31T16:30:00Z,110.88,110.88,110.88,110.88
2025-12-31T16:35:00Z,110.7,110.7,110.7,110.7
2025-12-31T16:40:00Z,110.1,110.1,110.1,110.1
2025-12-31T16:50:00Z,110.16,110.16,110.16,110.16
2025-12-31T17:05:00Z,110.4,110.4,109.95,109.95
2025-12-31T17:15:00Z,109.8,109.8,109.8,109.8
2025-12-31T17:35:00Z,109.74,109.74,109.38,109.38
2025-12-31T17:40:00Z,109.2,109.2,109.2,109.2
2025-12-31T17:45:00Z,109.5,109.56,109.5,109.56
2025-12-31T18:00:00Z,109.65,109.65,109.65,109.65
2025-12-31T18:30:00Z,109.29,109.29,109.29,109.29
2025-12-31T18:35:00Z,109.29,109.29,109.29,109.29
2025-12-31T19:00:00Z,109.86,109.86,109.86,109.86
2025-12-31T19:05:00Z,109.5,109.5,109.5,109.5
2025-12-31T19:15:00Z,109.2,109.2,109.2,109.2
2025-12-31T19:20:00Z,109.227,109.227,109.227,109.227
2025-12-31T19:25:00Z,109.02,109.02,108.57,108.57
2025-12-31T19:30:00Z,108,108,108,108
2025-12-31T19:45:00Z,107.82,107.82,107.55,107.55
2025-12-31T19:50:00Z,107.55,107.61,107.55,107.61
2025-12-31T19:55:00Z,107.82,107.82,107.67,107.67
2025-12-31T20:00:00Z,107.58,107.58,107.34,107.34
2025-12-31T20:05:00Z,107.04,107.16,106.935,106.935
2025-12-31T20:10:00Z,106.8,106.8,106.71,106.71
2025-12-31T20:15:00Z,106.77,106.77,106.77,106.77
2025-12-31T20:20:00Z,106.74,106.83,106.65,106.65
2025-12-31T20:30:00Z,106.56,106.71,106.56,106.71
2025-12-31T20:35:00Z,106.5,106.5,106.5,106.5
2025-12-31T20:40:00Z,106.47,106.47,106.47,106.47
2025-12-31T20:45:00Z,106.35,106.35,105.96,105.96
2025-12-31T20:50:00Z,105.9,105.9,105.72,105.78
2025-12-31T20:55:00Z,106.23,106.29,105.945,105.945
2026-01-02T14:30:00Z,109.11,109.11,99,100.8
2026-01-02T14:35:00Z,100.2,100.32,98.4,98.82
2026-01-02T14:40:00Z,99,99.33,98.1,98.55
2026-01-02T14:45:00Z,98.16,99.54,98.16,98.325
2026-01-02T14:50:00Z,98.43,98.43,96.45,96.555
2026-01-02T14:55:00Z,96.54,97.2,95.7,96
2026-01-02T15:00:00Z,96.54,97.47,96.54,97.35
2026-01-02T15:05:00Z,97.11,97.11,95.16,95.16
2026-01-02T15:10:00Z,95.01,95.01,93.54,93.54
2026-01-02T15:15:00Z,93.48,93.84,93.24,93.6
2026-01-02T15:20:00Z,93.9,93.9,92.64,92.88
2026-01-02T15:25:00Z,93,93.99,93,93.42
2026-01-02T15:30:00Z,93.36,94.47,93,94.17
2026-01-02T15:35:00Z,94.59,94.59,93.75,93.93
2026-01-02T15:40:00Z,93.63,93.645,92.4,92.4
2026-01-02T15:45:00Z,92.7,92.7,91.26,91.29
2026-01-02T15:50:00Z,91.23,91.29,89.82,90.33
2026-01-02T15:55:00Z,90.15,90.18,88.47,88.5
2026-01-02T16:00:00Z,88.2,88.5,87.51,88.14
2026-01-02T16:05:00Z,88.2,88.89,87.99,88.35
2026-01-02T16:10:00Z,88.32,88.68,87.75,87.96
2026-01-02T16:15:00Z,88.44,88.44,86.85,87
2026-01-02T16:20:00Z,87.15,87.54,86.55,87.54
2026-01-02T16:25:00Z,87.51,88.68,87.15,88.44
2026-01-02T16:30:00Z,88.47,89.685,88.35,89.46
2026-01-02T16:35:00Z,89.31,89.4,88.65,88.77
2026-01-02T16:40:00Z,88.59,89.19,88.5,88.71
2026-01-02T16:45:00Z,88.74,88.74,88.53,88.59
2026-01-02T16:50:00Z,88.62,88.62,87.9,88.05
2026-01-02T16:55:00Z,88.29,89.19,88.29,89.1
2026-01-02T17:00:00Z,89.19,90.51,89.19,90.24
2026-01-02T17:05:00Z,90.45,91.17,90.45,91.17
2026-01-02T17:10:00Z,91.38,91.41,91.26,91.41
2026-01-02T17:15:00Z,91.17,91.17,91.05,91.05
2026-01-02T17:20:00Z,90.87,91.05,90.84,91.05
2026-01-02T17:25:00Z,91.23,91.71,91.14,91.68
2026-01-02T17:30:00Z,91.98,92.04,91.5,91.5
2026-01-02T17:35:00Z,91.32,91.44,91.14,91.14
2026-01-02T17:40:00Z,90.96,90.96,90.72,90.81
2026-01-02T17:45:00Z,90.78,90.78,89.7,89.7
2026-01-02T17:55:00Z,90.18,90.18,89.94,89.97
2026-01-02T18:00:00Z,89.94,89.94,89.79,89.94
2026-01-02T18:05:00Z,90,90.21,90,90.03
2026-01-02T18:10:00Z,89.85,89.85,89.55,89.7
2026-01-02T18:15:00Z,89.58,89.58,89.43,89.43
2026-01-02T18:20:00Z,89.7,89.7,89.7,89.7
2026-01-02T18:25:00Z,90,90,90,90
2026-01-02T18:30:00Z,90,90,90,90
2026-01-02T18:35:00Z,89.85,90.24,89.85,90
2026-01-02T18:40:00Z,90,90,89.55,89.55
2026-01-02T18:45:00Z,89.46,89.46,88.89,88.89
2026-01-02T18:50:00Z,88.5,88.5,88.2,88.35
2026-01-02T18:55:00Z,88.89,88.89,88.68,88.74
2026-01-02T19:00:00Z,88.95,88.95,87.87,88.38
2026-01-02T19:05:00Z,89.4,89.4,89.4,89.4
2026-01-02T19:10:00Z,89.91,89.91,89.91,89.91
2026-01-02T19:15:00Z,89.91,90,89.7,89.7
2026-01-02T19:20:00Z,89.55,89.76,89.55,89.76
2026-01-02T19:25:00Z,89.79,89.79,89.79,89.79
2026-01-02T19:30:00Z,89.79,89.79,89.67,89.67
2026-01-02T19:35:00Z,89.7,90.24,89.7,90.24
2026-01-02T19:40:00Z,90.21,90.21,89.865,89.865
2026-01-02T19:45:00Z,89.97,89.97,89.55,89.55
2026-01-02T19:50:00Z,89.55,89.64,89.49,89.49
2026-01-02T19:55:00Z,89.55,89.82,89.19,89.22
2026-01-02T20:05:00Z,89.43,89.43,89.37,89.4
2026-01-02T20:10:00Z,89.64,89.67,89.64,89.64
2026-01-02T20:15:00Z,89.46,89.46,89.07,89.07
2026-01-02T20:20:00Z,89.7,89.7,89.55,89.7
2026-01-02T20:25:00Z,89.91,90.06,89.91,90.06
2026-01-02T20:30:00Z,90.18,90.21,90.03,90.06
2026-01-02T20:35:00Z,90.21,90.21,89.79,89.85
2026-01-02T20:40:00Z,89.67,89.67,89.28,89.28
2026-01-02T20:45:00Z,89.1,89.28,89.07,89.22
2026-01-02T20:50:00Z,89.46,89.49,89.46,89.49
2026-01-02T20:55:00Z,89.22,89.22,88.71,88.86
2026-01-05T14:30:00Z,88.29,89.355,84.6,85.47
2026-01-05T14:35:00Z,85.32,87.87,84.99,87.87
2026-01-05T14:40:00Z,88.38,89.85,88.035,89.61
2026-01-05T14:45:00Z,89.76,90,87.75,88.47
2026-01-05T14:50:00Z,88.47,88.47,87.75,88.14
2026-01-05T14:55:00Z,87.915,89.76,87.915,89.76
2026-01-05T15:00:00Z,89.52,90.06,88.47,90.06
2026-01-05T15:05:00Z,89.7,89.88,89.16,89.16
2026-01-05T15:10:00Z,89.73,89.73,89.13,89.37
2026-01-05T15:15:00Z,89.19,90.15,89.19,90.15
2026-01-05T15:20:00Z,90.18,90.18,89.61,89.61
2026-01-05T15:25:00Z,89.625,89.82,89.205,89.64
2026-01-05T15:30:00Z,89.34,89.46,89.01,89.4
2026-01-05T15:35:00Z,89.4,89.4,89.04,89.25
2026-01-05T15:40:00Z,89.79,90.255,89.7,89.94
2026-01-05T15:45:00Z,90.78,90.96,90.39,90.96
2026-01-05T15:50:00Z,90.81,91.56,90.81,90.81
2026-01-05T15:55:00Z,90.6,90.78,90.48,90.75
2026-01-05T16:00:00Z,90.72,92.01,90.33,92.01
2026-01-05T16:05:00Z,92.04,92.715,91.92,92.37
2026-01-05T16:10:00Z,92.58,93.12,92.58,92.82
2026-01-05T16:15:00Z,92.73,92.73,92.46,92.67
2026-01-05T16:20:00Z,92.52,93,92.52,92.91
2026-01-05T16:25:00Z,93,93.39,92.76,92.76
2026-01-05T16:30:00Z,93,93.51,93,93.39
2026-01-05T16:35:00Z,93.45,93.84,93.45,93.51
2026-01-05T16:40:00Z,93.15,93.27,93.15,93.15
2026-01-05T16:45:00Z,93.57,93.6,93.36,93.36
2026-01-05T16:50:00Z,93.3,93.3,93.06,93.06
2026-01-05T16:55:00Z,93.03,93.03,92.85,93
2026-01-05T17:00:00Z,93.54,93.69,93.48,93.48
2026-01-05T17:05:00Z,93.72,94.2,93.72,94.08
2026-01-05T17:10:00Z,93.84,93.9,93.84,93.9
2026-01-05T17:15:00Z,93.87,93.99,93.84,93.84
2026-01-05T17:20:00Z,94.05,94.05,93.54,93.54
2026-01-05T17:25:00Z,93.69,95.4,93.69,95.4
2026-01-05T17:30:00Z,95.07,95.07,93.9,93.9
2026-01-05T17:35:00Z,93.66,94.29,93.66,94.29
2026-01-05T17:40:00Z,94.26,94.26,94.26,94.26
2026-01-05T17:45:00Z,94.5,94.56,94.5,94.5
2026-01-05T17:50:00Z,94.41,94.89,94.41,94.89
2026-01-05T18:10:00Z,94.8,94.8,93.93,93.93
2026-01-05T18:15:00Z,94.23,94.23,94.23,94.23
2026-01-05T18:20:00Z,93.66,93.66,93.66,93.66
2026-01-05T18:30:00Z,93.36,93.36,93,93
2026-01-05T18:40:00Z,92.88,92.88,92.61,92.61
2026-01-05T18:45:00Z,92.94,93.12,92.94,93.12
2026-01-05T18:55:00Z,92.85,93,92.85,93
2026-01-05T19:00:00Z,92.7,92.7,92.7,92.7
2026-01-05T19:10:00Z,92.37,92.4,92.34,92.4
2026-01-05T19:25:00Z,93.09,93.09,93.09,93.09
2026-01-05T19:35:00Z,92.7,92.73,92.34,92.34
2026-01-05T19:40:00Z,92.4,92.4,92.04,92.16
2026-01-05T19:50:00Z,92.76,92.76,92.76,92.76
2026-01-05T19:55:00Z,92.85,92.88,92.85,92.88
2026-01-05T20:10:00Z,93.36,93.36,93.36,93.36
2026-01-05T20:20:00Z,93.54,93.57,93.3,93.3
2026-01-05T20:25:00Z,93.42,93.42,93.42,93.42
2026-01-05T20:40:00Z,93.45,93.48,93.255,93.255
2026-01-05T20:45:00Z,93.54,93.54,93.54,93.54
2026-01-05T20:50:00Z,93.54,93.54,93,93
2026-01-05T20:55:00Z,92.94,92.94,92.715,92.73
2026-01-06T14:30:00Z,91.5,91.5,87,87
2026-01-06T14:35:00Z,87.24,87.24,85.8,85.98
2026-01-06T14:40:00Z,85.8,86.52,84.9,86.52
2026-01-06T14:45:00Z,87,87.06,85.32,85.32
2026-01-06T14:50:00Z,85.2,85.515,84.3,85.41
2026-01-06T14:55:00Z,85.11,85.62,84,84.54
2026-01-06T15:00:00Z,84.9,85.11,84,84.03
2026-01-06T15:05:00Z,84,84.6,83.58,83.97
2026-01-06T15:10:00Z,84.09,84.96,83.925,84.66
2026-01-06T15:15:00Z,84.75,85.53,84.75,85.53
2026-01-06T15:20:00Z,85.365,85.365,84.9,85.23
2026-01-06T15:25:00Z,85.11,85.11,84.3,84.3
2026-01-06T15:30:00Z,84.225,84.225,83.7,84.12
2026-01-06T15:35:00Z,84.45,84.6,84.33,84.6
2026-01-06T15:40:00Z,84.69,84.69,84,84
2026-01-06T15:45:00Z,83.85,83.85,83.58,83.7
2026-01-06T15:50:00Z,84.3,84.42,84.3,84.42
2026-01-06T15:55:00Z,84.24,84.75,84.24,84.45
2026-01-06T16:00:00Z,84.33,84.6,84.3,84.6
2026-01-06T16:05:00Z,84.45,84.45,83.76,84.12
2026-01-06T16:15:00Z,84.03,84.03,83.13,83.31
2026-01-06T16:20:00Z,83.1,83.16,82.89,82.89
2026-01-06T16:25:00Z,82.86,82.92,82.5,82.5
2026-01-06T16:30:00Z,82.5,82.53,82.05,82.44
2026-01-06T16:35:00Z,82.44,82.59,82.32,82.35
2026-01-06T16:40:00Z,82.47,82.47,82.11,82.17
2026-01-06T16:45:00Z,82.05,82.05,81.81,81.81
2026-01-06T16:50:00Z,82.41,82.83,82.41,82.5
2026-01-06T16:55:00Z,82.26,82.26,82.2,82.2
2026-01-06T17:00:00Z,82.41,82.41,82.17,82.26
2026-01-06T17:05:00Z,82.71,82.8,82.71,82.8
2026-01-06T17:10:00Z,82.8,82.8,82.65,82.65
2026-01-06T17:15:00Z,82.665,82.665,82.62,82.62
2026-01-06T17:20:00Z,83.1,83.19,83.07,83.19
2026-01-06T17:25:00Z,83.19,83.61,83.19,83.61
2026-01-06T17:30:00Z,83.34,83.4,83.34,83.4
2026-01-06T17:35:00Z,83.55,83.7,83.55,83.55
2026-01-06T17:40:00Z,83.85,83.85,83.07,83.16
2026-01-06T17:45:00Z,83.13,83.73,83.13,83.46
2026-01-06T17:50:00Z,83.67,83.82,83.52,83.73
2026-01-06T17:55:00Z,83.94,83.94,83.88,83.88
2026-01-06T18:00:00Z,83.94,84,83.52,83.52
2026-01-06T18:05:00Z,83.52,83.55,83.52,83.55
2026-01-06T18:10:00Z,83.85,83.85,83.85,83.85
2026-01-06T18:15:00Z,84.27,84.6,84.27,84.6
2026-01-06T18:20:00Z,84.42,84.6,84.42,84.54
2026-01-06T18:25:00Z,84.18,84.18,83.7,83.7
2026-01-06T18:30:00Z,84.3,84.3,84.18,84.18
2026-01-06T18:35:00Z,84.66,84.66,84.66,84.66
2026-01-06T18:40:00Z,84.6,84.75,84.375,84.375
2026-01-06T18:45:00Z,84.81,84.9,84.81,84.9
2026-01-06T18:50:00Z,85.02,85.47,85.02,85.32
2026-01-06T18:55:00Z,85.425,85.425,85.425,85.425
2026-01-06T19:00:00Z,85.92,86.46,85.92,86.46
2026-01-06T19:05:00Z,86.7,88.02,86.7,87.9
2026-01-06T19:10:00Z,88.14,88.53,87.99,88.53
2026-01-06T19:15:00Z,88.26,88.26,87.54,87.54
2026-01-06T19:20:00Z,87.96,88.38,87.9,88.35
2026-01-06T19:25:00Z,88.35,88.77,88.35,88.77
2026-01-06T19:30:00Z,88.83,88.86,88.83,88.86
2026-01-06T19:35:00Z,88.62,88.68,87.9,87.9
2026-01-06T19:40:00Z,87.9,88.8,87.9,88.8
2026-01-06T19:45:00Z,88.47,89.04,88.32,88.32
2026-01-06T19:50:00Z,88.335,88.335,88.335,88.335
2026-01-06T19:55:00Z,88.05,88.23,87.9,88.23
2026-01-06T20:00:00Z,88.11,88.11,87.87,87.9
2026-01-06T20:05:00Z,87.48,87.75,87.48,87.75
2026-01-06T20:10:00Z,87.78,88.02,87.78,88.02
2026-01-06T20:25:00Z,87.72,87.75,87.54,87.54
2026-01-06T20:30:00Z,87.3,87.33,87.12,87.33
2026-01-06T20:35:00Z,87.9,87.9,87.9,87.9
2026-01-06T20:40:00Z,88.035,88.035,88.035,88.035
2026-01-06T20:45:00Z,87.66,87.66,87.6,87.6
2026-01-06T20:50:00Z,87.6,87.78,87.42,87.78
2026-01-06T20:55:00Z,87.87,88.2,87.87,88.08
2026-01-07T14:30:00Z,88.5,88.86,86.91,86.91
2026-01-07T14:35:00Z,87.03,87.66,87,87.54
2026-01-07T14:40:00Z,87.93,87.93,87,87
2026-01-07T14:45:00Z,86.91,88.35,86.4,87.93
2026-01-07T14:50:00Z,87.93,88.44,87.75,87.75
2026-01-07T14:55:00Z,87.6,87.78,87.45,87.45
2026-01-07T15:00:00Z,87,87.3,86.85,87.3
2026-01-07T15:05:00Z,87.66,87.96,87.66,87.96
2026-01-07T15:10:00Z,87.93,87.93,87.87,87.87
2026-01-07T15:15:00Z,87.69,87.69,87.3,87.3
2026-01-07T15:20:00Z,87.75,87.75,87.75,87.75
2026-01-07T15:25:00Z,87.45,87.45,87.45,87.45
2026-01-07T15:30:00Z,87.6,88.56,87.6,88.56
2026-01-07T15:35:00Z,89.01,89.01,88.08,88.08
2026-01-07T15:40:00Z,88.14,88.29,88.14,88.29
2026-01-07T15:45:00Z,89.01,89.01,89.01,89.01
2026-01-07T15:50:00Z,89.1,90.09,89.1,90.09
2026-01-07T15:55:00Z,90.06,90.06,89.82,89.85
2026-01-07T16:00:00Z,90,90.78,90,90.75
2026-01-07T16:05:00Z,90,90,90,90
2026-01-07T16:10:00Z,90.57,90.57,90.57,90.57
2026-01-07T16:15:00Z,90.63,91.11,90.63,91.11
2026-01-07T16:20:00Z,91.38,92.097,91.38,92.01
2026-01-07T16:25:00Z,92.04,92.4,91.98,92.4
2026-01-07T16:30:00Z,92.19,92.34,91.74,91.875
2026-01-07T16:35:00Z,92.01,92.22,91.71,91.71
2026-01-07T16:40:00Z,91.68,92.55,91.68,92.55
2026-01-07T16:45:00Z,92.61,93.12,92.61,92.97
2026-01-07T16:50:00Z,93.15,93.3,92.85,92.85
2026-01-07T16:55:00Z,93.03,93.42,93.03,93.36
2026-01-07T17:00:00Z,93.39,93.66,93.18,93.66
2026-01-07T17:05:00Z,93.93,93.99,93.87,93.99
2026-01-07T17:10:00Z,93.78,93.78,93.45,93.6
2026-01-07T17:15:00Z,93.57,93.72,93.51,93.72
2026-01-07T17:20:00Z,93.81,94.74,93.72,94.74
2026-01-07T17:25:00Z,94.77,94.8,94.62,94.62
2026-01-07T17:30:00Z,94.5,95.28,94.5,95.22
2026-01-07T17:35:00Z,95.25,95.25,94.95,94.95
2026-01-07T17:40:00Z,94.8,94.8,94.68,94.68
2026-01-07T17:45:00Z,95.1,95.34,94.95,95.34
2026-01-07T17:50:00Z,94.95,94.95,94.47,94.65
2026-01-07T17:55:00Z,94.47,94.47,94.32,94.32
2026-01-07T18:00:00Z,94.38,94.44,94.29,94.41
2026-01-07T18:05:00Z,94.11,94.11,94.11,94.11
2026-01-07T18:15:00Z,94.14,94.14,94.05,94.05
2026-01-07T18:20:00Z,93.96,93.96,93.78,93.9
2026-01-07T18:25:00Z,93.87,93.87,93.6,93.6
2026-01-07T18:30:00Z,93.75,93.87,93.75,93.87
2026-01-07T18:40:00Z,93.99,94.17,93.99,94.17
2026-01-07T18:45:00Z,94.29,94.29,94.29,94.29
2026-01-07T18:50:00Z,93.93,93.93,93.93,93.93
2026-01-07T18:55:00Z,93.78,93.78,93.78,93.78
2026-01-07T19:00:00Z,93.84,93.99,93.84,93.99
2026-01-07T19:05:00Z,93.9,93.9,93.6,93.6
2026-01-07T19:10:00Z,93.36,93.36,93.18,93.21
2026-01-07T19:25:00Z,93.81,93.96,93.81,93.96
2026-01-07T19:30:00Z,93.9,93.93,93.9,93.93
2026-01-07T19:35:00Z,93.96,94.11,93.96,94.02
2026-01-07T19:40:00Z,94.14,94.14,94.11,94.11
2026-01-07T19:45:00Z,94.41,94.44,94.41,94.44
2026-01-07T19:50:00Z,94.2,94.2,94.2,94.2
2026-01-07T19:55:00Z,94.08,94.08,94.08,94.08
2026-01-07T20:05:00Z,94.05,94.35,94.05,94.35
2026-01-07T20:10:00Z,94.2,94.2,94.2,94.2
2026-01-07T20:15:00Z,93.33,93.33,92.85,93.06
2026-01-07T20:20:00Z,93,93,92.82,93
2026-01-07T20:25:00Z,92.64,92.64,92.43,92.43
2026-01-07T20:30:00Z,92.4,92.46,92.4,92.46
2026-01-07T20:35:00Z,92.1,92.13,91.89,91.92
2026-01-07T20:40:00Z,92.22,92.4,92.1,92.4
2026-01-07T20:45:00Z,92.7,92.79,92.7,92.79
2026-01-07T20:55:00Z,92.4,92.64,92.4,92.64
2026-01-08T14:30:00Z,89.88,90.54,88.8,90.3
2026-01-08T14:35:00Z,90.27,90.3,89.25,89.25
2026-01-08T14:40:00Z,88.5,88.5,87,87.36
2026-01-08T14:45:00Z,87.6,88.2,87,87.06
2026-01-08T14:50:00Z,87.12,88.29,86.94,88.29
2026-01-08T14:55:00Z,88.275,88.65,87.9,88.5
2026-01-08T15:00:00Z,88.26,88.5,88.2,88.5
2026-01-08T15:05:00Z,88.53,89.07,88.47,89.07
2026-01-08T15:10:00Z,89.25,89.58,89.1,89.34
2026-01-08T15:15:00Z,89.07,89.07,88.71,88.86
2026-01-08T15:20:00Z,89.49,89.55,89.31,89.31
2026-01-08T15:25:00Z,89.04,89.25,89.04,89.25
2026-01-08T15:30:00Z,89.34,89.34,88.89,88.89
2026-01-08T15:35:00Z,88.68,88.83,88.2,88.47
2026-01-08T15:40:00Z,89.4,89.49,89.4,89.49
2026-01-08T15:45:00Z,89.16,89.16,88.95,88.95
2026-01-08T15:50:00Z,88.5,88.68,88.35,88.41
2026-01-08T15:55:00Z,88.62,89.7,88.62,89.7
2026-01-08T16:00:00Z,89.79,89.865,89.43,89.55
2026-01-08T16:05:00Z,89.52,89.52,89.34,89.43
2026-01-08T16:10:00Z,89.76,90.21,89.7,90
2026-01-08T16:15:00Z,90.12,90.12,90.12,90.12
2026-01-08T16:20:00Z,90.27,90.39,90.27,90.39
2026-01-08T16:25:00Z,90.09,90.45,89.91,89.91
2026-01-08T16:30:00Z,89.91,89.91,89.91,89.91
2026-01-08T16:35:00Z,89.1,89.37,89.1,89.37
2026-01-08T16:45:00Z,90.36,90.42,90.36,90.42
2026-01-08T16:50:00Z,89.76,89.76,89.76,89.76
2026-01-08T16:55:00Z,89.88,89.88,89.88,89.88
2026-01-08T17:05:00Z,89.7,89.7,89.7,89.7
2026-01-08T17:10:00Z,89.79,89.79,89.79,89.79
2026-01-08T17:15:00Z,89.91,89.91,89.91,89.91
2026-01-08T17:20:00Z,89.97,89.97,89.97,89.97
2026-01-08T17:30:00Z,89.34,89.34,89.34,89.34
2026-01-08T17:40:00Z,89.49,89.49,89.49,89.49
2026-01-08T17:45:00Z,89.61,89.61,89.61,89.61
2026-01-08T17:50:00Z,89.28,89.28,89.01,89.01
2026-01-08T17:55:00Z,89.19,89.19,89.19,89.19
2026-01-08T18:00:00Z,88.29,88.29,86.64,86.64
2026-01-08T18:05:00Z,86.655,86.76,86.1,86.16
2026-01-08T18:10:00Z,86.1,86.1,85.5,85.5
2026-01-08T18:15:00Z,85.41,85.5,85.14,85.35
2026-01-08T18:20:00Z,85.35,85.545,85.29,85.545
2026-01-08T18:25:00Z,85.5,86.13,85.5,85.98
2026-01-08T18:30:00Z,85.965,85.965,85.335,85.335
2026-01-08T18:35:00Z,85.47,85.95,85.47,85.95
2026-01-08T18:40:00Z,85.89,85.95,85.89,85.95
2026-01-08T18:45:00Z,85.8,85.8,85.755,85.8
2026-01-08T18:50:00Z,85.56,85.56,85.41,85.44
2026-01-08T19:00:00Z,85.8,85.8,85.8,85.8
2026-01-08T19:05:00Z,86.4,86.4,86.4,86.4
2026-01-08T19:10:00Z,86.07,86.07,85.95,85.95
2026-01-08T19:15:00Z,85.35,85.65,85.35,85.65
2026-01-08T19:20:00Z,85.65,85.65,84.78,84.87
2026-01-08T19:25:00Z,84.87,85.14,84.6,85.14
2026-01-08T19:30:00Z,85.185,85.29,85.17,85.2
2026-01-08T19:35:00Z,85.44,85.44,85.44,85.44
2026-01-08T19:40:00Z,85.44,85.44,85.44,85.44
2026-01-08T19:45:00Z,85.35,85.35,85.35,85.35
2026-01-08T19:50:00Z,85.695,86.16,85.695,86.16
2026-01-08T19:55:00Z,85.8,85.8,85.8,85.8
2026-01-08T20:00:00Z,85.83,85.92,85.74,85.92
2026-01-08T20:05:00Z,85.92,86.22,85.92,86.22
2026-01-08T20:10:00Z,86.4,86.52,86.4,86.52
2026-01-08T20:15:00Z,86.55,86.58,86.55,86.58
2026-01-08T20:20:00Z,86.94,87.27,86.94,87.27
2026-01-08T20:25:00Z,87.45,88.05,87.45,88.02
2026-01-08T20:30:00Z,87.99,88.14,87.99,88.065
2026-01-08T20:35:00Z,88.05,88.2,88.05,88.2
2026-01-08T20:40:00Z,88.2,88.62,88.2,88.62
2026-01-08T20:45:00Z,88.62,88.8,88.62,88.8
2026-01-08T20:50:00Z,88.86,89.16,88.14,88.14
2026-01-08T20:55:00Z,88.32,88.32,87.9,87.9
2026-01-09T14:30:00Z,87.6,87.6,86.97,87.33
2026-01-09T14:35:00Z,88.8,90.6,88.8,90.105
2026-01-09T14:40:00Z,90,90.48,89.76,90.24
2026-01-09T14:45:00Z,90.18,90.6,88.8,88.8
2026-01-09T14:50:00Z,89.1,89.94,88.65,89.94
2026-01-09T14:55:00Z,90.33,90.33,90.24,90.33
2026-01-09T15:00:00Z,90.24,90.6,89.52,90.06
2026-01-09T15:05:00Z,89.52,89.52,88.5,88.53
2026-01-09T15:10:00Z,88.77,89.64,88.77,89.55
2026-01-09T15:15:00Z,89.79,90,89.79,90
2026-01-09T15:20:00Z,89.64,90.15,89.64,90.135
2026-01-09T15:25:00Z,90.3,91.26,90.3,91.26
2026-01-09T15:30:00Z,91.26,92.64,91.26,92.64
2026-01-09T15:35:00Z,92.43,92.715,92.43,92.7
2026-01-09T15:40:00Z,92.28,92.73,92.28,92.64
2026-01-09T15:45:00Z,92.46,92.67,92.4,92.46
2026-01-09T15:50:00Z,92.13,93,92.13,92.88
2026-01-09T15:55:00Z,92.745,93.15,92.745,92.91
2026-01-09T16:00:00Z,93.3,94.65,93.3,93.9
2026-01-09T16:05:00Z,94.05,94.26,93.84,94.2
2026-01-09T16:10:00Z,93.93,95.19,93.9,95.16
2026-01-09T16:15:00Z,95.28,95.49,95.28,95.46
2026-01-09T16:20:00Z,95.205,95.4,95.13,95.4
2026-01-09T16:25:00Z,95.07,95.43,95.07,95.43
2026-01-09T16:30:00Z,95.07,95.85,94.86,95.61
2026-01-09T16:35:00Z,95.28,95.28,95.13,95.25
2026-01-09T16:40:00Z,94.65,94.95,94.65,94.95
2026-01-09T16:45:00Z,94.95,95.7,94.95,95.7
2026-01-09T16:50:00Z,95.85,96.3,95.85,96.3
2026-01-09T16:55:00Z,96.36,96.96,96.18,96.96
2026-01-09T17:05:00Z,96.09,96.12,96.09,96.12
2026-01-09T17:10:00Z,96.18,96.3,96.06,96.3
2026-01-09T17:15:00Z,95.7,95.7,95.7,95.7
2026-01-09T17:20:00Z,95.34,95.7,95.22,95.7
2026-01-09T17:25:00Z,95.7,95.7,95.52,95.52
2026-01-09T17:30:00Z,95.61,95.61,95.43,95.43
2026-01-09T17:35:00Z,95.55,95.595,95.52,95.52
2026-01-09T17:40:00Z,95.22,95.22,95.01,95.04
2026-01-09T17:50:00Z,95.46,95.46,95.46,95.46
2026-01-09T17:55:00Z,95.49,95.49,95.49,95.49
2026-01-09T18:00:00Z,94.74,94.74,94.5,94.5
2026-01-09T18:05:00Z,94.2,94.2,94.08,94.08
2026-01-09T18:15:00Z,93.36,93.45,93.33,93.42
2026-01-09T18:20:00Z,93.39,93.39,93.27,93.27
2026-01-09T18:25:00Z,93.27,93.27,93.18,93.18
2026-01-09T18:30:00Z,94.575,94.575,94.575,94.575
2026-01-09T18:35:00Z,95.19,95.4,95.19,95.4
2026-01-09T18:40:00Z,95.16,95.16,95.16,95.16
2026-01-09T18:45:00Z,95.4,95.4,95.31,95.37
2026-01-09T18:55:00Z,94.98,94.98,94.98,94.98
2026-01-09T19:05:00Z,94.8,94.8,94.8,94.8
2026-01-09T19:20:00Z,94.08,94.59,94.08,94.59
2026-01-09T19:30:00Z,94.44,94.44,93.75,93.75
2026-01-09T19:35:00Z,93.6,94.26,93.6,94.26
2026-01-09T19:40:00Z,94.44,94.44,94.41,94.41
2026-01-09T19:45:00Z,94.47,94.47,94.47,94.47
2026-01-09T19:50:00Z,94.32,94.32,94.32,94.32
2026-01-09T20:00:00Z,94.68,95.31,94.68,95.31
2026-01-09T20:05:00Z,96,96.15,96,96.15
2026-01-09T20:15:00Z,96.03,96.03,95.94,95.94
2026-01-09T20:20:00Z,95.88,96.06,95.88,95.94
2026-01-09T20:25:00Z,96.18,96.27,96.18,96.27
2026-01-09T20:30:00Z,96.18,96.21,96.18,96.21
2026-01-09T20:35:00Z,96.06,96.06,96.06,96.06
2026-01-09T20:40:00Z,95.61,95.61,95.565,95.565
2026-01-09T20:50:00Z,95.85,96.3,95.85,96.3
2026-01-09T20:55:00Z,96.3,96.3,96.27,96.3
2026-01-12T14:30:00Z,93,94.05,92.52,94.05
2026-01-12T14:35:00Z,94.77,94.77,93.9,93.9
2026-01-12T14:40:00Z,94.05,94.08,93.3,93.3
2026-01-12T14:45:00Z,93,93,90.72,91.05
2026-01-12T14:50:00Z,91.68,91.71,90.75,91.23
2026-01-12T14:55:00Z,90.93,90.93,90.03,90.33
2026-01-12T15:00:00Z,90,91.08,90,90.99
2026-01-12T15:05:00Z,91.05,91.14,90.93,91.14
2026-01-12T15:10:00Z,93.84,93.84,93,93
2026-01-12T15:15:00Z,92.64,92.64,91.8,92.1
2026-01-12T15:20:00Z,92.79,93,92.25,93
2026-01-12T15:25:00Z,93.72,94.08,93.72,94.08
2026-01-12T15:30:00Z,94.05,94.05,93.06,93.06
2026-01-12T15:35:00Z,93.27,93.27,93.12,93.12
2026-01-12T15:40:00Z,92.97,92.97,92.58,92.58
2026-01-12T15:45:00Z,92.43,93,92.1,93
2026-01-12T15:50:00Z,93,93,93,93
2026-01-12T15:55:00Z,93.33,93.9,93.33,93.9
2026-01-12T16:00:00Z,93.87,94.74,93.87,94.74
2026-01-12T16:05:00Z,95.13,96.39,95.13,96.36
2026-01-12T16:10:00Z,96.6,97.44,96.36,97.35
2026-01-12T16:15:00Z,97.5,98.97,97.5,98.97
2026-01-12T16:20:00Z,99,99,97.44,97.44
2026-01-12T16:25:00Z,96.9,97.26,96.9,97.26
2026-01-12T16:30:00Z,97.5,97.5,96.63,96.63
2026-01-12T16:35:00Z,96.96,96.96,95.43,95.46
2026-01-12T16:40:00Z,95.97,96,95.97,95.97
2026-01-12T16:45:00Z,95.4,95.58,92.88,93.27
2026-01-12T16:50:00Z,93.42,95.235,92.55,95.1
2026-01-12T16:55:00Z,95.67,95.67,95.535,95.535
2026-01-12T17:00:00Z,95.37,95.43,95.37,95.4
2026-01-12T17:05:00Z,95.31,95.67,95.31,95.325
2026-01-12T17:10:00Z,95.4,96.15,95.4,96.15
2026-01-12T17:15:00Z,96.3,96.9,96.06,96.06
2026-01-12T17:20:00Z,96.15,96.15,95.64,95.64
2026-01-12T17:25:00Z,95.55,96.045,95.52,96.045
2026-01-12T17:30:00Z,96.3,96.3,96.3,96.3
2026-01-12T17:35:00Z,95.88,95.88,95.88,95.88
2026-01-12T17:50:00Z,98.25,98.43,98.25,98.265
2026-01-12T17:55:00Z,98.4,98.49,98.31,98.31
2026-01-12T18:00:00Z,98.94,99.6,98.94,99.6
2026-01-12T18:05:00Z,99.66,99.99,99.39,99.72
2026-01-12T18:10:00Z,99.6,99.6,99.6,99.6
2026-01-12T18:15:00Z,99.24,100.005,99.24,100.005
2026-01-12T18:25:00Z,99.87,99.87,99.45,99.48
2026-01-12T18:30:00Z,99.9,99.9,99.9,99.9
2026-01-12T18:35:00Z,99.81,99.81,99.78,99.78
2026-01-12T18:40:00Z,99.27,99.27,99.27,99.27
2026-01-12T18:50:00Z,99.54,99.54,99.54,99.54
2026-01-12T19:05:00Z,99.21,100.47,99.21,100.47
2026-01-12T19:10:00Z,100.17,100.62,100.17,100.62
2026-01-12T19:15:00Z,100.71,100.92,100.62,100.74
2026-01-12T19:20:00Z,100.92,100.92,100.8,100.8
2026-01-12T19:25:00Z,100.71,101.1,100.71,101.1
2026-01-12T19:30:00Z,101.19,101.31,101.07,101.07
2026-01-12T19:35:00Z,100.83,100.83,100.68,100.71
2026-01-12T19:40:00Z,100.59,100.59,100.5,100.56
2026-01-12T19:45:00Z,100.59,100.59,100.59,100.59
2026-01-12T19:55:00Z,100.53,100.53,100.53,100.53
2026-01-12T20:00:00Z,100.68,100.71,100.44,100.44
2026-01-12T20:05:00Z,100.26,100.56,100.26,100.56
2026-01-12T20:15:00Z,100.68,100.89,100.68,100.89
2026-01-12T20:20:00Z,100.65,100.65,100.56,100.56
2026-01-12T20:25:00Z,100.68,100.95,100.68,100.95
2026-01-12T20:30:00Z,100.29,100.38,99.99,100.38
2026-01-12T20:35:00Z,100.53,100.56,100.5,100.5
2026-01-12T20:40:00Z,99.36,99.36,99.27,99.27
2026-01-12T20:45:00Z,99.15,99.75,99.15,99.75
2026-01-12T20:50:00Z,99.615,99.615,99.06,99.165
2026-01-13T14:30:00Z,97.95,97.95,95.13,95.4
2026-01-13T14:35:00Z,98.31,98.58,97.08,97.08
2026-01-13T14:40:00Z,97.83,99,97.8,98.01
2026-01-13T14:45:00Z,99.24,99.24,98.31,98.31
2026-01-13T14:50:00Z,98.49,100.35,98.49,100.08
2026-01-13T14:55:00Z,100.05,100.5,99.36,99.93
2026-01-13T15:00:00Z,99.75,100.05,99,99.39
2026-01-13T15:05:00Z,98.73,99,98.67,99
2026-01-13T15:10:00Z,99,99.84,99,99.84
2026-01-13T15:15:00Z,99.9,99.9,99.84,99.84
2026-01-13T15:20:00Z,99,99,99,99
2026-01-13T15:25:00Z,99.36,100.23,99.36,100.23
2026-01-13T15:30:00Z,100.38,101.97,100.38,100.92
2026-01-13T15:35:00Z,101.37,101.37,100.86,101.31
2026-01-13T15:40:00Z,100.74,100.74,100.2,100.2
2026-01-13T15:45:00Z,100.23,100.29,100.23,100.26
2026-01-13T15:50:00Z,99.6,99.6,99.57,99.57
2026-01-13T15:55:00Z,100.71,102,100.71,102
2026-01-13T16:00:00Z,102.21,102.24,101.97,102
2026-01-13T16:05:00Z,102.33,102.33,102.06,102.06
2026-01-13T16:10:00Z,101.79,101.97,101.79,101.97
2026-01-13T16:15:00Z,102.6,102.93,102.6,102.93
2026-01-13T16:20:00Z,103.17,103.5,102.99,102.99
2026-01-13T16:25:00Z,102.42,102.42,102,102
2026-01-13T16:35:00Z,102.69,102.9,102.69,102.84
2026-01-13T16:40:00Z,103.29,103.44,103.29,103.44
2026-01-13T16:50:00Z,103.5,103.95,103.5,103.95
2026-01-13T16:55:00Z,104.22,104.64,104.19,104.64
2026-01-13T17:00:00Z,104.55,105.12,104.55,104.88
2026-01-13T17:05:00Z,105,106.11,105,105.48
2026-01-13T17:10:00Z,105.39,105.39,105.39,105.39
2026-01-13T17:15:00Z,105.66,105.84,105.66,105.84
2026-01-13T17:20:00Z,105.09,105.21,105.09,105.21
2026-01-13T17:30:00Z,105.03,105.03,103.98,104.295
2026-01-13T17:35:00Z,103.98,103.98,103.23,103.23
2026-01-13T17:40:00Z,102.87,102.87,102.33,102.36
2026-01-13T17:45:00Z,102.063,102.063,101.79,101.79
2026-01-13T17:50:00Z,101.76,102.3,101.7,102
2026-01-13T17:55:00Z,101.7,101.79,100.98,101.01
2026-01-13T18:00:00Z,101.25,101.85,101.25,101.85
2026-01-13T18:05:00Z,101.73,101.73,101.7,101.7
2026-01-13T18:10:00Z,101.91,101.91,101.91,101.91
2026-01-13T18:20:00Z,100.89,100.89,100.89,100.89
2026-01-13T18:25:00Z,101.925,101.925,101.52,101.55
2026-01-13T18:30:00Z,102,102.48,101.94,102.42
2026-01-13T18:40:00Z,102.18,102.21,102.18,102.18
2026-01-13T18:45:00Z,101.73,101.73,101.55,101.55
2026-01-13T19:00:00Z,102.39,102.54,102.39,102.51
2026-01-13T19:05:00Z,103.44,103.47,103.44,103.47
2026-01-13T19:10:00Z,103.59,104.01,103.53,104.01
2026-01-13T19:15:00Z,104.01,104.4,104.01,104.4
2026-01-13T19:20:00Z,104.55,104.55,104.55,104.55
2026-01-13T19:25:00Z,104.85,104.85,104.85,104.85
2026-01-13T19:30:00Z,104.7,104.7,104.7,104.7
2026-01-13T19:35:00Z,104.16,104.16,104.16,104.16
2026-01-13T19:40:00Z,104.4,104.55,104.4,104.55
2026-01-13T19:45:00Z,104.1,104.16,104.07,104.1
2026-01-13T19:50:00Z,104.25,104.25,104.25,104.25
2026-01-13T20:05:00Z,104.1,104.16,104.1,104.16
2026-01-13T20:10:00Z,103.965,103.965,103.77,103.77
2026-01-13T20:15:00Z,103.41,103.41,103.38,103.38
2026-01-13T20:20:00Z,104.07,104.07,104.07,104.07
2026-01-13T20:25:00Z,104.64,104.64,103.65,103.65
2026-01-13T20:30:00Z,103.38,103.53,103.35,103.47
2026-01-13T20:35:00Z,103.38,103.38,103.38,103.38
2026-01-13T20:40:00Z,102.93,102.93,102.66,102.66
2026-01-13T20:45:00Z,102.87,102.87,102.75,102.87
2026-01-13T20:50:00Z,102.27,102.6,102.21,102.42
2026-01-14T14:30:00Z,103.98,103.98,98.4,99.18
2026-01-14T14:35:00Z,99.78,100.05,97.2,97.35
2026-01-14T14:40:00Z,97.14,97.47,93.9,93.9
2026-01-14T14:45:00Z,94.11,94.11,90.78,91.53
2026-01-14T14:50:00Z,91.485,91.5,88.11,88.5
2026-01-14T14:55:00Z,88.29,88.29,85.98,87
2026-01-14T15:00:00Z,86.73,88.38,86.43,88.38
2026-01-14T15:05:00Z,88.65,89.1,87,87.9
2026-01-14T15:10:00Z,87.42,88.8,86.7,88.53
2026-01-14T15:15:00Z,88.5,88.5,85.89,85.89
2026-01-14T15:20:00Z,85.8,86.82,85.395,85.515
2026-01-14T15:25:00Z,85.35,85.35,84,84.48
2026-01-14T15:30:00Z,84.51,84.51,83.43,83.64
2026-01-14T15:35:00Z,83.7,84.24,83.07,84.24
2026-01-14T15:40:00Z,84.36,84.69,83.04,83.1
2026-01-14T15:45:00Z,83.16,83.37,82.29,82.44
2026-01-14T15:50:00Z,82.83,82.86,82.2,82.2
2026-01-14T15:55:00Z,82.77,83.34,82.68,82.95
2026-01-14T16:00:00Z,83.34,83.37,82.98,83.34
2026-01-14T16:05:00Z,83.52,83.52,82.23,82.23
2026-01-14T16:10:00Z,82.29,82.35,82.05,82.26
2026-01-14T16:15:00Z,82.2,82.71,82.14,82.65
2026-01-14T16:20:00Z,82.59,82.59,81.45,81.45
2026-01-14T16:25:00Z,81.36,81.36,80.79,80.85
2026-01-14T16:30:00Z,81.78,83.04,81.42,82.62
2026-01-14T16:35:00Z,82.2,83.157,82.2,82.74
2026-01-14T16:40:00Z,82.62,82.68,81.81,81.9
2026-01-14T16:45:00Z,81.66,82.68,81.54,82.68
2026-01-14T16:50:00Z,82.5,83.34,82.47,83.25
2026-01-14T16:55:00Z,83.7,84.78,83.61,83.625
2026-01-14T17:00:00Z,83.55,83.85,82.755,83.28
2026-01-14T17:05:00Z,83.37,84.78,83.37,84.66
2026-01-14T17:10:00Z,84.66,84.66,84.03,84.3
2026-01-14T17:15:00Z,84.555,84.555,83.49,83.61
2026-01-14T17:20:00Z,83.46,83.7,83.01,83.7
2026-01-14T17:25:00Z,83.61,83.85,83.49,83.58
2026-01-14T17:30:00Z,83.49,83.49,81.78,81.9
2026-01-14T17:35:00Z,82.2,82.2,81.87,82.05
2026-01-14T17:40:00Z,81.96,82.35,81.96,82.32
2026-01-14T17:45:00Z,82.74,82.95,82.56,82.89
2026-01-14T17:50:00Z,82.65,82.65,82.35,82.5
2026-01-14T17:55:00Z,82.74,83.1,82.71,83.1
2026-01-14T18:00:00Z,83.4,83.67,83.4,83.58
2026-01-14T18:05:00Z,83.37,83.61,83.04,83.61
2026-01-14T18:10:00Z,83.43,83.43,83.43,83.43
2026-01-14T18:15:00Z,83.49,83.61,83.25,83.31
2026-01-14T18:20:00Z,83.28,83.49,83.13,83.49
2026-01-14T18:25:00Z,83.1,83.25,83.07,83.25
2026-01-14T18:30:00Z,83.22,83.22,82.77,82.95
2026-01-14T18:35:00Z,83.19,83.19,82.44,82.65
2026-01-14T18:40:00Z,82.65,82.665,82.5,82.56
2026-01-14T18:45:00Z,82.53,82.86,82.53,82.62
2026-01-14T18:50:00Z,83.22,83.43,83.13,83.43
2026-01-14T18:55:00Z,83.55,84.09,83.55,83.85
2026-01-14T19:00:00Z,83.58,83.58,83.28,83.37
2026-01-14T19:05:00Z,83.25,83.31,83.07,83.31
2026-01-14T19:10:00Z,83.58,83.58,83.43,83.43
2026-01-14T19:15:00Z,83.4,83.55,83.4,83.46
2026-01-14T19:20:00Z,84,84.6,84,84.48
2026-01-14T19:25:00Z,84.21,84.42,83.85,84.36
2026-01-14T19:30:00Z,84.6,85.65,84.6,85.53
2026-01-14T19:35:00Z,85.74,86.55,85.65,85.86
2026-01-14T19:40:00Z,86.4,86.46,86.07,86.07
2026-01-14T19:45:00Z,86.04,86.697,86.04,86.4
2026-01-14T19:50:00Z,86.34,86.52,86.115,86.115
2026-01-14T19:55:00Z,86.115,86.61,86.04,86.22
2026-01-14T20:00:00Z,86.46,86.7,86.46,86.7
2026-01-14T20:05:00Z,86.76,87.48,86.76,87.09
2026-01-14T20:10:00Z,87,87.36,87,87
2026-01-14T20:15:00Z,86.73,87.21,86.73,87.21
2026-01-14T20:20:00Z,87.3,87.57,87.18,87.57
2026-01-14T20:25:00Z,87.45,87.84,87.45,87.45
2026-01-14T20:30:00Z,87.45,88.29,87.42,87.6
2026-01-14T20:35:00Z,87.87,88.29,87.42,87.42
2026-01-14T20:40:00Z,87.75,87.78,87.66,87.66
2026-01-14T20:45:00Z,87.555,87.75,87.39,87.6
2026-01-14T20:50:00Z,87.15,87.15,86.55,87.12
2026-01-14T20:55:00Z,87.3,87.3,86.76,87.18
2026-01-15T14:30:00Z,89.91,90.3,88.05,88.05
2026-01-15T14:35:00Z,87.9,88.245,86.25,86.7
2026-01-15T14:40:00Z,86.82,87,86.1,87
2026-01-15T14:45:00Z,87.12,87.72,86.1,86.1
2026-01-15T14:50:00Z,85.8,87,85.68,87
2026-01-15T14:55:00Z,87.03,87.24,86.82,87
2026-01-15T15:00:00Z,87.6,87.6,86.67,86.67
2026-01-15T15:05:00Z,86.61,86.61,85.8,86.52
2026-01-15T15:10:00Z,86.55,87,86.28,86.55
2026-01-15T15:15:00Z,87,87,86.37,86.37
2026-01-15T15:20:00Z,86.25,86.25,85.14,85.14
2026-01-15T15:25:00Z,85.32,85.5,85.32,85.5
2026-01-15T15:30:00Z,86.43,86.43,86.43,86.43
2026-01-15T15:35:00Z,86.28,86.28,86.07,86.07
2026-01-15T15:40:00Z,85.5,85.53,85.23,85.275
2026-01-15T15:45:00Z,85.62,85.62,84.99,84.99
2026-01-15T15:50:00Z,84.9,85.26,84.84,84.87
2026-01-15T15:55:00Z,85.65,85.92,85.65,85.92
2026-01-15T16:00:00Z,86.28,86.28,86.25,86.28
2026-01-15T16:05:00Z,86.64,86.82,86.43,86.43
2026-01-15T16:10:00Z,86.34,86.34,85.38,85.38
2026-01-15T16:15:00Z,85.35,85.5,85.32,85.5
2026-01-15T16:20:00Z,85.35,85.35,84.96,85.29
2026-01-15T16:25:00Z,85.23,85.5,85.23,85.5
2026-01-15T16:30:00Z,85.38,85.65,85.38,85.65
2026-01-15T16:35:00Z,86.1,86.1,86.1,86.1
2026-01-15T16:40:00Z,86.16,86.16,85.95,85.95
2026-01-15T16:45:00Z,86.28,86.55,86.28,86.55
2026-01-15T16:50:00Z,86.55,87.3,86.55,87.3
2026-01-15T16:55:00Z,86.73,87.45,86.73,87.45
2026-01-15T17:00:00Z,87.33,87.33,87.03,87.03
2026-01-15T17:05:00Z,87.3,87.3,87.3,87.3
2026-01-15T17:10:00Z,87.51,87.51,87.51,87.51
2026-01-15T17:15:00Z,87.54,87.6,87.54,87.6
2026-01-15T17:25:00Z,87.33,87.33,87.33,87.33
2026-01-15T17:30:00Z,87,87,86.61,86.61
2026-01-15T17:35:00Z,86.58,86.58,86.58,86.58
2026-01-15T17:45:00Z,86.64,86.64,86.1,86.1
2026-01-15T17:50:00Z,86.1,86.1,86.1,86.1
2026-01-15T17:55:00Z,86.13,86.13,85.92,85.92
2026-01-15T18:00:00Z,85.5,85.5,85.17,85.44
2026-01-15T18:05:00Z,85.44,85.5,85.44,85.5
2026-01-15T18:10:00Z,85.47,85.47,85.2,85.2
2026-01-15T18:15:00Z,85.05,85.05,84.27,84.42
2026-01-15T18:20:00Z,84.45,84.45,83.76,84.09
2026-01-15T18:25:00Z,84.15,84.48,84.15,84.48
2026-01-15T18:35:00Z,84.66,84.75,84.66,84.72
2026-01-15T18:40:00Z,85.2,85.2,85.2,85.2
2026-01-15T18:45:00Z,85.8,85.8,85.8,85.8
2026-01-15T18:50:00Z,85.62,85.62,85.5,85.5
2026-01-15T18:55:00Z,85.59,85.62,85.59,85.62
2026-01-15T19:00:00Z,85.5,85.5,84.6,84.6
2026-01-15T19:10:00Z,85.65,85.71,84.99,84.99
2026-01-15T19:15:00Z,84.9,84.9,84.735,84.78
2026-01-15T19:20:00Z,84.72,84.72,84.36,84.36
2026-01-15T19:25:00Z,84.21,84.21,83.49,83.52
2026-01-15T19:30:00Z,83.46,83.46,82.605,83.1
2026-01-15T19:35:00Z,83.13,83.31,82.98,83.1
2026-01-15T19:40:00Z,83.01,83.13,82.74,82.74
2026-01-15T19:45:00Z,82.59,82.59,82.26,82.26
2026-01-15T19:50:00Z,82.23,82.65,82.23,82.5
2026-01-15T19:55:00Z,82.56,82.8,82.44,82.71
2026-01-15T20:00:00Z,82.845,82.845,82.56,82.77
2026-01-15T20:05:00Z,83.4,83.58,83.34,83.34
2026-01-15T20:10:00Z,83.25,83.25,83.04,83.04
2026-01-15T20:15:00Z,83.91,83.91,83.52,83.52
2026-01-15T20:25:00Z,83.31,83.31,83.25,83.28
2026-01-15T20:35:00Z,84,84.345,84,84.21
2026-01-15T20:40:00Z,84.6,84.81,84.6,84.81
2026-01-15T20:45:00Z,85.11,85.23,84.66,84.66
2026-01-15T20:50:00Z,84.825,84.9,84.3,84.3
2026-01-15T20:55:00Z,84.3,84.3,84.03,84.06
2026-01-16T14:30:00Z,86.31,86.31,81.57,82.5
2026-01-16T14:35:00Z,82.62,83.07,81.81,82.08
2026-01-16T14:40:00Z,81.9,81.9,81,81.66
2026-01-16T14:45:00Z,81.6,81.885,80.1,80.1
2026-01-16T14:50:00Z,80.325,80.7,79.2,79.2
2026-01-16T14:55:00Z,79.2,79.2,78.03,78.9
2026-01-16T15:00:00Z,78.66,80.1,78.6,78.9
2026-01-16T15:05:00Z,79.23,79.38,78.12,78.12
2026-01-16T15:10:00Z,78.48,78.6,78.09,78.24
2026-01-16T15:15:00Z,78.21,78.36,77.34,77.4
2026-01-16T15:20:00Z,77.34,78.36,77.22,78.36
2026-01-16T15:25:00Z,78.27,78.27,77.25,77.4
2026-01-16T15:30:00Z,77.4,77.46,77.1,77.16
2026-01-16T15:35:00Z,77.25,77.52,77.22,77.31
2026-01-16T15:40:00Z,77.43,77.61,76.65,76.8
2026-01-16T15:45:00Z,76.98,77.25,76.83,77.25
2026-01-16T15:50:00Z,77.07,78.09,76.95,78.03
2026-01-16T15:55:00Z,78.3,78.615,78,78.615
2026-01-16T16:00:00Z,78.69,78.69,77.79,77.79
2026-01-16T16:05:00Z,78.18,78.36,78.18,78.18
2026-01-16T16:10:00Z,78.48,78.87,78.48,78.63
2026-01-16T16:15:00Z,78.75,79.02,78.6,78.6
2026-01-16T16:20:00Z,78.72,79.14,78.57,79.125
2026-01-16T16:25:00Z,79.05,79.56,78.93,79.56
2026-01-16T16:30:00Z,79.89,79.89,78.87,78.99
2026-01-16T16:35:00Z,78.96,79.08,78.735,78.99
2026-01-16T16:40:00Z,79.05,79.05,78.78,78.96
2026-01-16T16:45:00Z,79.11,79.5,79.11,79.5
2026-01-16T16:50:00Z,79.575,79.575,79.17,79.17
2026-01-16T16:55:00Z,79.14,79.14,78.54,78.66
2026-01-16T17:00:00Z,78.54,78.54,77.76,77.97
2026-01-16T17:05:00Z,77.85,77.85,77.37,77.37
2026-01-16T17:10:00Z,77.76,78,77.76,77.97
2026-01-16T17:15:00Z,77.94,77.94,77.58,77.58
2026-01-16T17:20:00Z,77.43,77.7,77.4,77.4
2026-01-16T17:25:00Z,77.37,77.55,77.04,77.16
2026-01-16T17:30:00Z,77.01,77.13,76.65,76.68
2026-01-16T17:35:00Z,76.71,76.875,76.71,76.8
2026-01-16T17:40:00Z,76.74,76.8,76.65,76.77
2026-01-16T17:45:00Z,76.83,76.83,76.35,76.35
2026-01-16T17:50:00Z,76.26,76.26,75.66,75.78
2026-01-16T17:55:00Z,75.66,75.66,74.52,74.52
2026-01-16T18:00:00Z,74.43,74.61,74.25,74.43
2026-01-16T18:05:00Z,75,75.27,75,75.27
2026-01-16T18:10:00Z,75.15,75.15,74.88,74.88
2026-01-16T18:15:00Z,75,75,74.55,74.55
2026-01-16T18:20:00Z,74.55,74.58,73.98,74.01
2026-01-16T18:25:00Z,75,75,74.85,75
2026-01-16T18:30:00Z,75,75.09,74.55,74.55
2026-01-16T18:35:00Z,74.505,74.55,74.25,74.25
2026-01-16T18:40:00Z,74.46,74.49,74.37,74.37
2026-01-16T18:45:00Z,74.55,75.21,74.55,75.21
2026-01-16T18:50:00Z,75,75.135,74.94,74.94
2026-01-16T18:55:00Z,74.97,75,74.85,74.91
2026-01-16T19:00:00Z,74.85,74.85,74.43,74.52
2026-01-16T19:05:00Z,74.55,74.73,74.55,74.55
2026-01-16T19:10:00Z,74.49,74.49,73.74,73.74
2026-01-16T19:15:00Z,73.77,73.83,73.62,73.83
2026-01-16T19:20:00Z,73.77,73.8,73.68,73.68
2026-01-16T19:25:00Z,73.53,73.83,73.5,73.71
2026-01-16T19:30:00Z,73.71,73.77,73.44,73.5
2026-01-16T19:35:00Z,73.47,73.47,72.96,73.155
2026-01-16T19:40:00Z,73.26,73.74,73.2,73.5
2026-01-16T19:45:00Z,73.26,73.41,73.05,73.2
2026-01-16T19:50:00Z,73.59,73.59,73.5,73.56
2026-01-16T19:55:00Z,73.38,73.5,73.29,73.29
2026-01-16T20:00:00Z,73.44,73.44,72.69,72.69
2026-01-16T20:05:00Z,72.6,72.6,71.55,72
2026-01-16T20:10:00Z,72.15,72.15,71.94,72.12
2026-01-16T20:15:00Z,72.03,72.09,71.13,71.58
2026-01-16T20:20:00Z,71.46,72.48,71.46,72.3
2026-01-16T20:25:00Z,72.36,73.2,72.15,73.05
2026-01-16T20:30:00Z,72.99,73.59,72.99,73.17
2026-01-16T20:35:00Z,73.08,73.14,72.3,72.3
2026-01-16T20:40:00Z,72.39,72.39,72.36,72.36
2026-01-16T20:45:00Z,72.36,72.36,72,72.21
2026-01-16T20:50:00Z,72.3,73.65,72.3,73.65
2026-01-16T20:55:00Z,73.35,73.68,73.14,73.56
2026-01-20T14:30:00Z,66.3,68.745,66.15,67.26
2026-01-20T14:35:00Z,68.52,68.52,64.71,64.71
2026-01-20T14:40:00Z,64.65,67.02,64.08,66.72
2026-01-20T14:45:00Z,66.3,66.63,64.86,66.6
2026-01-20T14:50:00Z,66.36,67.8,66.36,67.5
2026-01-20T14:55:00Z,67.38,69.9,67.38,69.66
2026-01-20T15:00:00Z,69.78,70.8,69.3,70.8
2026-01-20T15:05:00Z,70.5,71.85,70.17,71.85
2026-01-20T15:10:00Z,71.865,72.42,70.83,70.83
2026-01-20T15:15:00Z,71.1,71.61,70.8,71.1
2026-01-20T15:20:00Z,71.1,71.4,70.98,71.04
2026-01-20T15:25:00Z,71.04,72.975,71.04,72.3
2026-01-20T15:30:00Z,72.15,72.48,71.7,72
2026-01-20T15:35:00Z,72,72,70.77,71.22
2026-01-20T15:40:00Z,71.67,72.03,71.4,71.4
2026-01-20T15:45:00Z,71.67,71.7,71.1,71.4
2026-01-20T15:50:00Z,71.7,72.81,71.7,72.81
2026-01-20T15:55:00Z,72.48,72.6,71.67,71.67
2026-01-20T16:00:00Z,71.55,72.72,71.55,72.48
2026-01-20T16:05:00Z,72.75,74.49,72.75,74.22
2026-01-20T16:10:00Z,74.31,74.43,73.5,74.04
2026-01-20T16:15:00Z,73.95,73.95,73.17,73.575
2026-01-20T16:20:00Z,73.77,73.77,72.57,72.57
2026-01-20T16:25:00Z,72.66,73.59,72.63,73.59
2026-01-20T16:30:00Z,73.68,74.64,73.68,74.55
2026-01-20T16:35:00Z,74.7,74.88,74.37,74.88
2026-01-20T16:40:00Z,74.85,75,74.52,74.94
2026-01-20T16:45:00Z,74.91,75.33,74.91,75.33
2026-01-20T16:50:00Z,75.36,75.45,74.64,74.775
2026-01-20T16:55:00Z,74.82,75.9,74.1,74.13
2026-01-20T17:00:00Z,73.83,73.89,72.81,72.81
2026-01-20T17:05:00Z,72.84,72.84,72.24,72.33
2026-01-20T17:10:00Z,72.285,72.36,72,72.36
2026-01-20T17:15:00Z,72.39,73.2,72.39,73.2
2026-01-20T17:20:00Z,73.29,73.29,72.66,72.66
2026-01-20T17:25:00Z,72.72,72.75,72.57,72.75
2026-01-20T17:30:00Z,72.78,72.78,72.6,72.6
2026-01-20T17:35:00Z,72.39,72.6,72.15,72.6
2026-01-20T17:40:00Z,72.63,72.63,72.465,72.63
2026-01-20T17:45:00Z,72.27,72.27,72.09,72.09
2026-01-20T17:50:00Z,72.54,72.54,72.54,72.54
2026-01-20T17:55:00Z,73.56,74.07,73.53,73.77
2026-01-20T18:00:00Z,73.5,73.74,73.38,73.5
2026-01-20T18:05:00Z,72.87,72.99,72.87,72.9
2026-01-20T18:20:00Z,72.72,72.72,72.48,72.48
2026-01-20T18:25:00Z,72.15,72.18,72.12,72.15
2026-01-20T18:30:00Z,72.33,72.33,72.33,72.33
2026-01-20T18:35:00Z,72.54,72.54,72.42,72.42
2026-01-20T18:40:00Z,72.81,73.17,72.81,73.17
2026-01-20T18:45:00Z,73.08,73.08,72.75,72.75
2026-01-20T18:50:00Z,72.66,72.84,72.39,72.84
2026-01-20T18:55:00Z,72.873,72.873,72.69,72.72
2026-01-20T19:00:00Z,72.87,72.87,72.81,72.81
2026-01-20T19:05:00Z,72.72,72.93,72.72,72.93
2026-01-20T19:20:00Z,72.24,72.24,72,72
2026-01-20T19:25:00Z,72,72.24,72,72
2026-01-20T19:30:00Z,71.91,71.91,71.46,71.82
2026-01-20T19:35:00Z,71.82,71.94,71.82,71.94
2026-01-20T19:40:00Z,71.97,72.12,71.97,72.12
2026-01-20T19:45:00Z,72.09,72.18,72.03,72.18
2026-01-20T19:50:00Z,72.54,72.6,72.3,72.6
2026-01-20T19:55:00Z,72.3,72.48,72.27,72.45
2026-01-20T20:00:00Z,72.24,72.24,72.24,72.24
2026-01-20T20:05:00Z,72.45,72.45,72.45,72.45
2026-01-20T20:10:00Z,72.15,72.18,72,72
2026-01-20T20:15:00Z,72,72,72,72
2026-01-20T20:25:00Z,71.91,71.91,71.91,71.91
2026-01-20T20:30:00Z,71.73,71.85,71.52,71.52
2026-01-20T20:35:00Z,71.49,71.64,71.49,71.64
2026-01-20T20:40:00Z,71.7,72.18,71.7,72.18
2026-01-20T20:45:00Z,71.97,72.06,71.97,72.06
2026-01-20T20:50:00Z,72.09,72.18,71.73,72.18
2026-01-20T20:55:00Z,72.36,72.51,72.36,72.36
2026-01-21T14:30:00Z,71.04,71.04,68.04,68.04
2026-01-21T14:35:00Z,67.74,68.67,66.6,66.87
2026-01-21T14:40:00Z,66.96,67.5,65.85,66.84
2026-01-21T14:45:00Z,66.54,66.54,65.13,65.433
2026-01-21T14:50:00Z,66,68.487,66,67.59
2026-01-21T14:55:00Z,67.35,69,67.35,67.83
2026-01-21T15:00:00Z,67.53,68.4,67.425,67.56
2026-01-21T15:05:00Z,67.35,68.01,67.2,67.62
2026-01-21T15:10:00Z,67.32,67.59,67.2,67.59
2026-01-21T15:15:00Z,67.35,67.77,67.29,67.77
2026-01-21T15:20:00Z,67.65,67.8,67.2,67.2
2026-01-21T15:25:00Z,67.2,67.2,66.66,66.75
2026-01-21T15:30:00Z,66.93,67.92,66.66,67.92
2026-01-21T15:35:00Z,67.74,68.4,67.74,68.4
2026-01-21T15:40:00Z,68.07,68.67,68.07,68.22
2026-01-21T15:45:00Z,68.07,68.19,68.07,68.19
2026-01-21T15:50:00Z,68.28,68.76,67.95,68.73
2026-01-21T15:55:00Z,68.55,68.55,68.25,68.28
2026-01-21T16:00:00Z,68.31,68.31,68.13,68.25
2026-01-21T16:05:00Z,68.16,68.25,67.14,67.14
2026-01-21T16:10:00Z,67.05,67.05,66.48,66.48
2026-01-21T16:15:00Z,66.45,66.45,65.37,65.94
2026-01-21T16:20:00Z,65.7,65.7,64.86,65.55
2026-01-21T16:25:00Z,66.18,66.18,65.97,65.97
2026-01-21T16:30:00Z,65.82,65.82,65.76,65.76
2026-01-21T16:35:00Z,65.67,65.67,64.71,64.71
2026-01-21T16:40:00Z,64.59,65.31,64.53,65.31
2026-01-21T16:45:00Z,64.98,65.25,64.98,65.19
2026-01-21T16:50:00Z,65.22,65.22,65.1,65.1
2026-01-21T16:55:00Z,65.25,65.25,64.89,64.95
2026-01-21T17:00:00Z,64.86,64.86,64.32,64.38
2026-01-21T17:05:00Z,64.47,64.755,64.35,64.41
2026-01-21T17:10:00Z,64.437,64.44,63.87,63.9
2026-01-21T17:15:00Z,64.05,64.89,63.84,64.89
2026-01-21T17:20:00Z,64.53,64.89,64.53,64.89
2026-01-21T17:25:00Z,64.8,65.37,64.8,65.37
2026-01-21T17:30:00Z,65.16,65.25,64.77,64.77
2026-01-21T17:35:00Z,65.25,65.25,64.8,65.1
2026-01-21T17:40:00Z,65.19,65.19,65.19,65.19
2026-01-21T17:45:00Z,64.5,64.5,64.5,64.5
2026-01-21T17:50:00Z,64.68,64.68,64.68,64.68
2026-01-21T17:55:00Z,64.98,65.22,64.98,65.22
2026-01-21T18:00:00Z,65.22,65.22,64.47,64.47
2026-01-21T18:05:00Z,65.07,65.31,65.07,65.31
2026-01-21T18:10:00Z,65.31,65.43,65.25,65.43
2026-01-21T18:15:00Z,65.64,65.64,65.31,65.31
2026-01-21T18:20:00Z,65.4,65.55,65.4,65.55
2026-01-21T18:35:00Z,65.55,65.55,64.98,64.98
2026-01-21T18:45:00Z,65.07,65.37,65.01,65.37
2026-01-21T18:50:00Z,64.77,64.77,64.77,64.77
2026-01-21T18:55:00Z,64.86,64.86,64.59,64.59
2026-01-21T19:00:00Z,64.59,64.59,64.32,64.44
2026-01-21T19:05:00Z,64.38,64.5,64.38,64.5
2026-01-21T19:10:00Z,64.35,64.35,64.23,64.23
2026-01-21T19:15:00Z,64.86,65.37,64.74,65.28
2026-01-21T19:20:00Z,65.19,65.25,65.19,65.25
2026-01-21T19:25:00Z,65.655,66.54,65.49,66.54
2026-01-21T19:30:00Z,67.2,67.47,66.93,66.93
2026-01-21T19:35:00Z,66.78,67.26,66.78,67.02
2026-01-21T19:40:00Z,66.93,66.93,66.27,66.27
2026-01-21T19:45:00Z,66.36,66.42,66.27,66.42
2026-01-21T19:50:00Z,66.66,66.66,66,66.6
2026-01-21T19:55:00Z,66.66,66.78,66.48,66.48
2026-01-21T20:00:00Z,66.36,66.39,66.27,66.27
2026-01-21T20:05:00Z,66.51,66.51,66.06,66.06
2026-01-21T20:10:00Z,65.88,65.88,65.25,65.28
2026-01-21T20:15:00Z,65.07,65.07,64.86,64.86
2026-01-21T20:20:00Z,64.65,64.74,64.2,64.74
2026-01-21T20:25:00Z,64.5,64.5,64.44,64.44
2026-01-21T20:30:00Z,64.08,64.26,63.9,64.245
2026-01-21T20:35:00Z,64.11,64.11,63.63,63.72
2026-01-21T20:40:00Z,63.63,64.02,63.45,63.99
2026-01-21T20:45:00Z,63.75,64.26,63.75,64.26
2026-01-21T20:50:00Z,64.08,64.29,63.75,64.17
2026-01-21T20:55:00Z,63.84,63.96,63.78,63.96
2026-01-22T14:30:00Z,65.55,65.61,64.05,64.26
2026-01-22T14:35:00Z,64.23,64.23,63.21,63.96
2026-01-22T14:40:00Z,63.6,64.14,62.85,63.21
2026-01-22T14:45:00Z,63.15,63.15,61.89,62.07
2026-01-22T14:50:00Z,62.43,63.06,62.13,63
2026-01-22T14:55:00Z,62.73,62.73,61.35,61.35
2026-01-22T15:00:00Z,61.2,61.62,60.75,61.245
2026-01-22T15:05:00Z,61.05,61.05,60.24,60.24
2026-01-22T15:10:00Z,60.54,60.84,60.54,60.69
2026-01-22T15:15:00Z,61.47,61.47,60.66,61.05
2026-01-22T15:20:00Z,61.5,61.86,61.185,61.185
2026-01-22T15:25:00Z,61.365,61.8,61.2,61.2
2026-01-22T15:30:00Z,61.08,61.08,60.66,60.96
2026-01-22T15:35:00Z,61.32,61.32,61.05,61.05
2026-01-22T15:40:00Z,60.99,60.99,60.48,60.54
2026-01-22T15:45:00Z,60.75,61.38,60.75,60.84
2026-01-22T15:50:00Z,60.6,60.87,60.45,60.45
2026-01-22T15:55:00Z,60.39,60.39,59.97,60.33
2026-01-22T16:00:00Z,60.3,60.3,60,60.15
2026-01-22T16:05:00Z,60.15,60.15,59.85,59.94
2026-01-22T16:10:00Z,60,60.39,60,60.33
2026-01-22T16:15:00Z,60.45,60.45,59.85,59.85
2026-01-22T16:20:00Z,59.82,60.45,59.55,60.45
2026-01-22T16:25:00Z,60.81,61.38,60.81,61.29
2026-01-22T16:30:00Z,61.5,62.67,61.5,62.55
2026-01-22T16:35:00Z,62.43,62.46,62.19,62.19
2026-01-22T16:40:00Z,61.95,62.25,61.83,61.83
2026-01-22T16:45:00Z,61.8,62.01,61.8,62.01
2026-01-22T16:50:00Z,61.95,61.95,61.71,61.71
2026-01-22T16:55:00Z,61.62,61.62,61.35,61.35
2026-01-22T17:00:00Z,61.26,61.26,61.05,61.14
2026-01-22T17:05:00Z,61.05,61.05,61.05,61.05
2026-01-22T17:15:00Z,61.26,61.26,61.05,61.08
2026-01-22T17:25:00Z,61.35,61.44,61.32,61.32
2026-01-22T17:30:00Z,61.5,61.77,61.5,61.77
2026-01-22T17:35:00Z,61.575,61.575,61.29,61.35
2026-01-22T17:40:00Z,61.62,61.62,61.62,61.62
2026-01-22T17:45:00Z,62.1,62.13,62.1,62.13
2026-01-22T17:50:00Z,62.43,62.43,62.04,62.04
2026-01-22T17:55:00Z,61.65,62.1,61.65,62.1
2026-01-22T18:00:00Z,62.04,62.04,61.77,61.86
2026-01-22T18:05:00Z,61.98,62.01,61.98,61.98
2026-01-22T18:10:00Z,62.25,62.25,60.84,60.84
2026-01-22T18:15:00Z,60.63,60.84,60.225,60.78
2026-01-22T18:20:00Z,61.05,61.17,61.05,61.17
2026-01-22T18:25:00Z,61.26,61.35,61.05,61.35
2026-01-22T18:30:00Z,61.14,61.14,60.9,60.9
2026-01-22T18:35:00Z,61.14,61.14,61.14,61.14
2026-01-22T18:45:00Z,61.71,61.71,61.71,61.71
2026-01-22T18:50:00Z,61.86,61.86,61.8,61.8
2026-01-22T18:55:00Z,61.44,61.5,61.44,61.5
2026-01-22T19:00:00Z,61.65,61.65,61.65,61.65
2026-01-22T19:05:00Z,61.74,61.74,61.47,61.47
2026-01-22T19:15:00Z,61.707,61.95,61.65,61.95
2026-01-22T19:20:00Z,62.1,62.1,61.68,61.92
2026-01-22T19:25:00Z,61.74,61.83,61.71,61.83
2026-01-22T19:30:00Z,61.83,61.83,61.77,61.77
2026-01-22T19:35:00Z,61.5,61.5,61.5,61.5
2026-01-22T19:40:00Z,61.47,61.74,61.47,61.74
2026-01-22T19:45:00Z,61.77,61.89,61.77,61.86
2026-01-22T19:50:00Z,61.8,61.8,61.68,61.68
2026-01-22T20:00:00Z,61.59,61.59,61.59,61.59
2026-01-22T20:05:00Z,61.65,61.65,61.26,61.38
2026-01-22T20:10:00Z,61.44,61.44,61.14,61.23
2026-01-22T20:15:00Z,61.35,61.35,61.32,61.32
2026-01-22T20:20:00Z,61.5,61.62,61.44,61.62
2026-01-22T20:30:00Z,61.26,61.32,61.26,61.32
2026-01-22T20:35:00Z,61.05,61.05,61.05,61.05
2026-01-22T20:40:00Z,61.02,61.11,60.96,61.11
2026-01-22T20:45:00Z,61.08,61.29,61.08,61.29
2026-01-22T20:50:00Z,61.2,61.2,61.053,61.2
2026-01-22T20:55:00Z,61.08,61.47,61.02,61.32
2026-01-23T14:30:00Z,61.08,61.215,58.8,58.92
2026-01-23T14:35:00Z,58.89,59.55,58.44,58.98
2026-01-23T14:40:00Z,59.43,60.27,59.385,59.4
2026-01-23T14:45:00Z,59.73,59.73,58.62,58.89
2026-01-23T14:50:00Z,59.13,59.46,59.1,59.46
2026-01-23T14:55:00Z,59.7,59.88,59.25,59.25
2026-01-23T15:00:00Z,59.88,60.09,59.7,59.985
2026-01-23T15:05:00Z,60.39,60.63,59.73,60.63
2026-01-23T15:10:00Z,60.54,60.57,60.54,60.57
2026-01-23T15:15:00Z,61.2,61.35,60.75,60.75
2026-01-23T15:20:00Z,61.02,61.41,60.87,61.32
2026-01-23T15:25:00Z,61.32,61.8,61.32,61.8
2026-01-23T15:30:00Z,62.01,62.67,61.8,62.52
2026-01-23T15:35:00Z,62.4,62.4,61.95,61.95
2026-01-23T15:40:00Z,62.22,62.28,62.13,62.28
2026-01-23T15:45:00Z,62.535,62.73,62.43,62.73
2026-01-23T15:50:00Z,62.85,63,62.55,62.55
2026-01-23T15:55:00Z,62.52,63.75,62.52,63.6
2026-01-23T16:00:00Z,63.99,63.99,63.24,63.24
2026-01-23T16:05:00Z,63.75,63.75,63.15,63.51
2026-01-23T16:10:00Z,63.51,63.54,63.45,63.48
2026-01-23T16:20:00Z,63.21,63.45,63.15,63.45
2026-01-23T16:25:00Z,63.36,63.36,62.94,63.06
2026-01-23T16:30:00Z,63.45,63.57,63.45,63.555
2026-01-23T16:35:00Z,63.6,63.72,63.57,63.57
2026-01-23T16:40:00Z,63.48,63.48,63.45,63.45
2026-01-23T16:45:00Z,63.75,64.32,63.75,64.32
2026-01-23T16:50:00Z,64.08,64.2,64.08,64.2
2026-01-23T16:55:00Z,64.26,64.26,64.14,64.17
2026-01-23T17:00:00Z,64.02,64.56,64.02,64.5
2026-01-23T17:05:00Z,64.5,64.5,64.5,64.5
2026-01-23T17:10:00Z,64.5,64.5,64.11,64.2
2026-01-23T17:15:00Z,63.9,64.17,63.9,64.17
2026-01-23T17:20:00Z,64.11,64.11,63.75,63.9
2026-01-23T17:35:00Z,63.54,63.54,63.33,63.36
2026-01-23T17:40:00Z,63.27,63.27,63,63
2026-01-23T17:45:00Z,62.79,63.27,62.73,63.27
2026-01-23T17:50:00Z,63.18,63.18,63.15,63.18
2026-01-23T17:55:00Z,63.09,63.09,62.91,62.91
2026-01-23T18:00:00Z,63.09,63.27,63.09,63.27
2026-01-23T18:05:00Z,63.42,63.42,63.42,63.42
2026-01-23T18:15:00Z,63.48,63.6,63.48,63.6
2026-01-23T18:20:00Z,63.45,63.6,63.45,63.6
2026-01-23T18:25:00Z,63.63,63.63,63.3,63.3
2026-01-23T18:30:00Z,63,63,62.76,62.76
2026-01-23T18:35:00Z,62.4,62.64,62.4,62.64
2026-01-23T18:40:00Z,62.61,62.61,62.61,62.61
2026-01-23T18:45:00Z,62.4,62.52,62.4,62.52
2026-01-23T18:50:00Z,62.49,62.49,62.4,62.4
2026-01-23T18:55:00Z,62.58,62.58,62.52,62.52
2026-01-23T19:00:00Z,62.4,62.4,62.4,62.4
2026-01-23T19:15:00Z,62.94,62.94,62.94,62.94
2026-01-23T19:30:00Z,62.73,62.73,62.7,62.7
2026-01-23T19:35:00Z,62.82,62.82,62.82,62.82
2026-01-23T19:55:00Z,62.34,62.34,62.22,62.25
2026-01-23T20:00:00Z,62.28,62.28,62.1,62.1
2026-01-23T20:05:00Z,62.04,62.04,61.62,61.77
2026-01-23T20:10:00Z,61.74,62.16,61.74,62.16
2026-01-23T20:15:00Z,62.1,62.13,62.1,62.13
2026-01-23T20:20:00Z,62.25,62.25,62.25,62.25
2026-01-23T20:25:00Z,62.04,62.04,61.98,61.98
2026-01-23T20:30:00Z,61.95,61.95,61.5,61.71
2026-01-23T20:35:00Z,61.77,61.77,61.77,61.77
2026-01-23T20:45:00Z,62.25,62.25,62.22,62.22
2026-01-23T20:50:00Z,62.13,62.13,62.01,62.01
2026-01-23T20:55:00Z,61.92,62.22,61.86,62.22
2026-01-26T14:30:00Z,64.5,68.52,64.5,67.2
2026-01-26T14:35:00Z,66.99,68.1,66.66,67.71
2026-01-26T14:40:00Z,67.56,69.27,67.38,68.64
2026-01-26T14:45:00Z,68.43,69.78,68.4,69.09
2026-01-26T14:50:00Z,69.09,69.84,69.09,69.63
2026-01-26T14:55:00Z,69.72,70.02,68.235,68.235
2026-01-26T15:00:00Z,68.16,68.7,68.04,68.04
2026-01-26T15:05:00Z,67.77,67.89,67.47,67.47
2026-01-26T15:10:00Z,67.485,67.485,66.9,66.96
2026-01-26T15:15:00Z,67.05,67.35,66.66,67.35
2026-01-26T15:20:00Z,67.44,67.44,66.75,66.75
2026-01-26T15:25:00Z,67.38,67.965,67.26,67.32
2026-01-26T15:30:00Z,67.14,67.14,66.84,67.02
2026-01-26T15:35:00Z,66.81,67.14,66.72,67.02
2026-01-26T15:40:00Z,66.78,67.11,66.78,67.11
2026-01-26T15:45:00Z,66.99,67.2,66.99,66.99
2026-01-26T15:50:00Z,67.35,67.53,67.29,67.53
2026-01-26T15:55:00Z,67.38,67.62,67.17,67.17
2026-01-26T16:00:00Z,66.96,66.96,66.75,66.75
2026-01-26T16:05:00Z,66.96,67.8,66.96,67.77
2026-01-26T16:10:00Z,67.71,67.71,67.56,67.56
2026-01-26T16:15:00Z,67.2,67.2,67.2,67.2
2026-01-26T16:20:00Z,67.44,67.65,67.44,67.65
2026-01-26T16:25:00Z,67.8,68.43,67.8,68.43
2026-01-26T16:30:00Z,68.4,68.4,67.5,67.5
2026-01-26T16:35:00Z,67.41,67.41,67.08,67.26
2026-01-26T16:40:00Z,67.41,67.47,67.41,67.41
2026-01-26T16:45:00Z,67.44,67.68,67.44,67.68
2026-01-26T16:50:00Z,67.8,67.86,67.59,67.59
2026-01-26T16:55:00Z,67.47,67.59,67.47,67.59
2026-01-26T17:00:00Z,67.35,67.35,67.2,67.23
2026-01-26T17:05:00Z,67.26,67.26,67.2,67.23
2026-01-26T17:10:00Z,67.08,67.08,65.61,65.61
2026-01-26T17:15:00Z,65.67,66.12,65.67,66.12
2026-01-26T17:20:00Z,66.3,66.6,66.3,66.6
2026-01-26T17:25:00Z,66.45,66.45,66.45,66.45
2026-01-26T17:30:00Z,65.7,65.91,65.7,65.91
2026-01-26T17:35:00Z,66,66,66,66
2026-01-26T17:40:00Z,66.06,66.06,65.85,65.85
2026-01-26T17:45:00Z,65.73,65.73,65.73,65.73
2026-01-26T17:50:00Z,65.64,65.67,65.505,65.55
2026-01-26T17:55:00Z,65.01,65.07,64.77,64.77
2026-01-26T18:00:00Z,64.725,64.8,64.695,64.8
2026-01-26T18:05:00Z,64.77,64.77,64.5,64.5
2026-01-26T18:10:00Z,64.44,64.44,64.44,64.44
2026-01-26T18:15:00Z,64.32,64.32,64.32,64.32
2026-01-26T18:20:00Z,64.71,64.71,64.53,64.53
2026-01-26T18:30:00Z,64.53,64.53,64.2,64.32
2026-01-26T18:35:00Z,64.5,64.5,64.5,64.5
2026-01-26T18:45:00Z,64.53,64.53,64.53,64.53
2026-01-26T18:50:00Z,64.65,64.65,64.65,64.65
2026-01-26T19:00:00Z,64.83,64.83,64.83,64.83
2026-01-26T19:05:00Z,64.35,64.35,64.02,64.05
2026-01-26T19:10:00Z,64.02,64.02,63.9,63.9
2026-01-26T19:15:00Z,63.87,63.87,63.87,63.87
2026-01-26T19:20:00Z,63.81,63.93,63.72,63.87
2026-01-26T19:30:00Z,63.99,63.99,63.99,63.99
2026-01-26T19:35:00Z,63.9,63.9,63.9,63.9
2026-01-26T19:40:00Z,63.915,63.915,63.915,63.915
2026-01-26T19:45:00Z,63.66,63.66,63.6,63.6
2026-01-26T19:50:00Z,63.51,63.51,63.39,63.39
2026-01-26T19:55:00Z,63.39,63.42,63.39,63.42
2026-01-26T20:00:00Z,63.66,63.66,63.66,63.66
2026-01-26T20:05:00Z,63.27,63.27,63.27,63.27
2026-01-26T20:10:00Z,63.18,63.33,63.18,63.3
2026-01-26T20:15:00Z,63.48,63.48,63.48,63.48
2026-01-26T20:20:00Z,63.45,63.75,63.45,63.75
2026-01-26T20:25:00Z,63.72,63.84,63.69,63.813
2026-01-26T20:30:00Z,64.44,64.44,64.2,64.2
2026-01-26T20:35:00Z,64.2,64.2,64.11,64.11
2026-01-26T20:40:00Z,64.02,64.02,63.72,63.9
2026-01-26T20:45:00Z,64.17,64.2,64.17,64.2
2026-01-26T20:50:00Z,63.96,64.05,63.96,64.05
2026-01-27T14:30:00Z,67.5,67.65,66.72,66.84
2026-01-27T14:35:00Z,67.53,67.53,66.6,67.11
2026-01-27T14:40:00Z,67.26,68.1,65.16,65.19
2026-01-27T14:45:00Z,65.1,66.03,65.1,65.7
2026-01-27T14:50:00Z,66.42,67.8,66.3,67.8
2026-01-27T14:55:00Z,67.65,68.16,67.65,67.8
2026-01-27T15:00:00Z,67.83,67.98,67.41,67.98
2026-01-27T15:05:00Z,68.01,69.21,68.01,69.06
2026-01-27T15:10:00Z,69.33,69.6,69,69.3
2026-01-27T15:15:00Z,69.33,69.33,68.82,68.97
2026-01-27T15:20:00Z,69.09,69.15,67.86,67.89
2026-01-27T15:25:00Z,67.8,67.95,67.65,67.95
2026-01-27T15:30:00Z,68.25,68.25,68.145,68.16
2026-01-27T15:35:00Z,68.16,68.25,68.16,68.19
2026-01-27T15:40:00Z,68.16,68.16,68.13,68.16
2026-01-27T15:45:00Z,68.28,68.28,67.8,67.8
2026-01-27T15:50:00Z,67.68,68.04,67.5,68.04
2026-01-27T15:55:00Z,67.77,67.89,67.41,67.41
2026-01-27T16:00:00Z,67.83,67.83,67.29,67.29
2026-01-27T16:05:00Z,67.62,67.65,66.6,66.6
2026-01-27T16:10:00Z,66.6,66.69,66.3,66.45
2026-01-27T16:15:00Z,66.6,66.72,66.36,66.36
2026-01-27T16:20:00Z,66.66,66.66,66.03,66.21
2026-01-27T16:30:00Z,67.2,67.2,67.17,67.17
2026-01-27T16:35:00Z,66.75,66.93,66.54,66.54
2026-01-27T16:40:00Z,66.42,66.63,66.03,66.63
2026-01-27T16:45:00Z,66.63,66.63,66.18,66.18
2026-01-27T16:50:00Z,66,66,65.88,65.97
2026-01-27T16:55:00Z,65.97,66.06,65.97,66.06
2026-01-27T17:00:00Z,65.91,65.97,65.7,65.7
2026-01-27T17:05:00Z,66.12,66.12,66.12,66.12
2026-01-27T17:15:00Z,66.03,66.15,65.37,65.46
2026-01-27T17:25:00Z,65.46,65.73,65.46,65.73
2026-01-27T17:30:00Z,66,66,65.97,65.97
2026-01-27T17:35:00Z,65.85,65.85,65.85,65.85
2026-01-27T17:40:00Z,65.4,65.64,65.4,65.64
2026-01-27T17:45:00Z,65.67,65.73,65.67,65.73
2026-01-27T17:50:00Z,65.76,65.76,65.76,65.76
2026-01-27T17:55:00Z,65.97,65.97,65.85,65.85
2026-01-27T18:00:00Z,66,66,65.88,65.88
2026-01-27T18:05:00Z,66.03,66.03,66.03,66.03
2026-01-27T18:25:00Z,66.39,66.39,66.39,66.39
2026-01-27T18:50:00Z,66.72,66.72,66.69,66.69
2026-01-27T19:00:00Z,66.39,66.39,66.36,66.36
2026-01-27T19:05:00Z,66.21,66.36,66.21,66.36
2026-01-27T19:10:00Z,66.06,66.06,66,66
2026-01-27T19:20:00Z,66.45,66.45,66.45,66.45
2026-01-27T19:25:00Z,66.12,66.12,66.12,66.12
2026-01-27T19:30:00Z,66.015,66.015,65.97,65.97
2026-01-27T19:40:00Z,66.27,66.27,66.27,66.27
2026-01-27T19:45:00Z,66.03,66.03,66,66
2026-01-27T19:50:00Z,66.15,66.15,66.12,66.12
2026-01-27T20:10:00Z,66.09,66.39,66.09,66.39
2026-01-27T20:15:00Z,66.33,66.39,66.3,66.3
2026-01-27T20:20:00Z,66.39,66.39,66.39,66.39
2026-01-27T20:25:00Z,66.12,66.27,66.09,66.27
2026-01-27T20:30:00Z,66.42,66.66,66.27,66.66
2026-01-27T20:35:00Z,66.9,66.93,66.87,66.87
2026-01-27T20:40:00Z,66.84,66.84,66.63,66.63
2026-01-27T20:45:00Z,66.51,66.57,66.48,66.48
2026-01-27T20:50:00Z,66.48,66.54,66.48,66.54
2026-01-27T20:55:00Z,66.66,66.66,66.51,66.66
2026-01-28T14:30:00Z,66.84,67.545,66,66.81
2026-01-28T14:35:00Z,66.63,67.185,65.91,67.185
2026-01-28T14:40:00Z,67.89,68.07,67.68,67.8
2026-01-28T14:45:00Z,67.14,68.58,66.96,68.46
2026-01-28T14:50:00Z,68.58,69.15,68.31,69.15
2026-01-28T14:55:00Z,69,69.3,68.745,68.745
2026-01-28T15:00:00Z,68.4,69,68.37,68.85
2026-01-28T15:05:00Z,69,69.3,69,69.3
2026-01-28T15:10:00Z,69.105,69.3,69.03,69.03
2026-01-28T15:15:00Z,68.91,69,68.58,68.775
2026-01-28T15:20:00Z,68.97,69,68.85,68.97
2026-01-28T15:25:00Z,68.85,69.33,68.85,69.33
2026-01-28T15:30:00Z,69.33,69.42,69.33,69.33
2026-01-28T15:35:00Z,69.21,69.9,69.21,69.81
2026-01-28T15:40:00Z,69.81,69.81,69.27,69.33
2026-01-28T15:45:00Z,69.12,69.18,68.1,68.31
2026-01-28T15:50:00Z,68.37,68.37,67.89,68.13
2026-01-28T15:55:00Z,68.13,68.16,68.13,68.16
2026-01-28T16:00:00Z,68.28,68.28,68.28,68.28
2026-01-28T16:05:00Z,68.67,68.67,68.67,68.67
2026-01-28T16:10:00Z,68.67,68.73,68.55,68.55
2026-01-28T16:15:00Z,68.52,68.52,68.52,68.52
2026-01-28T16:20:00Z,68.43,68.43,68.43,68.43
2026-01-28T16:25:00Z,68.775,68.775,68.37,68.37
2026-01-28T16:30:00Z,68.25,68.25,68.25,68.25
2026-01-28T16:35:00Z,68.4,68.4,68.4,68.4
2026-01-28T16:40:00Z,68.22,68.22,68.22,68.22
2026-01-28T16:45:00Z,68.1,68.1,67.8,67.86
2026-01-28T17:05:00Z,68.16,68.16,68.16,68.16
2026-01-28T17:15:00Z,68.07,68.43,68.07,68.43
2026-01-28T17:20:00Z,68.4,68.4,68.4,68.4
2026-01-28T17:30:00Z,68.115,68.115,68.115,68.115
2026-01-28T17:35:00Z,68.46,68.52,68.4,68.4
2026-01-28T17:40:00Z,68.55,68.55,68.28,68.28
2026-01-28T17:55:00Z,68.7,68.7,68.7,68.7
2026-01-28T18:25:00Z,68.1,68.1,67.89,67.89
2026-01-28T18:35:00Z,67.8,67.8,67.02,67.02
2026-01-28T18:45:00Z,67.02,67.02,66.87,66.93
2026-01-28T18:50:00Z,67.08,67.08,67.08,67.08
2026-01-28T18:55:00Z,67.11,67.11,67.11,67.11
2026-01-28T19:10:00Z,67.05,67.05,67.05,67.05
2026-01-28T19:15:00Z,67.53,67.53,67.53,67.53
2026-01-28T19:20:00Z,67.05,67.11,67.05,67.11
2026-01-28T19:25:00Z,67.05,67.05,66.6,66.6
2026-01-28T19:30:00Z,66.3,66.3,65.61,65.61
2026-01-28T19:35:00Z,66.66,67.74,66.63,67.74
2026-01-28T19:40:00Z,67.68,67.68,67.68,67.68
2026-01-28T19:45:00Z,66.96,66.96,66.81,66.81
2026-01-28T19:50:00Z,67.2,67.2,67.2,67.2
2026-01-28T19:55:00Z,66.78,66.78,66.6,66.6
2026-01-28T20:00:00Z,66.75,66.75,66.75,66.75
2026-01-28T20:10:00Z,66.93,66.93,66.57,66.57
2026-01-28T20:15:00Z,66.39,66.42,66.3,66.42
2026-01-28T20:20:00Z,66.18,66.18,66,66
2026-01-28T20:25:00Z,65.7,65.715,65.25,65.37
2026-01-28T20:30:00Z,65.82,65.82,65.82,65.82
2026-01-28T20:35:00Z,65.88,65.88,65.88,65.88
2026-01-28T20:40:00Z,66.09,66.09,66.09,66.09
2026-01-28T20:45:00Z,66,66,66,66
2026-01-28T20:50:00Z,66.36,66.36,66.3,66.3
2026-01-28T20:55:00Z,66.21,66.54,66.21,66.54
2026-01-29T14:30:00Z,68.79,71.25,68.79,69.72
2026-01-29T14:35:00Z,69.99,71.1,69.675,71.1
2026-01-29T14:40:00Z,71.19,72,69.75,69.9
2026-01-29T14:45:00Z,69.66,69.96,69,69
2026-01-29T14:50:00Z,69,69.48,68.25,68.25
2026-01-29T14:55:00Z,68.4,68.46,68.04,68.04
2026-01-29T15:00:00Z,67.8,67.8,66.21,66.81
2026-01-29T15:05:00Z,67.035,69,67.035,68.82
2026-01-29T15:10:00Z,68.52,68.79,67.95,68.04
2026-01-29T15:15:00Z,68.31,69.72,68.31,69.69
2026-01-29T15:20:00Z,69.66,70.5,69.3,69.3
2026-01-29T15:25:00Z,69.48,69.48,68.91,68.91
2026-01-29T15:30:00Z,68.73,68.82,68.52,68.52
2026-01-29T15:35:00Z,68.25,68.25,68.25,68.25
2026-01-29T15:40:00Z,68.1,68.79,68.1,68.58
2026-01-29T15:45:00Z,68.73,68.85,68.22,68.85
2026-01-29T15:50:00Z,68.55,68.61,68.1,68.1
2026-01-29T15:55:00Z,69.03,69.465,68.97,68.97
2026-01-29T16:00:00Z,68.64,68.82,68.25,68.82
2026-01-29T16:05:00Z,68.82,68.82,67.83,67.83
2026-01-29T16:10:00Z,67.86,68.34,67.5,68.34
2026-01-29T16:15:00Z,68.43,68.52,68.22,68.22
2026-01-29T16:20:00Z,68.37,68.46,68.37,68.37
2026-01-29T16:25:00Z,68.28,68.52,68.28,68.52
2026-01-29T16:30:00Z,68.4,68.4,67.86,67.86
2026-01-29T16:35:00Z,67.5,67.95,67.5,67.95
2026-01-29T16:40:00Z,68.19,68.19,68.16,68.16
2026-01-29T16:45:00Z,68.4,68.4,68.4,68.4
2026-01-29T16:50:00Z,68.67,68.67,68.43,68.49
2026-01-29T16:55:00Z,68.37,68.4,68.19,68.19
2026-01-29T17:00:00Z,68.64,68.67,68.64,68.67
2026-01-29T17:05:00Z,68.64,68.64,68.64,68.64
2026-01-29T17:10:00Z,68.7,69.06,68.7,69.06
2026-01-29T17:15:00Z,69.66,70.215,69.66,70.215
2026-01-29T17:20:00Z,70.44,70.83,70.44,70.83
2026-01-29T17:25:00Z,70.86,70.92,69.84,69.84
2026-01-29T17:30:00Z,69.9,69.9,69.9,69.9
2026-01-29T17:35:00Z,70.35,71.7,70.35,71.61
2026-01-29T17:40:00Z,71.55,71.79,71.28,71.4
2026-01-29T17:45:00Z,71.19,71.49,71.19,71.46
2026-01-29T17:50:00Z,71.58,71.58,70.8,70.8
2026-01-29T17:55:00Z,71.22,71.22,71.22,71.22
2026-01-29T18:00:00Z,71.25,71.64,71.19,71.64
2026-01-29T18:05:00Z,71.64,71.64,69.84,70.53
2026-01-29T18:10:00Z,70.38,70.545,70.32,70.545
2026-01-29T18:15:00Z,70.56,70.56,70.05,70.08
2026-01-29T18:20:00Z,69.75,69.84,69.57,69.84
2026-01-29T18:35:00Z,70.095,71.04,70.095,71.04
2026-01-29T18:40:00Z,71.25,71.25,71.04,71.04
2026-01-29T18:45:00Z,71.31,71.34,71.31,71.34
2026-01-29T18:50:00Z,71.25,71.31,70.98,71.16
2026-01-29T18:55:00Z,71.31,71.31,71.25,71.25
2026-01-29T19:00:00Z,71.22,71.52,70.86,70.95
2026-01-29T19:05:00Z,70.86,71.4,70.86,71.4
2026-01-29T19:10:00Z,71.49,71.7,71.49,71.7
2026-01-29T19:15:00Z,71.73,72,71.73,71.94
2026-01-29T19:20:00Z,71.91,72.15,71.91,72.15
2026-01-29T19:25:00Z,72.09,72.21,71.97,71.97
2026-01-29T19:30:00Z,72.045,72.045,71.7,71.82
2026-01-29T19:45:00Z,72.12,72.12,71.7,71.7
2026-01-29T19:50:00Z,71.67,71.7,71.67,71.7
2026-01-29T19:55:00Z,71.4,71.76,71.28,71.76
2026-01-29T20:00:00Z,71.49,71.49,70.95,71.28
2026-01-29T20:10:00Z,71.04,71.205,71.04,71.205
2026-01-29T20:15:00Z,71.28,71.34,70.92,70.92
2026-01-29T20:20:00Z,70.86,70.92,70.86,70.89
2026-01-29T20:25:00Z,71.1,71.1,71.1,71.1
2026-01-29T20:40:00Z,71.85,71.85,71.85,71.85
2026-01-29T20:45:00Z,71.97,71.97,71.58,71.7
2026-01-29T20:50:00Z,72,72.45,72,72.45
2026-01-29T20:55:00Z,72.54,72.99,72.54,72.84
2026-01-30T14:30:00Z,69.6,69.6,68.31,68.31
2026-01-30T14:35:00Z,69.27,69.99,68.91,69.99
2026-01-30T14:40:00Z,70.38,71.1,70.11,70.11
2026-01-30T14:45:00Z,70.17,70.17,68.67,69.33
2026-01-30T14:50:00Z,69.57,69.57,67.44,67.44
2026-01-30T14:55:00Z,67.5,68.25,66.99,67.02
2026-01-30T15:00:00Z,67.14,67.14,66.27,66.27
2026-01-30T15:05:00Z,66.57,67.14,65.85,65.85
2026-01-30T15:10:00Z,65.7,65.76,65.16,65.49
2026-01-30T15:15:00Z,65.4,65.4,65.16,65.28
2026-01-30T15:20:00Z,65.1,65.16,63.3,63.3
2026-01-30T15:25:00Z,63.45,63.45,62.67,62.67
2026-01-30T15:30:00Z,62.25,62.25,60.57,61.8
2026-01-30T15:35:00Z,61.695,62.37,61.2,61.2
2026-01-30T15:40:00Z,61.17,61.2,59.85,60.3
2026-01-30T15:45:00Z,60.36,60.36,58.8,58.95
2026-01-30T15:50:00Z,58.86,59.49,58.5,59.04
2026-01-30T15:55:00Z,58.86,58.95,57.75,57.75
2026-01-30T16:00:00Z,57.72,58.65,57.54,58.05
2026-01-30T16:05:00Z,58.05,58.23,57.3,57.3
2026-01-30T16:10:00Z,57.69,57.84,56.64,56.79
2026-01-30T16:15:00Z,56.91,56.91,56.04,56.28
2026-01-30T16:20:00Z,56.13,56.13,55.35,55.35
2026-01-30T16:25:00Z,55.29,55.65,54.51,54.6
2026-01-30T16:30:00Z,54.585,54.69,53.91,54.45
2026-01-30T16:35:00Z,54.36,56.43,54.36,55.47
2026-01-30T16:40:00Z,55.47,55.47,54,54.75
2026-01-30T16:45:00Z,54.765,54.9,54,54
2026-01-30T16:50:00Z,54,54.51,53.7,54.51
2026-01-30T16:55:00Z,54.3,54.537,54.12,54.27
2026-01-30T17:00:00Z,54.03,54.12,53.49,54.12
2026-01-30T17:05:00Z,54.135,54.33,53.88,54.06
2026-01-30T17:10:00Z,54,54.3,53.49,53.67
2026-01-30T17:15:00Z,53.52,53.76,53.52,53.7
2026-01-30T17:20:00Z,53.7,54.375,53.64,54.375
2026-01-30T17:25:00Z,54.18,54.96,54.15,54.57
2026-01-30T17:30:00Z,54.39,54.66,53.715,53.76
2026-01-30T17:35:00Z,53.7,54,53.7,53.88
2026-01-30T17:40:00Z,53.85,54,53.745,54
2026-01-30T17:45:00Z,54.81,55.5,54.81,55.02
2026-01-30T17:50:00Z,54.96,55.14,54.81,55.02
2026-01-30T17:55:00Z,54.96,55.41,54.84,55.41
2026-01-30T18:00:00Z,55.08,55.38,55.08,55.26
2026-01-30T18:05:00Z,55.35,55.995,55.35,55.95
2026-01-30T18:10:00Z,55.83,55.845,55.59,55.59
2026-01-30T18:15:00Z,55.5,55.56,54.81,54.81
2026-01-30T18:20:00Z,54.84,54.9,53.7,53.715
2026-01-30T18:25:00Z,53.7,53.925,53.4,53.79
2026-01-30T18:30:00Z,53.82,53.82,52.83,52.83
2026-01-30T18:35:00Z,52.8,53.76,52.65,53.49
2026-01-30T18:40:00Z,53.79,53.88,53.37,53.88
2026-01-30T18:45:00Z,54,54.81,54,54.81
2026-01-30T18:50:00Z,54.84,54.84,54.36,54.66
2026-01-30T18:55:00Z,54.72,54.75,54.3,54.54
2026-01-30T19:00:00Z,54.48,54.54,54,54.3
2026-01-30T19:05:00Z,54.27,54.3,53.88,53.925
2026-01-30T19:10:00Z,54,54,52.92,53.217
2026-01-30T19:15:00Z,53.01,53.13,52.53,52.59
2026-01-30T19:20:00Z,52.65,53.22,52.65,53.07
2026-01-30T19:25:00Z,53.31,53.34,52.68,52.68
2026-01-30T19:30:00Z,52.71,52.8,52.26,52.29
2026-01-30T19:35:00Z,52.26,52.29,51.51,51.57
2026-01-30T19:40:00Z,51.6,51.75,50.88,51.75
2026-01-30T19:45:00Z,51.81,51.81,50.94,50.94
2026-01-30T19:50:00Z,50.97,51.27,50.76,51
2026-01-30T19:55:00Z,50.94,51.06,50.28,50.28
2026-01-30T20:00:00Z,50.25,50.28,48.93,49.08
2026-01-30T20:05:00Z,49.29,49.29,48.6,49.08
2026-01-30T20:10:00Z,49.2,49.23,47.76,47.76
2026-01-30T20:15:00Z,47.85,48.81,47.76,48.39
2026-01-30T20:20:00Z,48.33,48.42,48,48
2026-01-30T20:25:00Z,48,48.06,46.83,47.28
2026-01-30T20:30:00Z,47.13,47.4,46.8,46.8
2026-01-30T20:35:00Z,46.74,47.16,46.17,46.41
2026-01-30T20:40:00Z,46.23,47.94,45.84,47.79
2026-01-30T20:45:00Z,48.06,49.83,48.03,49.59
2026-01-30T20:50:00Z,49.47,49.47,47.31,47.55
2026-01-30T20:55:00Z,47.55,48.12,47.46,47.91
2026-02-02T14:30:00Z,53.82,53.94,50.85,52.5
2026-02-02T14:35:00Z,53.4,55.35,53.04,53.64
2026-02-02T14:40:00Z,53.67,53.82,51.87,52.77
2026-02-02T14:45:00Z,52.5,54.9,52.5,54
2026-02-02T14:50:00Z,53.28,53.64,52.65,53.523
2026-02-02T14:55:00Z,53.7,53.76,52.95,52.95
2026-02-02T15:00:00Z,52.725,52.86,52.2,52.86
2026-02-02T15:05:00Z,52.35,52.35,52.32,52.32
2026-02-02T15:10:00Z,52.53,52.53,52.35,52.44
2026-02-02T15:15:00Z,52.44,52.44,51.33,51.6
2026-02-02T15:20:00Z,51.6,52.17,51.6,51.69
2026-02-02T15:25:00Z,51.69,51.9,51,51
2026-02-02T15:30:00Z,51,51.27,50.52,50.58
2026-02-02T15:35:00Z,50.73,51.39,50.73,51.39
2026-02-02T15:40:00Z,51.93,51.93,51.39,51.39
2026-02-02T15:45:00Z,51.3,51.72,51.15,51.72
2026-02-02T15:50:00Z,51.66,51.855,51.48,51.855
2026-02-02T15:55:00Z,51.3,51.3,50.655,50.79
2026-02-02T16:00:00Z,51,51.03,50.64,51.03
2026-02-02T16:05:00Z,51.435,51.51,51.435,51.51
2026-02-02T16:10:00Z,51.66,51.66,51.24,51.24
2026-02-02T16:15:00Z,51.15,51.15,51,51
2026-02-02T16:20:00Z,51.615,51.615,51.57,51.57
2026-02-02T16:25:00Z,51.57,51.66,51.39,51.39
2026-02-02T16:35:00Z,51,51,50.64,50.64
2026-02-02T16:40:00Z,50.7,50.7,50.46,50.46
2026-02-02T16:45:00Z,50.4,50.4,50.115,50.115
2026-02-02T16:50:00Z,51.03,51.03,51.03,51.03
2026-02-02T16:55:00Z,51,51,51,51
2026-02-02T17:00:00Z,50.91,51.15,50.91,51.15
2026-02-02T17:05:00Z,51.21,51.21,51.12,51.12
2026-02-02T17:10:00Z,51.27,51.27,51.27,51.27
2026-02-02T17:15:00Z,51.6,51.87,51.6,51.87
2026-02-02T17:20:00Z,51.66,51.66,51.57,51.57
2026-02-02T17:25:00Z,51.33,51.33,51.33,51.33
2026-02-02T17:30:00Z,51.15,51.15,51.06,51.06
2026-02-02T17:35:00Z,51.15,51.18,51.06,51.06
2026-02-02T17:40:00Z,51.12,51.12,50.91,50.91
2026-02-02T17:45:00Z,50.91,50.91,50.91,50.91
2026-02-02T17:50:00Z,50.85,50.97,50.85,50.97
2026-02-02T17:55:00Z,50.85,50.85,50.55,50.55
2026-02-02T18:00:00Z,50.4,50.4,50.22,50.22
2026-02-02T18:05:00Z,50.025,50.025,49.8,49.8
2026-02-02T18:10:00Z,50.07,50.07,50.07,50.07
2026-02-02T18:15:00Z,50.01,50.01,49.53,49.53
2026-02-02T18:20:00Z,49.5,49.5,49.5,49.5
2026-02-02T18:25:00Z,49.5,49.5,49.41,49.41
2026-02-02T18:30:00Z,49.44,49.47,49.44,49.47
2026-02-02T18:35:00Z,49.44,49.44,49.32,49.32
2026-02-02T18:40:00Z,49.233,49.233,49.02,49.035
2026-02-02T18:45:00Z,48.9,49.11,48.87,49.05
2026-02-02T18:50:00Z,49.02,49.02,48.9,48.9
2026-02-02T18:55:00Z,48.84,48.84,48.84,48.84
2026-02-02T19:00:00Z,48.87,48.96,48.87,48.96
2026-02-02T19:05:00Z,49.11,49.11,49.11,49.11
2026-02-02T19:10:00Z,49.56,49.56,49.14,49.14
2026-02-02T19:15:00Z,49.59,49.74,49.59,49.74
2026-02-02T19:20:00Z,49.5,49.5,49.47,49.5
2026-02-02T19:25:00Z,49.29,49.29,49.29,49.29
2026-02-02T19:30:00Z,49.32,49.47,49.26,49.26
2026-02-02T19:35:00Z,49.23,49.29,49.2,49.2
2026-02-02T19:40:00Z,49.155,49.155,49.05,49.05
2026-02-02T19:45:00Z,49.05,49.05,48.81,48.81
2026-02-02T19:50:00Z,49.17,49.38,49.17,49.38
2026-02-02T19:55:00Z,49.56,50.49,49.53,50.4
2026-02-02T20:00:00Z,49.86,50.31,49.86,50.16
2026-02-02T20:05:00Z,50.1,50.19,49.98,49.98
2026-02-02T20:10:00Z,50.16,50.595,50.16,50.52
2026-02-02T20:15:00Z,50.25,50.25,50.13,50.13
2026-02-02T20:20:00Z,50.475,50.79,50.475,50.76
2026-02-02T20:25:00Z,50.7,50.7,50.49,50.49
2026-02-02T20:30:00Z,50.64,50.64,50.19,50.19
2026-02-02T20:35:00Z,49.98,49.98,49.65,49.65
2026-02-02T20:40:00Z,49.59,49.59,49.44,49.44
2026-02-02T20:50:00Z,49.95,50.1,49.95,49.98
2026-02-02T20:55:00Z,50.01,50.07,50.01,50.04
2026-02-03T14:30:00Z,50.1,50.13,47.13,47.13
2026-02-03T14:35:00Z,47.04,47.04,46.08,46.29
2026-02-03T14:40:00Z,46.71,47.16,45.39,45.9
2026-02-03T14:45:00Z,46.2,46.56,45.69,45.69
2026-02-03T14:50:00Z,46.08,46.65,45.87,46.47
2026-02-03T14:55:00Z,46.29,46.29,45.03,45.15
2026-02-03T15:00:00Z,45.24,45.45,44.85,44.97
2026-02-03T15:05:00Z,45.24,45.27,44.55,44.97
2026-02-03T15:10:00Z,45.21,45.27,44.49,44.61
2026-02-03T15:15:00Z,44.58,44.58,43.5,43.53
2026-02-03T15:20:00Z,43.56,44.43,43.56,44.01
2026-02-03T15:25:00Z,45.18,45.21,44.94,44.94
2026-02-03T15:30:00Z,44.58,45.09,44.55,45
2026-02-03T15:35:00Z,44.94,45.6,44.85,45.6
2026-02-03T15:40:00Z,45.39,45.6,45.39,45.45
2026-02-03T15:45:00Z,45.45,46.17,45.45,46.14
2026-02-03T15:50:00Z,45.99,45.99,45.75,45.93
2026-02-03T15:55:00Z,46.41,46.68,46.35,46.5
2026-02-03T16:00:00Z,46.44,47.01,46.2,47.01
2026-02-03T16:05:00Z,46.98,47.4,46.95,47.1
2026-02-03T16:10:00Z,47.13,47.46,47.13,47.43
2026-02-03T16:15:00Z,47.37,47.64,47.22,47.4
2026-02-03T16:20:00Z,46.86,47.1,46.35,46.35
2026-02-03T16:25:00Z,46.8,46.8,46.2,46.2
2026-02-03T16:30:00Z,46.26,46.26,45.84,45.9
2026-02-03T16:35:00Z,46.08,46.17,45.9,45.945
2026-02-03T16:40:00Z,45.75,45.81,45.75,45.78
2026-02-03T16:45:00Z,45.81,45.84,45.51,45.51
2026-02-03T16:50:00Z,45.57,45.69,45.42,45.69
2026-02-03T16:55:00Z,45.3,45.36,45.3,45.3
2026-02-03T17:00:00Z,45.24,45.27,45.03,45.27
2026-02-03T17:05:00Z,45.12,45.12,44.835,44.85
2026-02-03T17:10:00Z,44.82,44.94,44.7,44.94
2026-02-03T17:15:00Z,44.7,44.79,44.67,44.79
2026-02-03T17:25:00Z,45.12,45.15,44.88,44.88
2026-02-03T17:30:00Z,44.82,44.82,44.82,44.82
2026-02-03T17:35:00Z,44.43,44.43,44.4,44.43
2026-02-03T17:40:00Z,44.4,44.4,44.4,44.4
2026-02-03T17:45:00Z,44.67,44.79,44.67,44.79
2026-02-03T17:50:00Z,44.76,44.76,44.76,44.76
2026-02-03T18:00:00Z,44.61,44.61,44.4,44.4
2026-02-03T18:05:00Z,44.415,44.52,44.4,44.52
2026-02-03T18:10:00Z,44.25,44.25,43.77,43.77
2026-02-03T18:15:00Z,43.65,43.65,43.62,43.62
2026-02-03T18:20:00Z,43.59,43.65,43.5,43.65
2026-02-03T18:25:00Z,43.65,43.65,43.5,43.59
2026-02-03T18:30:00Z,43.5,43.59,43.5,43.56
2026-02-03T18:35:00Z,43.5,43.5,43.41,43.41
2026-02-03T18:40:00Z,43.35,43.41,43.17,43.41
2026-02-03T18:45:00Z,43.53,43.53,43.47,43.5
2026-02-03T18:50:00Z,43.47,43.47,43.08,43.11
2026-02-03T18:55:00Z,43.38,43.41,43.38,43.38
2026-02-03T19:00:00Z,43.38,43.38,43.2,43.2
2026-02-03T19:05:00Z,43.26,43.29,43.11,43.11
2026-02-03T19:10:00Z,43.35,43.8,43.35,43.8
2026-02-03T19:15:00Z,43.92,43.92,43.8,43.8
2026-02-03T19:25:00Z,43.8,43.8,43.47,43.74
2026-02-03T19:30:00Z,43.5,43.5,43.35,43.35
2026-02-03T19:35:00Z,43.44,43.455,43.44,43.455
2026-02-03T19:40:00Z,43.56,43.56,43.56,43.56
2026-02-03T19:45:00Z,43.5,43.5,43.5,43.5
2026-02-03T20:00:00Z,44.4,44.46,44.4,44.4
2026-02-03T20:05:00Z,44.43,44.46,44.19,44.19
2026-02-03T20:10:00Z,44.16,44.16,44.16,44.16
2026-02-03T20:15:00Z,44.22,44.79,44.22,44.7
2026-02-03T20:20:00Z,44.61,44.61,44.55,44.55
2026-02-03T20:25:00Z,44.55,44.55,44.4,44.4
2026-02-03T20:30:00Z,44.52,44.52,44.52,44.52
2026-02-03T20:35:00Z,44.91,44.94,44.91,44.94
2026-02-03T20:40:00Z,45.12,45.15,44.97,44.97
2026-02-03T20:45:00Z,45.21,45.21,44.97,45.03
2026-02-03T20:50:00Z,45.09,45.39,44.76,45.39
2026-02-03T20:55:00Z,45.6,45.81,45.42,45.75
2026-02-04T14:30:00Z,34.14,35.34,32.22,32.43
2026-02-04T14:35:00Z,32.52,34.02,32.505,32.94
2026-02-04T14:40:00Z,32.94,33.15,31.98,32.34
2026-02-04T14:45:00Z,32.13,32.13,30.6,30.84
2026-02-04T14:50:00Z,30.87,32.01,30.3,31.47
2026-02-04T14:55:00Z,31.62,32.4,31.2,31.56
2026-02-04T15:00:00Z,31.62,31.95,30.63,31.86
2026-02-04T15:05:00Z,31.995,32.1,31.11,31.68
2026-02-04T15:10:00Z,32.25,32.37,31.2,32.25
2026-02-04T15:15:00Z,32.28,32.28,30.9,31.05
2026-02-04T15:20:00Z,31.425,32.34,30.45,31.98
2026-02-04T15:25:00Z,31.98,32.85,31.32,31.65
2026-02-04T15:30:00Z,31.8,31.83,30.81,31.11
2026-02-04T15:35:00Z,31.11,32.475,31.11,32.28
2026-02-04T15:40:00Z,32.76,34.11,32.76,33.51
2026-02-04T15:45:00Z,33.48,33.495,32.91,33.36
2026-02-04T15:50:00Z,33.36,33.48,32.55,33.09
2026-02-04T15:55:00Z,33,33.06,32.37,33.06
2026-02-04T16:00:00Z,33.195,33.27,32.85,33.15
2026-02-04T16:05:00Z,33.237,34.14,32.94,33.72
2026-02-04T16:10:00Z,33.75,34.98,33.72,34.56
2026-02-04T16:15:00Z,34.68,34.86,33.75,33.75
2026-02-04T16:20:00Z,33.75,33.93,33.21,33.93
2026-02-04T16:25:00Z,34.08,34.14,33.84,34.14
2026-02-04T16:30:00Z,34.08,34.08,33.3,33.3
2026-02-04T16:35:00Z,33.15,33.27,32.79,32.79
2026-02-04T16:40:00Z,33.09,33.6,33.09,33.51
2026-02-04T16:45:00Z,33.615,33.615,32.79,32.79
2026-02-04T16:50:00Z,32.94,32.94,32.58,32.61
2026-02-04T16:55:00Z,32.85,33.45,32.85,33.42
2026-02-04T17:00:00Z,33,33.06,32.73,32.82
2026-02-04T17:05:00Z,32.7,32.85,32.61,32.7
2026-02-04T17:10:00Z,32.61,33.18,32.22,33.18
2026-02-04T17:15:00Z,33.18,33.24,33,33.24
2026-02-04T17:20:00Z,33.06,33.15,32.85,32.85
2026-02-04T17:25:00Z,32.97,33,32.31,32.31
2026-02-04T17:30:00Z,32.1,32.1,31.92,31.95
2026-02-04T17:35:00Z,31.92,31.92,31.35,31.35
2026-02-04T17:40:00Z,31.2,31.23,31.05,31.125
2026-02-04T17:45:00Z,31.26,31.47,31.08,31.2
2026-02-04T17:50:00Z,31.41,31.92,31.35,31.92
2026-02-04T17:55:00Z,31.95,32.04,31.77,32.04
2026-02-04T18:00:00Z,32.1,32.1,31.53,31.53
2026-02-04T18:05:00Z,31.74,32.4,31.74,32.01
2026-02-04T18:10:00Z,31.8,31.8,31.8,31.8
2026-02-04T18:15:00Z,31.5,31.59,31.23,31.29
2026-02-04T18:20:00Z,31.14,31.62,31.11,31.62
2026-02-04T18:25:00Z,31.71,32.16,31.71,32.16
2026-02-04T18:30:00Z,32.16,32.16,31.05,31.08
2026-02-04T18:35:00Z,31.38,31.38,30.9,30.93
2026-02-04T18:40:00Z,30.81,31.14,30.81,31.14
2026-02-04T18:45:00Z,30.9,31.05,30.66,30.66
2026-02-04T18:50:00Z,30.69,31.08,30.6,31.08
2026-02-04T18:55:00Z,31.29,31.5,31.17,31.17
2026-02-04T19:00:00Z,31.14,31.14,30.69,31.02
2026-02-04T19:05:00Z,30.6,30.6,30.27,30.36
2026-02-04T19:10:00Z,30.39,30.39,30.03,30.27
2026-02-04T19:15:00Z,30.15,30.48,30,30.48
2026-02-04T19:20:00Z,30.42,30.42,30.42,30.42
2026-02-04T19:25:00Z,31.05,31.35,30.96,31.35
2026-02-04T19:30:00Z,31.44,31.47,31.29,31.41
2026-02-04T19:35:00Z,31.44,31.44,31.05,31.14
2026-02-04T19:40:00Z,31.5,31.5,31.38,31.38
2026-02-04T19:45:00Z,31.23,31.56,31.2,31.2
2026-02-04T19:50:00Z,31.38,31.71,31.38,31.65
2026-02-04T19:55:00Z,31.89,32.73,31.59,32.58
2026-02-04T20:00:00Z,32.64,32.67,31.71,31.74
2026-02-04T20:05:00Z,31.5,31.62,31.44,31.47
2026-02-04T20:10:00Z,31.41,31.41,30.6,30.63
2026-02-04T20:15:00Z,31.05,31.05,30.72,30.72
2026-02-04T20:20:00Z,30.78,31.14,30.78,31.14
2026-02-04T20:25:00Z,31.11,31.11,30.63,30.66
2026-02-04T20:30:00Z,30.63,30.87,30.63,30.87
2026-02-04T20:35:00Z,30.84,31.2,30.813,31.14
2026-02-04T20:40:00Z,31.32,31.32,31.29,31.32
2026-02-04T20:45:00Z,31.29,31.29,31.2,31.2
2026-02-04T20:50:00Z,30.93,31.17,30.9,31.05
2026-02-04T20:55:00Z,31.08,31.11,30.75,30.87
2026-02-05T14:30:00Z,30.945,30.945,29.25,30
2026-02-05T14:35:00Z,30.6,30.6,29.61,29.79
2026-02-05T14:40:00Z,29.82,30.48,29.58,30.48
2026-02-05T14:45:00Z,30.63,30.9,30.51,30.9
2026-02-05T14:50:00Z,31.02,31.02,30.36,30.36
2026-02-05T14:55:00Z,30.48,30.48,29.31,29.37
2026-02-05T15:00:00Z,29.22,29.25,28.8,29.25
2026-02-05T15:05:00Z,29.43,29.58,29.13,29.25
2026-02-05T15:10:00Z,29.46,29.46,28.74,28.74
2026-02-05T15:15:00Z,28.98,29.25,28.98,29.25
2026-02-05T15:20:00Z,29.19,29.19,28.95,28.95
2026-02-05T15:25:00Z,28.77,28.92,28.65,28.92
2026-02-05T15:30:00Z,28.86,28.86,28.5,28.62
2026-02-05T15:35:00Z,28.74,29.01,28.71,29.01
2026-02-05T15:40:00Z,29.04,29.67,28.92,29.55
2026-02-05T15:45:00Z,29.61,29.76,29.1,29.1
2026-02-05T15:50:00Z,28.95,29.4,28.95,29.4
2026-02-05T15:55:00Z,29.34,29.43,29.22,29.43
2026-02-05T16:00:00Z,29.61,29.64,29.4,29.4
2026-02-05T16:05:00Z,29.49,29.76,29.34,29.34
2026-02-05T16:10:00Z,29.67,29.7,29.52,29.52
2026-02-05T16:20:00Z,29.88,30.18,29.88,30.09
2026-02-05T16:25:00Z,30.15,30.51,30.12,30.51
2026-02-05T16:30:00Z,30.6,30.72,30.54,30.54
2026-02-05T16:40:00Z,30.15,30.18,30.03,30.03
2026-02-05T16:45:00Z,30,30,29.76,29.76
2026-02-05T16:50:00Z,30.12,30.42,30.12,30.42
2026-02-05T16:55:00Z,30.42,30.42,30.42,30.42
2026-02-05T17:00:00Z,30.12,30.195,30,30
2026-02-05T17:05:00Z,29.88,29.88,29.7,29.7
2026-02-05T17:10:00Z,29.88,29.91,29.79,29.79
2026-02-05T17:15:00Z,29.67,29.787,29.67,29.787
2026-02-05T17:20:00Z,29.64,29.64,29.61,29.61
2026-02-05T17:25:00Z,30.09,30.09,30.09,30.09
2026-02-05T17:30:00Z,30.21,30.3,30.15,30.15
2026-02-05T17:35:00Z,30.27,30.48,30.24,30.45
2026-02-05T17:40:00Z,30.45,30.45,30.45,30.45
2026-02-05T17:45:00Z,30.75,30.75,30.12,30.15
2026-02-05T17:50:00Z,30.09,30.09,29.88,29.88
2026-02-05T17:55:00Z,29.7,29.7,29.7,29.7
2026-02-05T18:00:00Z,29.58,29.58,28.74,28.8
2026-02-05T18:05:00Z,28.8,28.95,28.8,28.95
2026-02-05T18:10:00Z,29.19,29.19,29.07,29.07
2026-02-05T18:15:00Z,29.1,29.1,29.1,29.1
2026-02-05T18:20:00Z,28.86,28.86,28.86,28.86
2026-02-05T18:25:00Z,28.83,28.89,28.83,28.89
2026-02-05T18:30:00Z,28.98,29.04,28.95,28.95
2026-02-05T18:35:00Z,28.98,29.04,28.98,29.04
2026-02-05T18:40:00Z,29.01,29.07,29.01,29.07
2026-02-05T18:45:00Z,28.89,28.89,28.77,28.8
2026-02-05T18:50:00Z,28.65,28.65,28.32,28.32
2026-02-05T18:55:00Z,28.23,28.5,28.11,28.5
2026-02-05T19:00:00Z,28.56,28.56,28.5,28.5
2026-02-05T19:05:00Z,28.53,28.53,28.47,28.47
2026-02-05T19:10:00Z,28.47,28.53,28.47,28.5
2026-02-05T19:15:00Z,28.32,28.32,28.14,28.14
2026-02-05T19:20:00Z,28.08,28.08,27.66,27.66
2026-02-05T19:25:00Z,27.6,27.6,27.21,27.33
2026-02-05T19:30:00Z,27.18,27.18,26.67,26.79
2026-02-05T19:35:00Z,26.82,27.6,26.82,27.6
2026-02-05T19:40:00Z,27.63,28.17,27.63,28.11
2026-02-05T19:45:00Z,28.17,28.17,27.96,27.96
2026-02-05T19:50:00Z,27.96,27.96,27.54,27.6
2026-02-05T19:55:00Z,27.63,28.14,27.57,28.05
2026-02-05T20:00:00Z,28.02,28.59,28.02,28.53
2026-02-05T20:05:00Z,28.65,28.83,28.59,28.83
2026-02-05T20:10:00Z,28.56,29.4,28.56,29.4
2026-02-05T20:15:00Z,29.37,29.43,29.13,29.13
2026-02-05T20:20:00Z,29.04,29.04,28.95,28.95
2026-02-05T20:25:00Z,28.68,28.68,28.26,28.26
2026-02-05T20:30:00Z,28.2,28.8,28.2,28.8
2026-02-05T20:35:00Z,28.92,29.37,28.89,29.13
2026-02-05T20:40:00Z,29.16,29.22,29.04,29.04
2026-02-05T20:45:00Z,28.74,28.74,28.65,28.65
2026-02-05T20:50:00Z,28.77,28.77,28.71,28.71
2026-02-05T20:55:00Z,28.695,29.01,28.695,28.95
2026-02-06T14:30:00Z,32.55,33.03,32.07,32.7
2026-02-06T14:35:00Z,32.52,32.85,32.28,32.7
2026-02-06T14:40:00Z,32.94,32.94,31.8,32.19
2026-02-06T14:45:00Z,32.19,32.43,31.95,32.31
2026-02-06T14:50:00Z,32.31,32.31,31.47,31.53
2026-02-06T14:55:00Z,31.44,31.44,30.69,30.69
2026-02-06T15:00:00Z,30.6,30.87,30.45,30.69
2026-02-06T15:05:00Z,30.66,30.66,29.985,30.03
2026-02-06T15:10:00Z,30.3,30.9,30.3,30.3
2026-02-06T15:15:00Z,30.18,30.69,30.15,30.69
2026-02-06T15:20:00Z,30.69,31.2,30.54,30.72
2026-02-06T15:25:00Z,30.9,31.17,30.9,31.17
2026-02-06T15:30:00Z,31.11,31.29,30.99,31.29
2026-02-06T15:35:00Z,31.38,32.1,31.26,31.92
2026-02-06T15:40:00Z,31.95,31.95,31.5,31.5
2026-02-06T15:45:00Z,31.74,31.77,31.59,31.59
2026-02-06T15:50:00Z,31.41,31.41,31.05,31.05
2026-02-06T15:55:00Z,31.14,31.86,31.14,31.71
2026-02-06T16:00:00Z,31.98,32.22,31.92,32.22
2026-02-06T16:05:00Z,32.31,32.73,32.31,32.64
2026-02-06T16:10:00Z,32.7,32.76,32.55,32.58
2026-02-06T16:15:00Z,32.61,32.67,32.52,32.67
2026-02-06T16:20:00Z,32.7,33.15,32.67,33.15
2026-02-06T16:25:00Z,33,33,32.85,32.97
2026-02-06T16:30:00Z,33.06,33.33,33,33.33
2026-02-06T16:35:00Z,33.51,33.75,33.51,33.6
2026-02-06T16:40:00Z,33.57,33.6,33.51,33.51
2026-02-06T16:45:00Z,33.39,33.393,33.3,33.3
2026-02-06T16:50:00Z,33.33,33.57,33.3,33.57
2026-02-06T16:55:00Z,33.51,33.51,33.51,33.51
2026-02-06T17:00:00Z,33.33,33.69,33.3,33.69
2026-02-06T17:05:00Z,33.75,33.777,33.75,33.777
2026-02-06T17:10:00Z,33.87,34.02,33.87,33.9
2026-02-06T17:15:00Z,33.84,33.93,33.84,33.9
2026-02-06T17:20:00Z,33.75,33.87,33.63,33.63
2026-02-06T17:25:00Z,33.6,34.05,33.6,33.9
2026-02-06T17:30:00Z,33.72,33.75,33.72,33.75
2026-02-06T17:35:00Z,33.72,33.78,33.6,33.78
2026-02-06T17:40:00Z,33.78,33.78,33.78,33.78
2026-02-06T17:50:00Z,34.05,34.05,34.05,34.05
2026-02-06T18:00:00Z,34.17,34.26,34.17,34.26
2026-02-06T18:05:00Z,34.38,34.38,34.14,34.14
2026-02-06T18:10:00Z,33.9,34.08,33.9,34.08
2026-02-06T18:15:00Z,33.87,34.05,33.813,34.05
2026-02-06T18:20:00Z,33.99,34.14,33.99,34.14
2026-02-06T18:25:00Z,34.11,34.11,33.84,33.93
2026-02-06T18:30:00Z,33.9,33.96,33.87,33.87
2026-02-06T18:35:00Z,33.9,33.93,33.9,33.93
2026-02-06T18:40:00Z,33.75,33.75,33.75,33.75
2026-02-06T18:45:00Z,34.2,34.2,34.2,34.2
2026-02-06T18:50:00Z,34.14,34.14,34.05,34.05
2026-02-06T18:55:00Z,33.81,33.915,33.81,33.915
2026-02-06T19:00:00Z,33.99,33.99,33.99,33.99
2026-02-06T19:10:00Z,33.9,33.9,33.6,33.6
2026-02-06T19:20:00Z,33.69,33.9,33.69,33.9
2026-02-06T19:30:00Z,33.96,34.08,33.96,34.08
2026-02-06T19:35:00Z,34.05,34.17,33.99,34.05
2026-02-06T19:40:00Z,34.11,34.11,34.11,34.11
2026-02-06T19:45:00Z,34.14,34.14,33.87,33.87
2026-02-06T19:50:00Z,33.81,33.81,33.81,33.81
2026-02-06T19:55:00Z,33.54,33.54,33.3,33.3
2026-02-06T20:00:00Z,33.3,33.3,33.12,33.18
2026-02-06T20:10:00Z,33.39,33.39,33.27,33.27
2026-02-06T20:15:00Z,33.27,33.27,33.27,33.27
2026-02-06T20:20:00Z,33.27,33.48,33.27,33.48
2026-02-06T20:25:00Z,33.42,33.42,33.39,33.39
2026-02-06T20:30:00Z,33.3,33.3,33.3,33.3
2026-02-06T20:35:00Z,33.45,33.45,33.45,33.45
2026-02-06T20:40:00Z,33.51,33.51,33.45,33.45
2026-02-06T20:50:00Z,33.66,33.99,33.66,33.99
2026-02-06T20:55:00Z,33.81,33.9,33.81,33.9
2026-02-09T14:30:00Z,36.39,38.1,36.09,37.05
2026-02-09T14:35:00Z,37.05,39.18,36.84,39.18
2026-02-09T14:40:00Z,39.15,39.78,38.73,39.42
2026-02-09T14:45:00Z,39.57,40.2,38.85,40.14
2026-02-09T14:50:00Z,40.05,40.5,39.69,39.69
2026-02-09T14:55:00Z,39.99,40.35,39.45,39.45
2026-02-09T15:00:00Z,39.54,39.87,39.33,39.84
2026-02-09T15:05:00Z,39.9,40.8,39.9,40.737
2026-02-09T15:10:00Z,40.8,41.19,40.5,40.8
2026-02-09T15:15:00Z,40.89,41.7,40.86,41.58
2026-02-09T15:20:00Z,41.49,41.52,40.92,41.52
2026-02-09T15:25:00Z,41.1,41.55,41.1,41.55
2026-02-09T15:30:00Z,41.55,41.85,41.55,41.85
2026-02-09T15:35:00Z,41.94,42.21,41.805,42
2026-02-09T15:40:00Z,42.12,42.27,42.03,42.21
2026-02-09T15:45:00Z,42.24,42.24,41.58,42
2026-02-09T15:50:00Z,42,42.9,42,42.81
2026-02-09T15:55:00Z,42.9,42.93,42.3,42.45
2026-02-09T16:00:00Z,42.45,42.87,42.3,42.87
2026-02-09T16:05:00Z,42.78,43.08,42.78,43.02
2026-02-09T16:10:00Z,43.05,43.47,43.05,43.32
2026-02-09T16:15:00Z,43.32,43.35,42.57,42.69
2026-02-09T16:20:00Z,42.78,43.08,42.72,43.08
2026-02-09T16:25:00Z,43.2,43.5,43.14,43.44
2026-02-09T16:30:00Z,43.35,43.53,43.17,43.17
2026-02-09T16:35:00Z,43.14,43.14,42.6,42.6
2026-02-09T16:40:00Z,42.6,42.66,42.24,42.63
2026-02-09T16:45:00Z,42.72,42.9,42.45,42.48
2026-02-09T16:50:00Z,42.51,42.6,42.48,42.6
2026-02-09T16:55:00Z,42.75,43.59,42.75,43.5
2026-02-09T17:00:00Z,43.59,43.8,43.59,43.74
2026-02-09T17:05:00Z,43.83,43.977,43.8,43.83
2026-02-09T17:10:00Z,43.8,43.89,43.71,43.89
2026-02-09T17:15:00Z,43.83,43.86,43.71,43.71
2026-02-09T17:20:00Z,43.86,43.92,43.77,43.77
2026-02-09T17:25:00Z,43.755,43.89,43.65,43.86
2026-02-09T17:30:00Z,43.89,44.07,43.89,43.98
2026-02-09T17:35:00Z,44.1,44.19,44.1,44.13
2026-02-09T17:40:00Z,44.16,44.19,43.89,44.01
2026-02-09T17:45:00Z,44.1,44.1,43.95,44.01
2026-02-09T17:50:00Z,44.19,44.4,44.13,44.4
2026-02-09T17:55:00Z,44.34,44.355,44.16,44.19
2026-02-09T18:00:00Z,44.37,44.64,44.28,44.55
2026-02-09T18:05:00Z,44.55,44.55,44.1,44.13
2026-02-09T18:10:00Z,44.16,44.16,43.89,43.95
2026-02-09T18:15:00Z,43.92,43.95,43.5,43.5
2026-02-09T18:20:00Z,43.5,43.5,42.96,43.44
2026-02-09T18:25:00Z,43.41,43.41,43.2,43.38
2026-02-09T18:30:00Z,43.44,43.44,43.23,43.23
2026-02-09T18:35:00Z,43.2,43.56,43.2,43.53
2026-02-09T18:40:00Z,43.41,43.56,43.41,43.56
2026-02-09T18:45:00Z,43.47,43.47,43.2,43.2
2026-02-09T18:50:00Z,43.11,43.53,43.11,43.53
2026-02-09T18:55:00Z,43.59,43.8,43.59,43.68
2026-02-09T19:05:00Z,43.95,44.04,43.77,43.77
2026-02-09T19:10:00Z,43.71,43.8,43.5,43.5
2026-02-09T19:15:00Z,43.5,43.77,43.5,43.77
2026-02-09T19:20:00Z,43.65,43.8,43.56,43.74
2026-02-09T19:25:00Z,43.8,43.98,43.8,43.98
2026-02-09T19:30:00Z,44.1,44.16,44.07,44.07
2026-02-09T19:35:00Z,44.25,44.28,44.22,44.22
2026-02-09T19:40:00Z,44.16,44.16,44.01,44.01
2026-02-09T19:45:00Z,43.8,43.8,43.77,43.77
2026-02-09T19:50:00Z,43.665,43.86,43.665,43.86
2026-02-09T19:55:00Z,43.74,43.74,43.68,43.71
2026-02-09T20:00:00Z,43.65,43.65,43.44,43.44
2026-02-09T20:05:00Z,43.5,43.53,43.44,43.53
2026-02-09T20:10:00Z,43.29,43.35,43.2,43.35
2026-02-09T20:15:00Z,43.14,43.14,43.11,43.11
2026-02-09T20:20:00Z,43.23,43.29,42.84,42.84
2026-02-09T20:25:00Z,42.96,42.96,42.63,42.69
2026-02-09T20:30:00Z,42.75,42.93,42.75,42.885
2026-02-09T20:35:00Z,42.84,42.84,42.78,42.81
2026-02-09T20:40:00Z,42.81,42.81,42.54,42.57
2026-02-09T20:45:00Z,42.69,42.9,42.495,42.9
2026-02-09T20:50:00Z,42.87,42.87,42.54,42.78
2026-02-09T20:55:00Z,42.75,42.96,42.75,42.87
2026-02-10T14:30:00Z,45.93,46.56,44.25,44.88
2026-02-10T14:35:00Z,45,45.99,44.7,45.6
2026-02-10T14:40:00Z,46.02,46.02,44.7,44.805
2026-02-10T14:45:00Z,44.64,44.64,43.02,43.2
2026-02-10T14:50:00Z,43.62,44.43,43.62,44.19
2026-02-10T14:55:00Z,44.4,44.58,43.83,43.83
2026-02-10T15:00:00Z,44.04,44.88,43.92,44.85
2026-02-10T15:05:00Z,44.85,45,44.28,44.34
2026-02-10T15:10:00Z,44.34,44.73,44.34,44.64
2026-02-10T15:15:00Z,44.52,44.52,44.1,44.13
2026-02-10T15:20:00Z,43.98,44.697,43.98,44.52
2026-02-10T15:25:00Z,44.85,45.3,44.67,45.18
2026-02-10T15:30:00Z,45.36,45.75,45.33,45.33
2026-02-10T15:35:00Z,45.6,45.825,45.57,45.57
2026-02-10T15:40:00Z,45.717,45.9,45.36,45.84
2026-02-10T15:45:00Z,45.84,45.99,44.76,44.79
2026-02-10T15:50:00Z,44.94,45.33,44.67,45.33
2026-02-10T15:55:00Z,45.27,45.27,44.49,45
2026-02-10T16:00:00Z,45,45,45,45
2026-02-10T16:05:00Z,45.03,45.18,44.91,45.03
2026-02-10T16:10:00Z,44.73,44.88,44.67,44.85
2026-02-10T16:15:00Z,44.94,45.24,44.7,45.21
2026-02-10T16:20:00Z,45.21,45.21,44.61,44.61
2026-02-10T16:25:00Z,44.79,44.79,44.34,44.34
2026-02-10T16:30:00Z,44.37,44.52,44.34,44.52
2026-02-10T16:35:00Z,44.7,45.12,44.7,45
2026-02-10T16:40:00Z,44.82,44.82,44.16,44.16
2026-02-10T16:45:00Z,44.34,44.46,44.34,44.4
2026-02-10T16:50:00Z,44.13,44.4,44.07,44.25
2026-02-10T16:55:00Z,44.37,44.4,43.95,44.01
2026-02-10T17:00:00Z,44.04,44.34,44.04,44.25
2026-02-10T17:05:00Z,44.43,44.43,44.34,44.34
2026-02-10T17:10:00Z,44.34,44.4,44.34,44.37
2026-02-10T17:15:00Z,44.4,44.7,44.4,44.64
2026-02-10T17:20:00Z,44.7,44.82,44.64,44.73
2026-02-10T17:25:00Z,44.7,44.82,44.7,44.82
2026-02-10T17:30:00Z,44.73,44.88,44.7,44.88
2026-02-10T17:35:00Z,44.94,44.97,44.94,44.97
2026-02-10T17:40:00Z,45,45.09,44.97,44.97
2026-02-10T17:45:00Z,45.06,45.06,44.82,44.82
2026-02-10T17:50:00Z,44.88,44.88,44.85,44.85
2026-02-10T17:55:00Z,44.88,44.88,44.58,44.58
2026-02-10T18:00:00Z,44.697,44.85,44.58,44.85
2026-02-10T18:05:00Z,44.76,44.85,44.67,44.85
2026-02-10T18:10:00Z,44.85,44.85,44.67,44.67
2026-02-10T18:15:00Z,44.55,44.55,44.25,44.25
2026-02-10T18:20:00Z,44.37,44.4,44.25,44.4
2026-02-10T18:25:00Z,44.31,44.31,44.19,44.19
2026-02-10T18:30:00Z,44.34,44.34,44.34,44.34
2026-02-10T18:35:00Z,44.25,44.25,44.1,44.1
2026-02-10T18:40:00Z,44.22,44.22,44.22,44.22
2026-02-10T18:45:00Z,44.25,44.25,44.25,44.25
2026-02-10T18:50:00Z,44.25,44.25,44.16,44.16
2026-02-10T18:55:00Z,44.1,44.4,44.1,44.4
2026-02-10T19:00:00Z,44.31,44.31,44.25,44.25
2026-02-10T19:05:00Z,44.19,44.19,44.04,44.04
2026-02-10T19:10:00Z,44.4,44.58,44.4,44.49
2026-02-10T19:15:00Z,44.4,44.4,44.4,44.4
2026-02-10T19:20:00Z,44.49,44.55,44.49,44.49
2026-02-10T19:25:00Z,44.4,44.4,44.4,44.4
2026-02-10T19:30:00Z,44.55,44.55,44.55,44.55
2026-02-10T19:35:00Z,44.82,44.82,44.82,44.82
2026-02-10T19:40:00Z,44.82,44.82,44.82,44.82
2026-02-10T19:45:00Z,45.06,45.45,45.06,45.45
2026-02-10T19:50:00Z,45.18,45.24,45.18,45.24
2026-02-10T19:55:00Z,45.27,45.27,45.03,45.03
2026-02-10T20:00:00Z,45.195,45.195,45.09,45.09
2026-02-10T20:05:00Z,44.85,44.91,44.85,44.85
2026-02-10T20:10:00Z,44.88,44.88,44.82,44.82
2026-02-10T20:20:00Z,44.82,44.82,44.82,44.82
2026-02-10T20:25:00Z,44.85,44.85,44.76,44.76
2026-02-10T20:30:00Z,44.82,45,44.7,45
2026-02-10T20:35:00Z,45.09,45.09,44.85,44.85
2026-02-10T20:40:00Z,44.97,45.147,44.97,45.147
2026-02-10T20:45:00Z,45.18,45.45,45.18,45.45
2026-02-10T20:50:00Z,45.3,45.3,44.88,44.88
2026-02-10T20:55:00Z,45.03,45.09,45.03,45.09
2026-02-11T14:30:00Z,42.9,44.73,42.9,43.35
2026-02-11T14:35:00Z,42.9,43.65,42.18,42.36
2026-02-11T14:40:00Z,42.45,43.32,42.03,42.48
2026-02-11T14:45:00Z,42.63,43.35,42.15,42.15
2026-02-11T14:50:00Z,42.21,42.21,40.98,41.07
2026-02-11T14:55:00Z,41.07,41.25,40.71,40.71
2026-02-11T15:00:00Z,40.83,40.89,40.5,40.68
2026-02-11T15:05:00Z,40.56,40.74,40.08,40.08
2026-02-11T15:10:00Z,40.2,40.44,39.69,40.2
2026-02-11T15:15:00Z,40.065,40.11,39.21,39.21
2026-02-11T15:20:00Z,39.21,39.21,38.55,38.55
2026-02-11T15:25:00Z,38.76,39,38.52,38.97
2026-02-11T15:30:00Z,38.94,39.36,38.88,38.97
2026-02-11T15:35:00Z,39.03,39.72,38.88,39.66
2026-02-11T15:40:00Z,39.6,39.75,39.54,39.6
2026-02-11T15:45:00Z,40.17,40.26,39.06,39.06
2026-02-11T15:50:00Z,39.24,40.08,39.24,39.9
2026-02-11T15:55:00Z,39.795,39.837,39.45,39.45
2026-02-11T16:00:00Z,39.51,39.69,39.3,39.42
2026-02-11T16:05:00Z,39.465,39.66,39.45,39.63
2026-02-11T16:10:00Z,39.66,40.14,39.66,40.14
2026-02-11T16:15:00Z,39.96,40.05,39.51,39.63
2026-02-11T16:20:00Z,39.72,40.05,39.6,39.945
2026-02-11T16:25:00Z,39.69,39.69,39.3,39.3
2026-02-11T16:30:00Z,39.33,39.54,39,39
2026-02-11T16:35:00Z,39,39.21,39,39.21
2026-02-11T16:40:00Z,39.3,39.3,39.195,39.21
2026-02-11T16:45:00Z,39.21,39.33,39.015,39.03
2026-02-11T16:50:00Z,39,39.18,39,39.18
2026-02-11T16:55:00Z,39.3,39.3,39.12,39.15
2026-02-11T17:00:00Z,39.03,39.06,39,39.06
2026-02-11T17:05:00Z,39.12,39.33,39.12,39.33
2026-02-11T17:10:00Z,39.27,39.48,39.27,39.48
2026-02-11T17:15:00Z,39.6,39.69,39.36,39.42
2026-02-11T17:20:00Z,39.42,39.6,39.3,39.6
2026-02-11T17:25:00Z,39.81,40.02,39.81,39.93
2026-02-11T17:30:00Z,39.99,39.99,39.75,39.75
2026-02-11T17:35:00Z,39.78,39.93,39.765,39.93
2026-02-11T17:40:00Z,39.99,40.32,39.96,40.2
2026-02-11T17:45:00Z,40.2,40.5,40.17,40.5
2026-02-11T17:50:00Z,40.5,40.545,40.35,40.545
2026-02-11T17:55:00Z,40.56,40.65,40.56,40.62
2026-02-11T18:00:00Z,40.56,40.665,40.47,40.665
2026-02-11T18:05:00Z,40.515,40.515,40.44,40.44
2026-02-11T18:10:00Z,40.2,40.2,39.93,40.08
2026-02-11T18:15:00Z,40.08,40.5,40.08,40.44
2026-02-11T18:20:00Z,40.53,40.77,40.53,40.65
2026-02-11T18:25:00Z,40.8,40.8,40.77,40.77
2026-02-11T18:30:00Z,40.71,40.71,40.65,40.65
2026-02-11T18:35:00Z,40.95,41.16,40.95,41.16
2026-02-11T18:40:00Z,41.07,41.16,41.07,41.1
2026-02-11T18:45:00Z,41.1,41.55,41.1,41.55
2026-02-11T18:50:00Z,41.52,41.7,41.28,41.7
2026-02-11T18:55:00Z,41.94,42.18,41.82,41.91
2026-02-11T19:00:00Z,42,42.03,42,42.03
2026-02-11T19:05:00Z,41.82,42.06,41.76,41.97
2026-02-11T19:10:00Z,41.82,42.45,41.82,42.45
2026-02-11T19:15:00Z,42.33,42.36,42.21,42.21
2026-02-11T19:20:00Z,42.3,42.645,42.27,42.645
2026-02-11T19:25:00Z,42.45,42.54,42.33,42.36
2026-02-11T19:30:00Z,42.57,42.57,42,42.33
2026-02-11T19:35:00Z,42.36,42.57,42.36,42.51
2026-02-11T19:40:00Z,42.48,42.66,42.48,42.6
2026-02-11T19:45:00Z,42.615,42.66,42.3,42.57
2026-02-11T19:50:00Z,42.6,42.81,42.6,42.72
2026-02-11T19:55:00Z,42.6,42.6,42.27,42.33
2026-02-11T20:00:00Z,42.3,42.42,42.3,42.3
2026-02-11T20:05:00Z,42.48,42.48,42.09,42.09
2026-02-11T20:10:00Z,42.21,42.48,42.21,42.45
2026-02-11T20:15:00Z,42.45,42.6,42.39,42.45
2026-02-11T20:20:00Z,42.48,42.855,42.48,42.54
2026-02-11T20:25:00Z,42.48,42.48,41.97,41.97
2026-02-11T20:30:00Z,41.97,42.12,41.91,42.12
2026-02-11T20:35:00Z,42.3,42.78,42.3,42.78
2026-02-11T20:40:00Z,42.84,42.84,42.24,42.3
2026-02-11T20:45:00Z,42.27,42.3,41.94,42.24
2026-02-11T20:50:00Z,42.18,42.27,41.763,42.18
2026-02-11T20:55:00Z,42.15,42.24,41.91,42.195
2026-02-12T14:30:00Z,32.25,32.25,28.56,30.6
2026-02-12T14:35:00Z,30.6,31.62,30.15,30.9
2026-02-12T14:40:00Z,31.23,31.98,30.21,30.3
2026-02-12T14:45:00Z,30.24,30.36,28.38,29.07
2026-02-12T14:50:00Z,29.07,29.22,28.59,28.74
2026-02-12T14:55:00Z,28.86,29.46,28.44,29.25
2026-02-12T15:00:00Z,29.265,29.91,28.77,28.77
2026-02-12T15:05:00Z,28.77,29.13,28.11,28.11
2026-02-12T15:10:00Z,28.08,28.71,27.99,28.68
2026-02-12T15:15:00Z,28.77,29.04,28.11,28.26
2026-02-12T15:20:00Z,28.35,28.59,27.9,28.44
2026-02-12T15:25:00Z,28.5,28.59,28.08,28.11
2026-02-12T15:30:00Z,28.05,28.05,27,27
2026-02-12T15:35:00Z,27.15,27.15,25.71,26.25
2026-02-12T15:40:00Z,26.28,26.337,25.83,25.92
2026-02-12T15:45:00Z,25.92,26.58,25.77,26.28
2026-02-12T15:50:00Z,26.25,26.82,26.19,26.64
2026-02-12T15:55:00Z,26.67,26.91,26.31,26.52
2026-02-12T16:00:00Z,26.58,26.58,25.74,25.89
2026-02-12T16:05:00Z,25.95,26.1,25.59,25.71
2026-02-12T16:10:00Z,25.74,26.22,25.74,26.19
2026-02-12T16:15:00Z,26.1,26.265,25.95,26.16
2026-02-12T16:20:00Z,26.22,26.22,25.8,26.13
2026-02-12T16:25:00Z,26.1,26.1,25.68,25.71
2026-02-12T16:30:00Z,25.68,25.86,25.65,25.71
2026-02-12T16:35:00Z,25.89,26.73,25.8,26.67
2026-02-12T16:40:00Z,26.76,26.91,26.55,26.64
2026-02-12T16:45:00Z,26.67,27,26.67,26.94
2026-02-12T16:50:00Z,26.79,27,26.46,26.55
2026-02-12T16:55:00Z,26.595,26.94,26.49,26.82
2026-02-12T17:00:00Z,26.91,27,26.67,26.76
2026-02-12T17:05:00Z,26.7,26.73,26.04,26.31
2026-02-12T17:10:00Z,26.25,26.25,25.83,26.04
2026-02-12T17:15:00Z,26.1,26.1,25.65,25.71
2026-02-12T17:20:00Z,25.74,26.25,25.74,26.22
2026-02-12T17:25:00Z,26.46,26.7,26.31,26.46
2026-02-12T17:30:00Z,26.46,26.73,26.4,26.64
2026-02-12T17:35:00Z,26.7,26.715,26.55,26.58
2026-02-12T17:40:00Z,26.55,26.61,26.46,26.61
2026-02-12T17:45:00Z,26.535,26.58,26.46,26.52
2026-02-12T17:50:00Z,26.61,26.73,26.49,26.49
2026-02-12T17:55:00Z,26.55,26.55,26.4,26.46
2026-02-12T18:00:00Z,26.46,26.7,26.4,26.7
2026-02-12T18:05:00Z,26.76,26.76,26.25,26.25
2026-02-12T18:10:00Z,26.25,26.34,26.16,26.31
2026-02-12T18:15:00Z,26.31,26.7,26.22,26.7
2026-02-12T18:20:00Z,26.73,26.967,26.58,26.58
2026-02-12T18:25:00Z,26.64,27,26.52,26.82
2026-02-12T18:30:00Z,26.85,27.42,26.85,27.3
2026-02-12T18:35:00Z,27.195,27.615,27,27.42
2026-02-12T18:40:00Z,27.39,27.48,27.18,27.18
2026-02-12T18:45:00Z,27.12,27.12,26.67,26.67
2026-02-12T18:50:00Z,26.64,26.85,26.55,26.85
2026-02-12T18:55:00Z,26.88,27.39,26.88,27.24
2026-02-12T19:00:00Z,27.27,27.375,27,27.06
2026-02-12T19:05:00Z,27.09,27.24,27.03,27.03
2026-02-12T19:10:00Z,27.03,27.09,26.625,26.7
2026-02-12T19:15:00Z,26.7,27,26.67,26.7
2026-02-12T19:20:00Z,26.67,26.7,26.58,26.61
2026-02-12T19:25:00Z,26.67,26.67,26.34,26.52
2026-02-12T19:30:00Z,26.55,26.88,26.52,26.67
2026-02-12T19:35:00Z,26.67,27,26.67,26.907
2026-02-12T19:40:00Z,26.91,27.45,26.91,26.97
2026-02-12T19:45:00Z,27.21,27.45,27.075,27.15
2026-02-12T19:50:00Z,27.21,27.21,26.85,26.85
2026-02-12T19:55:00Z,26.82,26.85,26.55,26.58
2026-02-12T20:00:00Z,26.7,26.7,26.1,26.25
2026-02-12T20:05:00Z,26.19,26.22,25.83,25.83
2026-02-12T20:10:00Z,25.95,26.1,25.68,26.1
2026-02-12T20:15:00Z,26.16,26.19,25.98,26.04
2026-02-12T20:20:00Z,26.07,26.85,25.935,26.28
2026-02-12T20:25:00Z,26.28,26.37,25.95,26.04
2026-02-12T20:30:00Z,26.19,26.22,25.95,26.01
2026-02-12T20:35:00Z,26.1,26.1,25.86,26.01
2026-02-12T20:40:00Z,26.25,26.28,25.83,25.83
2026-02-12T20:45:00Z,25.89,25.89,25.5,25.65
2026-02-12T20:50:00Z,25.59,25.62,25.14,25.56
2026-02-12T20:55:00Z,25.5,25.56,25.26,25.44
2026-02-13T14:30:00Z,25.245,25.8,25.155,25.2
2026-02-13T14:35:00Z,25.56,25.56,24.33,24.93
2026-02-13T14:40:00Z,24.9,25.44,24.6,25.11
2026-02-13T14:45:00Z,25.14,26.22,25.11,26.01
2026-02-13T14:50:00Z,25.95,26.28,25.47,26.16
2026-02-13T14:55:00Z,26.16,26.61,26.07,26.07
2026-02-13T15:00:00Z,26.07,26.55,26.01,26.49
2026-02-13T15:05:00Z,26.4,27.36,26.4,27.15
2026-02-13T15:10:00Z,27,27.297,26.58,27
2026-02-13T15:15:00Z,27.06,27.36,26.97,27.3
2026-02-13T15:20:00Z,27.27,27.57,26.94,26.94
2026-02-13T15:25:00Z,27.03,27.09,26.19,26.67
2026-02-13T15:30:00Z,26.64,27,26.55,26.91
2026-02-13T15:35:00Z,27.03,27.03,25.95,25.98
2026-02-13T15:40:00Z,25.95,26.04,25.62,25.74
2026-02-13T15:45:00Z,25.755,25.89,25.56,25.62
2026-02-13T15:50:00Z,25.5,25.917,25.5,25.89
2026-02-13T15:55:00Z,25.89,26.16,25.89,25.89
2026-02-13T16:00:00Z,26.01,26.16,25.8,25.8
2026-02-13T16:05:00Z,25.95,26.37,25.95,26.37
2026-02-13T16:10:00Z,26.1,26.19,25.92,25.92
2026-02-13T16:15:00Z,26.22,26.31,26.13,26.31
2026-02-13T16:20:00Z,26.31,26.31,26.13,26.22
2026-02-13T16:25:00Z,26.283,26.31,26.22,26.31
2026-02-13T16:30:00Z,26.28,26.28,26.13,26.19
2026-02-13T16:35:00Z,26.22,26.4,26.16,26.4
2026-02-13T16:40:00Z,26.34,26.64,26.34,26.64
2026-02-13T16:45:00Z,26.64,26.94,26.64,26.85
2026-02-13T16:50:00Z,26.76,26.94,26.64,26.94
2026-02-13T16:55:00Z,26.97,26.97,26.7,26.7
2026-02-13T17:00:00Z,26.73,26.79,26.73,26.76
2026-02-13T17:05:00Z,26.82,26.82,26.76,26.76
2026-02-13T17:10:00Z,26.76,26.85,26.73,26.85
2026-02-13T17:15:00Z,26.85,26.94,26.85,26.88
2026-02-13T17:20:00Z,26.91,27.12,26.91,27.06
2026-02-13T17:25:00Z,27,27.33,26.94,27.3
2026-02-13T17:30:00Z,27.27,27.36,27.27,27.36
2026-02-13T17:35:00Z,27.33,27.39,27.09,27.09
2026-02-13T17:40:00Z,27.24,27.33,27.15,27.15
2026-02-13T17:45:00Z,27.09,27.39,27.06,27.39
2026-02-13T17:50:00Z,27.39,27.39,27.12,27.12
2026-02-13T17:55:00Z,27.03,27.06,26.94,26.94
2026-02-13T18:00:00Z,26.85,26.88,26.73,26.73
2026-02-13T18:05:00Z,26.73,26.85,26.613,26.76
2026-02-13T18:10:00Z,26.82,26.82,26.76,26.76
2026-02-13T18:15:00Z,26.79,26.88,26.733,26.88
2026-02-13T18:20:00Z,26.865,27,26.865,27
2026-02-13T18:25:00Z,26.97,27,26.73,26.73
2026-02-13T18:30:00Z,26.79,26.97,26.79,26.97
2026-02-13T18:35:00Z,27.06,27.09,27.003,27.003
2026-02-13T18:40:00Z,27.21,27.21,27,27.12
2026-02-13T18:45:00Z,27.03,27.12,27,27
2026-02-13T18:50:00Z,26.94,26.94,26.73,26.76
2026-02-13T18:55:00Z,26.79,26.79,26.79,26.79
2026-02-13T19:00:00Z,26.73,26.79,26.7,26.79
2026-02-13T19:05:00Z,26.79,26.97,26.79,26.97
2026-02-13T19:10:00Z,26.94,27.03,26.94,26.97
2026-02-13T19:15:00Z,26.97,27.33,26.97,27.3
2026-02-13T19:20:00Z,27.3,27.75,27.27,27.75
2026-02-13T19:25:00Z,27.6,27.6,27.15,27.15
2026-02-13T19:30:00Z,27.15,27.75,27.15,27.75
2026-02-13T19:35:00Z,27.78,28.14,27.78,28.02
2026-02-13T19:40:00Z,27.93,28.11,27.93,28.05
2026-02-13T19:45:00Z,28.05,28.11,27.81,28.02
2026-02-13T19:50:00Z,27.99,28.02,27.93,27.99
2026-02-13T19:55:00Z,28.05,28.2,27.945,28.11
2026-02-13T20:00:00Z,28.11,28.23,28.08,28.14
2026-02-13T20:05:00Z,28.14,28.35,28.14,28.35
2026-02-13T20:10:00Z,28.35,28.77,28.08,28.08
2026-02-13T20:15:00Z,28.08,28.08,27.9,27.99
2026-02-13T20:20:00Z,27.87,27.99,27.735,27.93
2026-02-13T20:25:00Z,27.855,27.855,27.645,27.75
2026-02-13T20:30:00Z,27.84,27.87,27.48,27.51
2026-02-13T20:35:00Z,27.48,27.69,27.48,27.69
2026-02-13T20:40:00Z,27.69,27.96,27.69,27.96
2026-02-13T20:45:00Z,27.93,28.245,27.93,28.245
2026-02-13T20:50:00Z,28.29,28.68,28.29,28.68
2026-02-13T20:55:00Z,28.62,28.83,28.5,28.77
2026-02-17T14:30:00Z,27.78,28.17,27,28.11
2026-02-17T14:35:00Z,28.05,28.2,27.42,27.45
2026-02-17T14:40:00Z,27.285,27.39,26.58,26.76
2026-02-17T14:45:00Z,26.73,26.94,26.4,26.73
2026-02-17T14:50:00Z,26.7,26.7,25.95,26.34
2026-02-17T14:55:00Z,26.31,26.31,25.95,26.13
2026-02-17T15:00:00Z,26.16,26.61,26.16,26.58
2026-02-17T15:05:00Z,26.7,26.91,26.67,26.73
2026-02-17T15:10:00Z,26.7,26.73,26.49,26.58
2026-02-17T15:15:00Z,26.64,27.51,26.61,27.51
2026-02-17T15:20:00Z,27.39,27.39,26.7,26.7
2026-02-17T15:25:00Z,26.7,27.06,26.64,26.79
2026-02-17T15:30:00Z,26.91,26.91,26.25,26.397
2026-02-17T15:35:00Z,26.46,26.67,26.43,26.43
2026-02-17T15:40:00Z,26.49,26.55,26.37,26.55
2026-02-17T15:45:00Z,26.847,27,26.847,26.91
2026-02-17T15:50:00Z,26.94,27.12,26.88,26.94
2026-02-17T15:55:00Z,26.76,26.88,26.76,26.88
2026-02-17T16:00:00Z,27.09,27.27,27.06,27.15
2026-02-17T16:05:00Z,27.12,27.3,27.12,27.27
2026-02-17T16:10:00Z,27.24,27.42,27.06,27.06
2026-02-17T16:15:00Z,27.03,27.27,27.03,27.27
2026-02-17T16:20:00Z,27.24,27.24,27.03,27.24
2026-02-17T16:25:00Z,27.24,27.24,27,27
2026-02-17T16:30:00Z,26.97,27,26.97,27
2026-02-17T16:35:00Z,27.165,27.237,27.09,27.237
2026-02-17T16:40:00Z,27.15,27.15,27.003,27.09
2026-02-17T16:45:00Z,27.12,27.12,27.12,27.12
2026-02-17T16:50:00Z,26.91,26.91,26.91,26.91
2026-02-17T16:55:00Z,27.03,27.03,26.91,26.91
2026-02-17T17:00:00Z,26.91,27,26.79,26.793
2026-02-17T17:05:00Z,26.79,26.79,26.73,26.73
2026-02-17T17:10:00Z,26.64,26.64,26.4,26.4
2026-02-17T17:15:00Z,26.43,26.43,26.16,26.22
2026-02-17T17:20:00Z,26.19,26.19,26.07,26.1
2026-02-17T17:25:00Z,26.22,26.31,26.22,26.28
2026-02-17T17:30:00Z,26.28,26.28,25.74,25.74
2026-02-17T17:35:00Z,25.8,25.8,25.71,25.71
2026-02-17T17:40:00Z,25.68,25.8,25.44,25.8
2026-02-17T17:45:00Z,25.83,25.89,25.74,25.83
2026-02-17T17:50:00Z,25.95,25.95,25.77,25.8
2026-02-17T17:55:00Z,25.995,26.22,25.977,26.22
2026-02-17T18:00:00Z,26.25,26.46,26.25,26.4
2026-02-17T18:05:00Z,26.43,26.43,26.37,26.37
2026-02-17T18:10:00Z,26.4,26.49,26.28,26.49
2026-02-17T18:15:00Z,26.43,26.58,26.43,26.58
2026-02-17T18:20:00Z,26.55,26.76,26.55,26.76
2026-02-17T18:25:00Z,26.79,26.85,26.79,26.85
2026-02-17T18:30:00Z,26.76,27,26.76,27
2026-02-17T18:40:00Z,27.09,27.09,26.91,27
2026-02-17T18:45:00Z,26.91,26.91,26.91,26.91
2026-02-17T18:50:00Z,26.85,27,26.85,27
2026-02-17T18:55:00Z,27,27,27,27
2026-02-17T19:00:00Z,27.15,27.3,27.15,27.15
2026-02-17T19:05:00Z,27.21,27.21,27.21,27.21
2026-02-17T19:10:00Z,27.15,27.21,27.09,27.21
2026-02-17T19:15:00Z,27.21,27.21,27.21,27.21
2026-02-17T19:20:00Z,27.165,27.21,27.165,27.18
2026-02-17T19:25:00Z,27.06,27.06,27.06,27.06
2026-02-17T19:30:00Z,27,27.18,26.97,27.18
2026-02-17T19:35:00Z,27.3,27.3,27.3,27.3
2026-02-17T19:40:00Z,27.285,27.285,27.225,27.27
2026-02-17T19:45:00Z,27.27,27.27,27.27,27.27
2026-02-17T19:50:00Z,27.27,27.45,27.27,27.405
2026-02-17T19:55:00Z,27.51,27.51,27.42,27.42
2026-02-17T20:00:00Z,27.45,27.45,27.36,27.36
2026-02-17T20:05:00Z,27.42,27.42,27.27,27.27
2026-02-17T20:10:00Z,27.24,27.27,27.24,27.27
2026-02-17T20:15:00Z,27.09,27.165,26.7,26.7
2026-02-17T20:20:00Z,26.67,26.67,26.4,26.52
2026-02-17T20:25:00Z,26.55,26.67,26.55,26.55
2026-02-17T20:30:00Z,26.4,26.547,26.4,26.547
2026-02-17T20:40:00Z,26.52,26.55,26.49,26.55
2026-02-17T20:45:00Z,26.55,26.64,26.52,26.64
2026-02-17T20:50:00Z,26.475,26.67,26.4,26.4
2026-02-17T20:55:00Z,26.46,26.58,26.43,26.58
2026-02-18T14:30:00Z,26.94,27.03,26.16,26.16
2026-02-18T14:35:00Z,26.1,27.09,26.1,27.03
2026-02-18T14:40:00Z,27.105,27.6,26.94,27.54
2026-02-18T14:45:00Z,27.66,28.47,27.633,28.35
2026-02-18T14:50:00Z,28.35,29.445,28.323,29.13
2026-02-18T14:55:00Z,29.16,29.49,28.875,29.31
2026-02-18T15:00:00Z,29.31,29.79,29.25,29.79
2026-02-18T15:05:00Z,29.82,29.85,29.4,29.58
2026-02-18T15:10:00Z,29.64,29.64,29.34,29.49
2026-02-18T15:15:00Z,29.34,29.58,29.16,29.43
2026-02-18T15:20:00Z,29.43,29.7,29.4,29.64
2026-02-18T15:25:00Z,29.58,29.94,29.49,29.49
2026-02-18T15:30:00Z,29.49,29.49,29.19,29.25
2026-02-18T15:35:00Z,29.25,29.475,29.22,29.445
2026-02-18T15:40:00Z,29.58,30,29.58,30
2026-02-18T15:45:00Z,30,30.09,29.763,29.91
2026-02-18T15:50:00Z,29.82,29.88,29.7,29.85
2026-02-18T15:55:00Z,29.88,29.97,29.7,29.91
2026-02-18T16:00:00Z,29.76,30.15,29.76,30.09
2026-02-18T16:05:00Z,30.18,30.33,30.09,30.18
2026-02-18T16:10:00Z,30.09,30.21,29.94,30.15
2026-02-18T16:15:00Z,30.18,30.18,30,30.09
2026-02-18T16:20:00Z,30.09,30.09,29.85,30
2026-02-18T16:25:00Z,29.97,30.09,29.97,30.09
2026-02-18T16:30:00Z,30.15,30.24,30.15,30.21
2026-02-18T16:35:00Z,30.15,30.3,30.15,30.3
2026-02-18T16:40:00Z,30.36,30.39,30.24,30.39
2026-02-18T16:45:00Z,30.36,30.45,30.36,30.45
2026-02-18T16:50:00Z,30.507,30.54,30.21,30.21
2026-02-18T16:55:00Z,30.18,30.24,30.12,30.12
2026-02-18T17:00:00Z,30,30.09,30,30.06
2026-02-18T17:05:00Z,30.195,30.36,30.195,30.24
2026-02-18T17:10:00Z,30.15,30.15,29.94,30.15
2026-02-18T17:15:00Z,30.24,30.39,30.24,30.39
2026-02-18T17:20:00Z,30.39,30.42,30.39,30.42
2026-02-18T17:25:00Z,30.3,30.3,30.27,30.27
2026-02-18T17:30:00Z,30.21,30.24,30.18,30.18
2026-02-18T17:35:00Z,30.18,30.18,30.15,30.15
2026-02-18T17:40:00Z,30.24,30.24,30.21,30.21
2026-02-18T17:50:00Z,30.27,30.48,30.27,30.48
2026-02-18T17:55:00Z,30.48,30.48,30.48,30.48
2026-02-18T18:00:00Z,30.57,30.66,30.57,30.66
2026-02-18T18:05:00Z,30.6,30.69,30.6,30.6
2026-02-18T18:10:00Z,30.63,30.72,30.63,30.63
2026-02-18T18:15:00Z,30.63,30.75,30.63,30.75
2026-02-18T18:20:00Z,30.72,30.87,30.72,30.87
2026-02-18T18:25:00Z,30.78,30.78,30.54,30.54
2026-02-18T18:30:00Z,30.75,30.78,30.75,30.75
2026-02-18T18:35:00Z,30.75,30.78,30.75,30.78
2026-02-18T18:40:00Z,30.69,30.69,30.51,30.51
2026-02-18T18:45:00Z,30.51,30.75,30.51,30.66
2026-02-18T18:50:00Z,30.3,30.51,30.3,30.51
2026-02-18T18:55:00Z,30.48,30.48,30.45,30.48
2026-02-18T19:00:00Z,30.51,30.6,30.51,30.57
2026-02-18T19:05:00Z,30.6,30.6,30.6,30.6
2026-02-18T19:10:00Z,30.69,30.69,30.6,30.6
2026-02-18T19:15:00Z,30.6,30.6,30.6,30.6
2026-02-18T19:20:00Z,30.66,30.66,30.6,30.63
2026-02-18T19:25:00Z,30.63,30.63,30.51,30.51
2026-02-18T19:30:00Z,30.45,30.45,30.39,30.45
2026-02-18T19:35:00Z,30.39,30.39,30.18,30.3
2026-02-18T19:40:00Z,30.27,30.3,30.24,30.24
2026-02-18T19:45:00Z,30.27,30.27,30.24,30.24
2026-02-18T19:50:00Z,30.06,30.18,30.06,30.06
2026-02-18T19:55:00Z,30.06,30.12,29.883,30.12
2026-02-18T20:00:00Z,30.15,30.36,30.15,30.36
2026-02-18T20:05:00Z,30.36,30.39,30.24,30.24
2026-02-18T20:10:00Z,30.21,30.21,30.21,30.21
2026-02-18T20:15:00Z,30,30.12,30,30.12
2026-02-18T20:20:00Z,29.94,30.03,29.94,30.03
2026-02-18T20:25:00Z,30.03,30.03,29.94,29.94
2026-02-18T20:30:00Z,29.85,30.06,29.85,30.06
2026-02-18T20:40:00Z,30.24,30.33,30.18,30.33
2026-02-18T20:45:00Z,30.45,30.51,30.45,30.48
2026-02-18T20:50:00Z,30.48,30.48,30.48,30.48
2026-02-18T20:55:00Z,30.33,30.69,30.33,30.69
2026-02-19T14:30:00Z,29.73,30.6,29.4,30.42
2026-02-19T14:35:00Z,30.6,30.81,30.36,30.51
2026-02-19T14:40:00Z,30.54,31.56,30.54,31.44
2026-02-19T14:45:00Z,31.41,31.53,31.2,31.5
2026-02-19T14:50:00Z,31.65,31.95,31.05,31.08
2026-02-19T14:55:00Z,31.14,31.95,31.14,31.53
2026-02-19T15:00:00Z,31.425,31.95,31.41,31.77
2026-02-19T15:05:00Z,31.77,32.01,31.74,31.8
2026-02-19T15:10:00Z,31.77,31.92,31.44,31.47
2026-02-19T15:15:00Z,31.5,31.8,31.38,31.44
2026-02-19T15:20:00Z,31.59,31.62,31.38,31.56
2026-02-19T15:25:00Z,31.44,31.5,31.35,31.41
2026-02-19T15:30:00Z,31.47,31.53,31.26,31.32
2026-02-19T15:35:00Z,31.32,31.53,31.26,31.53
2026-02-19T15:40:00Z,31.53,31.8,31.47,31.8
2026-02-19T15:45:00Z,31.86,32.13,31.86,32.13
2026-02-19T15:50:00Z,32.055,32.07,31.68,31.68
2026-02-19T15:55:00Z,31.8,31.95,31.62,31.62
2026-02-19T16:00:00Z,31.68,31.68,30.93,31.05
2026-02-19T16:05:00Z,31.14,31.14,30.42,30.81
2026-02-19T16:10:00Z,30.84,31.05,30.84,30.99
2026-02-19T16:15:00Z,31.14,31.29,31.14,31.2
2026-02-19T16:20:00Z,31.23,31.29,30.72,30.81
2026-02-19T16:25:00Z,30.63,30.75,30.51,30.54
2026-02-19T16:30:00Z,30.54,30.72,30.54,30.66
2026-02-19T16:35:00Z,30.6,30.93,30.6,30.93
2026-02-19T16:40:00Z,30.84,30.84,30.75,30.75
2026-02-19T16:45:00Z,30.645,30.75,30.6,30.63
2026-02-19T16:50:00Z,30.6,30.87,30.6,30.87
2026-02-19T16:55:00Z,30.93,30.93,30.78,30.78
2026-02-19T17:00:00Z,30.72,30.78,30.63,30.78
2026-02-19T17:05:00Z,30.87,30.96,30.81,30.96
2026-02-19T17:10:00Z,30.93,31.11,30.93,31.11
2026-02-19T17:20:00Z,30.93,30.99,30.9,30.99
2026-02-19T17:25:00Z,30.9,30.9,30.615,30.615
2026-02-19T17:30:00Z,30.57,30.717,30.57,30.717
2026-02-19T17:35:00Z,30.69,30.69,30.6,30.6
2026-02-19T17:40:00Z,30.54,30.57,30.48,30.57
2026-02-19T17:45:00Z,30.48,30.48,30.3,30.36
2026-02-19T17:50:00Z,30.36,30.39,30.15,30.39
2026-02-19T17:55:00Z,30.45,30.54,30.42,30.54
2026-02-19T18:00:00Z,30.66,30.66,30.54,30.54
2026-02-19T18:05:00Z,30.84,30.9,30.81,30.81
2026-02-19T18:10:00Z,30.855,30.855,30.72,30.72
2026-02-19T18:15:00Z,30.84,30.84,30.36,30.69
2026-02-19T18:20:00Z,30.6,30.6,30.54,30.57
2026-02-19T18:25:00Z,30.6,30.69,30.6,30.69
2026-02-19T18:35:00Z,30.615,30.63,30.6,30.6
2026-02-19T18:45:00Z,30.72,30.87,30.72,30.87
2026-02-19T18:50:00Z,30.9,30.9,30.87,30.9
2026-02-19T19:00:00Z,30.78,30.81,30.75,30.81
2026-02-19T19:05:00Z,30.9,30.9,30.87,30.87
2026-02-19T19:10:00Z,30.84,30.84,30.72,30.72
2026-02-19T19:15:00Z,30.69,30.72,30.66,30.72
2026-02-19T19:25:00Z,30.81,30.81,30.54,30.54
2026-02-19T19:35:00Z,30.6,30.6,30.51,30.57
2026-02-19T19:40:00Z,30.66,30.66,30.66,30.66
2026-02-19T19:45:00Z,30.51,30.63,30.51,30.63
2026-02-19T19:50:00Z,30.66,30.66,30.66,30.66
2026-02-19T19:55:00Z,30.75,30.75,30.75,30.75
2026-02-19T20:05:00Z,30.84,30.84,30.81,30.81
2026-02-19T20:10:00Z,30.96,30.96,30.96,30.96
2026-02-19T20:15:00Z,30.9,30.9,30.9,30.9
2026-02-19T20:25:00Z,31.05,31.05,31.02,31.02
2026-02-19T20:30:00Z,31.08,31.17,31.08,31.17
2026-02-19T20:35:00Z,31.14,31.32,31.14,31.17
2026-02-19T20:40:00Z,31.08,31.2,31.08,31.2
2026-02-19T20:45:00Z,31.23,31.44,31.23,31.437
2026-02-19T20:50:00Z,31.38,31.41,31.35,31.41
2026-02-19T20:55:00Z,31.5,31.5,31.473,31.473
2026-02-20T14:30:00Z,32.16,33.42,32.16,33
2026-02-20T14:35:00Z,32.88,34.005,32.88,34.005
2026-02-20T14:40:00Z,34.08,34.14,33.66,33.78
2026-02-20T14:45:00Z,34.02,34.05,33.24,33.45
2026-02-20T14:50:00Z,33.405,33.405,32.88,33.03
2026-02-20T14:55:00Z,33.03,33.33,32.91,33.18
2026-02-20T15:00:00Z,33.12,34.05,33.12,33.93
2026-02-20T15:05:00Z,33.81,34.35,33.6,34.35
2026-02-20T15:10:00Z,34.41,34.71,34.38,34.41
2026-02-20T15:15:00Z,34.2,34.2,33.72,34.02
2026-02-20T15:20:00Z,33.96,34.29,33.96,34.05
2026-02-20T15:25:00Z,34.14,34.17,33.66,33.75
2026-02-20T15:30:00Z,33.84,33.84,33.525,33.555
2026-02-20T15:35:00Z,33.66,33.81,33.63,33.81
2026-02-20T15:40:00Z,33.69,33.99,33.45,33.96
2026-02-20T15:45:00Z,33.99,34.14,33.9,34.05
2026-02-20T15:50:00Z,34.05,34.35,34.02,34.35
2026-02-20T15:55:00Z,34.35,34.41,34.32,34.41
2026-02-20T16:00:00Z,34.5,34.65,34.44,34.515
2026-02-20T16:05:00Z,34.38,34.41,34.32,34.41
2026-02-20T16:10:00Z,34.35,34.35,34.17,34.173
2026-02-20T16:15:00Z,34.14,34.32,34.11,34.32
2026-02-20T16:20:00Z,34.26,34.26,34.08,34.11
2026-02-20T16:25:00Z,34.26,34.32,34.26,34.26
2026-02-20T16:30:00Z,34.113,34.62,34.113,34.62
2026-02-20T16:35:00Z,34.47,34.56,34.47,34.56
2026-02-20T16:40:00Z,34.56,34.83,34.56,34.68
2026-02-20T16:45:00Z,34.8,34.8,34.71,34.8
2026-02-20T16:50:00Z,34.89,34.95,34.68,34.71
2026-02-20T16:55:00Z,34.71,34.71,34.5,34.59
2026-02-20T17:00:00Z,34.56,34.56,34.41,34.44
2026-02-20T17:05:00Z,34.53,34.56,34.5,34.5
2026-02-20T17:10:00Z,34.44,34.44,34.29,34.38
2026-02-20T17:15:00Z,34.32,34.32,33.963,33.963
2026-02-20T17:20:00Z,33.93,33.99,33.72,33.72
2026-02-20T17:25:00Z,33.72,33.93,33.72,33.93
2026-02-20T17:30:00Z,34.02,34.08,34.02,34.08
2026-02-20T17:35:00Z,34.14,34.14,34.05,34.05
2026-02-20T17:40:00Z,34.26,34.26,33.96,33.96
2026-02-20T17:45:00Z,34.02,34.02,33.75,33.84
2026-02-20T17:50:00Z,33.99,34.05,33.99,34.05
2026-02-20T17:55:00Z,34.08,34.26,34.05,34.26
2026-02-20T18:00:00Z,34.35,34.5,34.35,34.38
2026-02-20T18:05:00Z,34.335,34.335,34.335,34.335
2026-02-20T18:10:00Z,34.38,34.41,34.38,34.41
2026-02-20T18:15:00Z,34.2,34.23,34.11,34.2
2026-02-20T18:20:00Z,34.11,34.11,33.93,33.96
2026-02-20T18:25:00Z,34.11,34.11,33.33,33.33
2026-02-20T18:30:00Z,33.54,34.38,33.54,34.23
2026-02-20T18:35:00Z,34.245,34.41,34.23,34.41
2026-02-20T18:40:00Z,34.2,34.59,34.2,34.59
2026-02-20T18:45:00Z,34.56,34.83,34.56,34.68
2026-02-20T18:50:00Z,34.59,34.95,34.59,34.95
2026-02-20T18:55:00Z,34.86,34.92,34.86,34.92
2026-02-20T19:00:00Z,34.98,35.13,34.98,34.98
2026-02-20T19:05:00Z,35.01,35.01,32.88,32.97
2026-02-20T19:10:00Z,33.18,34.35,32.76,34.2
2026-02-20T19:15:00Z,34.08,34.62,34.08,34.47
2026-02-20T19:20:00Z,34.44,34.65,34.395,34.41
2026-02-20T19:25:00Z,34.41,34.47,34.2,34.2
2026-02-20T19:30:00Z,34.17,34.23,34.08,34.08
2026-02-20T19:35:00Z,34.08,34.17,34.02,34.17
2026-02-20T19:40:00Z,34.14,34.14,34.14,34.14
2026-02-20T19:45:00Z,34.17,34.17,33.84,33.84
2026-02-20T19:50:00Z,33.84,33.84,33.45,33.45
2026-02-20T19:55:00Z,33.39,33.48,32.7,32.82
2026-02-20T20:00:00Z,32.82,32.82,32.19,32.31
2026-02-20T20:05:00Z,32.16,32.43,32.07,32.4
2026-02-20T20:10:00Z,32.4,32.55,32.34,32.34
2026-02-20T20:15:00Z,32.43,32.43,32.1,32.19
2026-02-20T20:20:00Z,32.34,32.43,32.25,32.37
2026-02-20T20:25:00Z,32.34,32.34,32.1,32.1
2026-02-20T20:30:00Z,32.55,32.61,32.4,32.4
2026-02-20T20:35:00Z,32.64,32.7,32.61,32.61
2026-02-20T20:40:00Z,32.73,32.79,32.7,32.73
2026-02-20T20:45:00Z,32.7,32.76,32.64,32.7
2026-02-20T20:50:00Z,32.79,32.79,32.67,32.67
2026-02-20T20:55:00Z,32.61,32.64,32.52,32.64
2026-02-23T14:30:00Z,30.12,30.12,28.53,29.22
2026-02-23T14:35:00Z,29.1,29.1,27.63,27.66
2026-02-23T14:40:00Z,27.63,27.63,26.625,26.64
2026-02-23T14:45:00Z,26.64,27.78,26.55,27.525
2026-02-23T14:50:00Z,27.6,28.14,27.6,27.9
2026-02-23T14:55:00Z,27.9,28.08,27.69,27.78
2026-02-23T15:00:00Z,27.72,28.05,26.88,26.88
2026-02-23T15:05:00Z,26.88,27.03,26.7,26.94
2026-02-23T15:10:00Z,27.03,27.51,26.94,27.51
2026-02-23T15:15:00Z,27.57,27.57,27.21,27.39
2026-02-23T15:20:00Z,27.36,27.48,27.063,27.21
2026-02-23T15:25:00Z,27.15,27.15,26.88,26.88
2026-02-23T15:30:00Z,26.94,27.195,26.88,26.88
2026-02-23T15:35:00Z,26.85,27.15,26.73,26.76
2026-02-23T15:40:00Z,26.76,26.88,26.76,26.85
2026-02-23T15:45:00Z,26.85,27.03,26.73,26.73
2026-02-23T15:50:00Z,26.79,26.88,26.49,26.55
2026-02-23T15:55:00Z,26.49,26.49,26.13,26.19
2026-02-23T16:00:00Z,26.43,26.76,26.43,26.76
2026-02-23T16:05:00Z,26.76,26.76,26.49,26.55
2026-02-23T16:10:00Z,26.55,26.7,26.46,26.61
2026-02-23T16:15:00Z,26.61,26.85,26.595,26.85
2026-02-23T16:20:00Z,26.85,27,26.7,26.7
2026-02-23T16:25:00Z,26.76,27.36,26.76,27.36
2026-02-23T16:30:00Z,27.36,27.417,26.94,26.94
2026-02-23T16:35:00Z,27.06,27.09,26.88,26.97
2026-02-23T16:40:00Z,26.91,26.94,26.85,26.85
2026-02-23T16:45:00Z,26.79,27,26.7,27
2026-02-23T16:50:00Z,27.12,27.12,27.12,27.12
2026-02-23T16:55:00Z,27.03,27.03,27,27
2026-02-23T17:00:00Z,26.94,26.97,26.91,26.91
2026-02-23T17:05:00Z,26.82,26.82,26.79,26.79
2026-02-23T17:10:00Z,26.79,27,26.79,26.97
2026-02-23T17:15:00Z,26.85,26.85,26.76,26.76
2026-02-23T17:20:00Z,26.73,26.76,26.73,26.76
2026-02-23T17:25:00Z,26.7,26.7,26.64,26.64
2026-02-23T17:30:00Z,26.67,26.76,26.61,26.73
2026-02-23T17:35:00Z,26.73,26.73,26.49,26.52
2026-02-23T17:40:00Z,26.58,26.7,26.55,26.64
2026-02-23T17:45:00Z,26.55,26.58,26.46,26.52
2026-02-23T17:50:00Z,26.52,26.52,26.34,26.46
2026-02-23T17:55:00Z,26.49,26.49,26.28,26.28
2026-02-23T18:00:00Z,26.46,26.49,26.34,26.34
2026-02-23T18:05:00Z,26.64,26.667,26.64,26.655
2026-02-23T18:10:00Z,26.64,26.64,26.61,26.64
2026-02-23T18:15:00Z,26.73,26.73,26.67,26.67
2026-02-23T18:20:00Z,26.67,26.79,26.67,26.76
2026-02-23T18:25:00Z,26.73,26.745,26.49,26.58
2026-02-23T18:30:00Z,26.52,26.52,26.49,26.52
2026-02-23T18:35:00Z,26.55,26.58,26.52,26.52
2026-02-23T18:40:00Z,26.49,26.49,26.43,26.445
2026-02-23T18:45:00Z,26.46,26.46,26.4,26.43
2026-02-23T18:50:00Z,26.4,26.4,26.19,26.25
2026-02-23T18:55:00Z,26.19,26.19,26.01,26.01
2026-02-23T19:00:00Z,26.01,26.25,26.01,26.07
2026-02-23T19:05:00Z,26.1,26.28,26.1,26.28
2026-02-23T19:10:00Z,26.25,26.34,26.25,26.34
2026-02-23T19:15:00Z,26.25,26.25,26.13,26.145
2026-02-23T19:20:00Z,26.13,26.16,26.13,26.16
2026-02-23T19:25:00Z,26.13,26.13,25.98,26.04
2026-02-23T19:30:00Z,26.25,26.25,26.16,26.22
2026-02-23T19:35:00Z,26.25,26.28,26.25,26.28
2026-02-23T19:40:00Z,26.25,26.25,26.037,26.037
2026-02-23T19:45:00Z,26.04,26.1,26.04,26.1
2026-02-23T19:50:00Z,26.13,26.157,26.13,26.13
2026-02-23T19:55:00Z,26.19,26.43,26.19,26.34
2026-02-23T20:00:00Z,26.43,26.52,26.37,26.37
2026-02-23T20:05:00Z,26.37,26.37,26.25,26.25
2026-02-23T20:10:00Z,26.25,26.25,26.22,26.22
2026-02-23T20:15:00Z,26.19,26.19,26.01,26.13
2026-02-23T20:20:00Z,26.13,26.19,26.13,26.16
2026-02-23T20:25:00Z,26.22,26.25,26.13,26.13
2026-02-23T20:30:00Z,26.46,26.61,26.43,26.61
2026-02-23T20:35:00Z,26.61,26.73,26.61,26.73
2026-02-23T20:40:00Z,26.76,26.85,26.73,26.85
2026-02-23T20:45:00Z,26.88,27,26.88,26.91
2026-02-23T20:50:00Z,26.94,27,26.82,26.82
2026-02-23T20:55:00Z,26.76,26.76,26.61,26.7
2026-02-24T14:30:00Z,26.49,26.49,25.11,25.44
2026-02-24T14:35:00Z,25.47,26.46,25.38,26.28
2026-02-24T14:40:00Z,26.16,26.25,25.77,25.995
2026-02-24T14:45:00Z,25.86,25.89,25.35,25.755
2026-02-24T14:50:00Z,25.53,25.65,25.23,25.23
2026-02-24T14:55:00Z,25.29,25.53,25.29,25.53
2026-02-24T15:00:00Z,25.35,25.35,24.84,24.84
2026-02-24T15:05:00Z,24.87,25.08,24.75,25.08
2026-02-24T15:10:00Z,25.47,26.25,25.47,26.19
2026-02-24T15:15:00Z,26.13,26.43,26.07,26.43
2026-02-24T15:20:00Z,26.4,26.94,26.4,26.94
2026-02-24T15:25:00Z,26.88,27.06,26.82,27.06
2026-02-24T15:30:00Z,27.09,27.12,26.91,26.91
2026-02-24T15:35:00Z,26.94,26.97,26.73,26.76
2026-02-24T15:40:00Z,26.76,26.94,26.76,26.91
2026-02-24T15:45:00Z,26.76,26.82,26.67,26.82
2026-02-24T15:50:00Z,26.91,27.09,26.85,27.09
2026-02-24T15:55:00Z,27.06,27.06,26.85,26.85
2026-02-24T16:00:00Z,26.85,27.21,26.82,27.21
2026-02-24T16:05:00Z,27.15,27.18,26.88,26.91
2026-02-24T16:10:00Z,26.94,27,26.91,27
2026-02-24T16:15:00Z,27.015,27.015,26.913,26.913
2026-02-24T16:20:00Z,27,27.3,27,27.27
2026-02-24T16:25:00Z,27.24,27.51,27.18,27.51
2026-02-24T16:30:00Z,27.51,27.51,27.3,27.3
2026-02-24T16:35:00Z,27.39,27.51,27.36,27.51
2026-02-24T16:40:00Z,27.57,27.57,27.54,27.54
2026-02-24T16:45:00Z,27.48,27.63,27.48,27.483
2026-02-24T16:50:00Z,27.57,27.69,27.51,27.63
2026-02-24T16:55:00Z,27.63,27.75,27.6,27.75
2026-02-24T17:00:00Z,27.735,27.87,27.735,27.84
2026-02-24T17:05:00Z,27.87,27.87,27.84,27.84
2026-02-24T17:10:00Z,27.87,27.93,27.84,27.9
2026-02-24T17:15:00Z,27.81,27.84,27.72,27.84
2026-02-24T17:20:00Z,27.84,27.96,27.84,27.93
2026-02-24T17:25:00Z,27.93,28.05,27.93,28.05
2026-02-24T17:30:00Z,28.05,28.23,28.05,28.2
2026-02-24T17:35:00Z,28.2,28.227,28.17,28.17
2026-02-24T17:40:00Z,28.11,28.2,28.11,28.2
2026-02-24T17:45:00Z,28.11,28.14,28.11,28.14
2026-02-24T17:50:00Z,28.26,28.35,28.26,28.29
2026-02-24T17:55:00Z,28.26,28.29,28.26,28.287
2026-02-24T18:00:00Z,28.32,28.38,28.32,28.38
2026-02-24T18:05:00Z,28.29,28.35,28.29,28.29
2026-02-24T18:10:00Z,28.23,28.23,28.23,28.23
2026-02-24T18:15:00Z,28.245,28.245,28.05,28.05
2026-02-24T18:20:00Z,28.14,28.14,28.14,28.14
2026-02-24T18:30:00Z,28.2,28.29,28.2,28.23
2026-02-24T18:35:00Z,28.26,28.38,28.26,28.305
2026-02-24T18:40:00Z,28.35,28.68,28.35,28.65
2026-02-24T18:45:00Z,28.62,28.77,28.59,28.77
2026-02-24T18:50:00Z,28.8,28.8,28.65,28.74
2026-02-24T18:55:00Z,28.74,28.89,28.74,28.83
2026-02-24T19:00:00Z,28.8,29.07,28.8,29.07
2026-02-24T19:05:00Z,29.01,29.01,28.74,28.74
2026-02-24T19:10:00Z,28.53,28.56,28.53,28.56
2026-02-24T19:15:00Z,28.533,28.71,28.533,28.68
2026-02-24T19:25:00Z,28.59,28.74,28.59,28.71
2026-02-24T19:30:00Z,28.65,28.74,28.56,28.56
2026-02-24T19:35:00Z,28.53,28.59,28.5,28.59
2026-02-24T19:45:00Z,28.59,28.59,28.56,28.56
2026-02-24T19:50:00Z,28.5,28.59,28.35,28.35
2026-02-24T19:55:00Z,28.17,28.23,28.14,28.23
2026-02-24T20:00:00Z,28.2,28.2,28.2,28.2
2026-02-24T20:05:00Z,28.29,28.29,28.29,28.29
2026-02-24T20:10:00Z,28.29,28.29,28.17,28.17
2026-02-24T20:15:00Z,28.14,28.14,28.11,28.11
2026-02-24T20:20:00Z,28.11,28.11,28.11,28.11
2026-02-24T20:25:00Z,28.05,28.05,28.05,28.05
2026-02-24T20:30:00Z,28.17,28.23,28.17,28.23
2026-02-24T20:35:00Z,28.23,28.23,28.2,28.2
2026-02-24T20:40:00Z,28.17,28.17,28.11,28.11
2026-02-24T20:45:00Z,28.2,28.26,28.17,28.26
2026-02-24T20:50:00Z,28.23,28.32,28.23,28.32
2026-02-24T20:55:00Z,28.29,28.44,28.29,28.41
2026-02-25T14:30:00Z,28.38,29.28,28.38,28.77
2026-02-25T14:35:00Z,28.89,29.4,28.89,29.4
2026-02-25T14:40:00Z,29.31,29.91,29.31,29.91
2026-02-25T14:45:00Z,29.88,30.99,29.88,30.96
2026-02-25T14:50:00Z,30.84,31.47,30.69,31.29
2026-02-25T14:55:00Z,31.32,31.95,31.32,31.77
2026-02-25T15:00:00Z,31.71,32.4,31.71,32.31
2026-02-25T15:05:00Z,32.28,32.49,31.95,31.95
2026-02-25T15:10:00Z,32.04,32.07,31.8,31.95
2026-02-25T15:15:00Z,31.893,32.04,31.8,31.83
2026-02-25T15:20:00Z,31.8,32.19,31.8,32.19
2026-02-25T15:25:00Z,32.25,32.7,32.1,32.7
2026-02-25T15:30:00Z,32.25,32.88,32.25,32.79
2026-02-25T15:35:00Z,32.82,33.21,32.7,33
2026-02-25T15:40:00Z,33,33.36,32.97,33
2026-02-25T15:45:00Z,33,33.06,32.67,32.76
2026-02-25T15:50:00Z,32.79,32.91,32.55,32.85
2026-02-25T15:55:00Z,32.88,33.15,32.82,33.09
2026-02-25T16:00:00Z,33,33,32.25,32.25
2026-02-25T16:05:00Z,32.19,32.55,32.19,32.55
2026-02-25T16:10:00Z,32.37,32.49,32.25,32.49
2026-02-25T16:15:00Z,32.49,32.49,32.16,32.25
2026-02-25T16:20:00Z,32.22,32.34,32.16,32.31
2026-02-25T16:25:00Z,32.31,32.31,32.1,32.19
2026-02-25T16:30:00Z,32.22,32.52,32.22,32.46
2026-02-25T16:35:00Z,32.55,32.55,32.31,32.4
2026-02-25T16:40:00Z,32.37,32.7,32.34,32.7
2026-02-25T16:45:00Z,32.73,32.76,32.625,32.76
2026-02-25T16:50:00Z,32.67,32.94,32.67,32.88
2026-02-25T16:55:00Z,32.82,32.82,32.763,32.79
2026-02-25T17:00:00Z,32.85,32.88,32.805,32.85
2026-02-25T17:05:00Z,32.94,32.97,32.7,32.7
2026-02-25T17:10:00Z,32.7,32.7,32.7,32.7
2026-02-25T17:15:00Z,32.7,32.73,32.643,32.643
2026-02-25T17:20:00Z,32.76,32.76,32.64,32.7
2026-02-25T17:25:00Z,32.67,32.67,32.67,32.67
2026-02-25T17:30:00Z,32.7,32.76,32.7,32.76
2026-02-25T17:35:00Z,32.85,33.12,32.85,33.12
2026-02-25T17:40:00Z,33.03,33.12,33,33.12
2026-02-25T17:45:00Z,33.06,33.12,33.06,33.12
2026-02-25T17:50:00Z,32.94,32.94,32.823,32.91
2026-02-25T17:55:00Z,32.76,32.76,32.673,32.673
2026-02-25T18:00:00Z,32.91,32.97,32.91,32.97
2026-02-25T18:05:00Z,33,33.06,32.94,33
2026-02-25T18:10:00Z,33.09,33.09,33,33
2026-02-25T18:15:00Z,32.97,32.97,32.97,32.97
2026-02-25T18:20:00Z,32.94,33.09,32.94,33
2026-02-25T18:25:00Z,33.09,33.09,33.03,33.03
2026-02-25T18:30:00Z,32.94,32.94,32.91,32.91
2026-02-25T18:40:00Z,33,33.03,32.97,33.03
2026-02-25T18:45:00Z,33,33,33,33
2026-02-25T18:50:00Z,32.91,32.91,32.88,32.88
2026-02-25T18:55:00Z,32.883,32.883,32.883,32.883
2026-02-25T19:00:00Z,32.91,32.91,32.91,32.91
2026-02-25T19:05:00Z,33,33,33,33
2026-02-25T19:10:00Z,32.88,32.94,32.88,32.94
2026-02-25T19:15:00Z,32.88,32.88,32.88,32.88
2026-02-25T19:20:00Z,33,33,32.97,33
2026-02-25T19:25:00Z,33.06,33.06,33.06,33.06
2026-02-25T19:30:00Z,33,33,32.97,32.97
2026-02-25T19:35:00Z,32.88,32.91,32.88,32.91
2026-02-25T19:45:00Z,32.76,32.76,32.76,32.76
2026-02-25T19:50:00Z,32.79,32.88,32.79,32.88
2026-02-25T19:55:00Z,33,33,32.94,32.94
2026-02-25T20:00:00Z,33,33.03,33,33.03
2026-02-25T20:05:00Z,32.88,32.94,32.88,32.94
2026-02-25T20:10:00Z,32.85,32.85,32.85,32.85
2026-02-25T20:15:00Z,32.97,32.97,32.91,32.91
2026-02-25T20:20:00Z,32.85,32.85,32.34,32.34
2026-02-25T20:25:00Z,32.34,32.43,32.34,32.37
2026-02-25T20:30:00Z,32.4,32.4,32.37,32.37
2026-02-25T20:35:00Z,32.37,32.46,32.37,32.46
2026-02-25T20:40:00Z,32.4,32.43,32.25,32.28
2026-02-25T20:45:00Z,32.31,32.31,32.22,32.22
2026-02-25T20:50:00Z,32.19,32.4,32.13,32.4
2026-02-25T20:55:00Z,32.43,32.58,32.43,32.58
2026-02-26T14:30:00Z,32.37,33.36,32.01,32.79
2026-02-26T14:35:00Z,32.94,33.3,32.61,33.3
2026-02-26T14:40:00Z,33.27,34.35,33.27,33.63
2026-02-26T14:45:00Z,33.51,34.05,33.12,33.9
2026-02-26T14:50:00Z,34.05,34.917,34.05,34.8
2026-02-26T14:55:00Z,34.755,35.52,34.755,34.89
2026-02-26T15:00:00Z,34.92,35.4,34.5,35.28
2026-02-26T15:05:00Z,35.295,35.76,35.04,35.04
2026-02-26T15:10:00Z,35.04,35.16,34.65,34.68
2026-02-26T15:15:00Z,34.71,34.71,33.84,33.87
2026-02-26T15:20:00Z,33.84,34.26,33.81,34.23
2026-02-26T15:25:00Z,34.23,34.41,33.9,34.17
2026-02-26T15:30:00Z,33.84,33.84,33.45,33.54
2026-02-26T15:35:00Z,33.75,34.65,33.75,34.65
2026-02-26T15:40:00Z,34.68,34.89,34.35,34.35
2026-02-26T15:45:00Z,34.35,34.71,34.26,34.59
2026-02-26T15:50:00Z,34.53,34.77,34.47,34.74
2026-02-26T15:55:00Z,34.65,35.22,34.65,34.92
2026-02-26T16:00:00Z,34.92,34.92,34.74,34.8
2026-02-26T16:05:00Z,34.83,34.83,34.44,34.56
2026-02-26T16:10:00Z,34.8,34.83,34.56,34.56
2026-02-26T16:15:00Z,34.8,35.46,34.8,35.25
2026-02-26T16:20:00Z,35.19,35.25,34.92,34.92
2026-02-26T16:25:00Z,34.92,34.95,34.77,34.77
2026-02-26T16:30:00Z,34.89,35.01,34.89,35.01
2026-02-26T16:35:00Z,35.1,35.25,34.83,35.25
2026-02-26T16:40:00Z,35.1,35.19,34.92,34.92
2026-02-26T16:45:00Z,34.995,34.995,34.89,34.965
2026-02-26T16:50:00Z,34.83,34.95,34.8,34.8
2026-02-26T16:55:00Z,34.695,34.71,34.5,34.5
2026-02-26T17:00:00Z,34.59,34.695,34.59,34.68
2026-02-26T17:05:00Z,34.8,34.95,34.77,34.77
2026-02-26T17:10:00Z,34.74,34.74,34.74,34.74
2026-02-26T17:15:00Z,34.65,34.725,34.41,34.41
2026-02-26T17:20:00Z,34.38,34.47,34.35,34.47
2026-02-26T17:25:00Z,34.44,34.44,34.29,34.29
2026-02-26T17:30:00Z,34.2,34.32,34.17,34.32
2026-02-26T17:40:00Z,34.2,34.2,34.14,34.17
2026-02-26T17:45:00Z,34.35,34.56,34.35,34.56
2026-02-26T17:50:00Z,34.8,34.95,34.8,34.83
2026-02-26T17:55:00Z,34.77,34.77,34.77,34.77
2026-02-26T18:00:00Z,34.71,34.8,34.71,34.8
2026-02-26T18:05:00Z,34.383,34.383,34.383,34.383
2026-02-26T18:10:00Z,34.17,34.17,34.11,34.11
2026-02-26T18:15:00Z,34.05,34.05,33.99,33.99
2026-02-26T18:20:00Z,34.26,34.26,34.2,34.2
2026-02-26T18:25:00Z,34.29,34.29,34.29,34.29
2026-02-26T18:30:00Z,34.32,34.65,34.32,34.65
2026-02-26T18:35:00Z,34.62,34.86,34.62,34.71
2026-02-26T18:40:00Z,34.68,34.68,34.44,34.44
2026-02-26T18:45:00Z,34.56,34.65,34.56,34.59
2026-02-26T18:50:00Z,34.71,34.755,34.65,34.665
2026-02-26T18:55:00Z,34.68,34.83,34.68,34.71
2026-02-26T19:00:00Z,34.89,34.89,34.89,34.89
2026-02-26T19:05:00Z,35.04,35.25,35.04,35.04
2026-02-26T19:10:00Z,35.22,35.28,35.22,35.28
2026-02-26T19:15:00Z,35.31,35.76,35.31,35.61
2026-02-26T19:20:00Z,35.82,36.03,35.82,36
2026-02-26T19:25:00Z,36,36,35.55,35.55
2026-02-26T19:30:00Z,35.64,35.88,35.64,35.88
2026-02-26T19:35:00Z,36,36.27,35.79,35.79
2026-02-26T19:40:00Z,35.64,35.73,35.64,35.73
2026-02-26T19:45:00Z,35.73,35.73,35.73,35.73
2026-02-26T19:50:00Z,35.76,36.09,35.733,36.03
2026-02-26T19:55:00Z,36.06,36.18,35.76,35.76
2026-02-26T20:00:00Z,35.79,36,35.79,35.94
2026-02-26T20:05:00Z,35.733,35.733,35.4,35.4
2026-02-26T20:10:00Z,35.55,35.58,35.55,35.55
2026-02-26T20:15:00Z,35.52,35.64,35.52,35.64
2026-02-26T20:20:00Z,35.64,35.64,35.61,35.61
2026-02-26T20:25:00Z,35.7,35.73,35.64,35.7
2026-02-26T20:30:00Z,35.61,36,35.61,35.97
2026-02-26T20:35:00Z,35.94,35.94,35.91,35.94
2026-02-26T20:40:00Z,35.91,35.91,35.715,35.715
2026-02-26T20:45:00Z,35.67,35.73,35.67,35.7
2026-02-26T20:50:00Z,35.7,36,35.64,36
2026-02-26T20:55:00Z,36.03,36.15,36.03,36.15
2026-02-27T14:30:00Z,34.065,35.67,34.02,35.19
2026-02-27T14:35:00Z,34.98,35.67,34.65,34.92
2026-02-27T14:40:00Z,34.59,35.01,34.17,34.68
2026-02-27T14:45:00Z,34.59,35.61,34.41,35.55
2026-02-27T14:50:00Z,35.49,35.7,34.89,34.92
2026-02-27T14:55:00Z,34.83,35.16,34.8,35.16
2026-02-27T15:00:00Z,35.22,35.7,35.145,35.7
2026-02-27T15:05:00Z,35.73,35.85,35.49,35.85
2026-02-27T15:10:00Z,35.79,36.54,35.79,36.42
2026-02-27T15:15:00Z,36.36,36.36,35.85,36
2026-02-27T15:20:00Z,36.03,36.21,35.94,35.97
2026-02-27T15:25:00Z,35.73,35.85,35.61,35.85
2026-02-27T15:30:00Z,35.73,35.73,35.445,35.595
2026-02-27T15:35:00Z,35.55,35.76,35.55,35.58
2026-02-27T15:40:00Z,35.55,35.7,35.37,35.7
2026-02-27T15:45:00Z,35.43,35.52,35.13,35.16
2026-02-27T15:50:00Z,35.04,35.07,34.95,35.01
2026-02-27T15:55:00Z,35.01,35.013,34.68,34.77
2026-02-27T16:00:00Z,34.545,34.62,34.2,34.44
2026-02-27T16:05:00Z,34.44,34.5,33.78,33.78
2026-02-27T16:10:00Z,33.99,34.26,33.63,34.26
2026-02-27T16:15:00Z,34.23,34.26,34.05,34.05
2026-02-27T16:20:00Z,33.81,33.81,33.6,33.72
2026-02-27T16:25:00Z,33.78,33.9,33.69,33.84
2026-02-27T16:30:00Z,33.93,33.93,33.81,33.84
2026-02-27T16:35:00Z,33.87,33.9,33.72,33.72
2026-02-27T16:40:00Z,33.66,33.66,33.45,33.45
2026-02-27T16:45:00Z,33.51,33.72,33.51,33.69
2026-02-27T16:50:00Z,33.75,33.87,33.75,33.75
2026-02-27T16:55:00Z,34.26,34.26,34.11,34.17
2026-02-27T17:00:00Z,34.2,34.2,34.08,34.08
2026-02-27T17:05:00Z,34.05,34.05,34.02,34.05
2026-02-27T17:10:00Z,34.02,34.11,33.93,33.93
2026-02-27T17:15:00Z,33.84,33.87,33.84,33.87
2026-02-27T17:20:00Z,33.75,33.9,33.6,33.6
2026-02-27T17:25:00Z,33.66,34.08,33.63,34.08
2026-02-27T17:30:00Z,34.23,34.32,34.14,34.32
2026-02-27T17:35:00Z,34.41,34.41,34.41,34.41
2026-02-27T17:40:00Z,34.26,34.26,33.9,33.9
2026-02-27T17:45:00Z,33.96,34.2,33.96,34.2
2026-02-27T17:50:00Z,34.14,34.14,34.08,34.08
2026-02-27T17:55:00Z,34.08,34.08,34.08,34.08
2026-02-27T18:00:00Z,34.08,34.08,34.08,34.08
2026-02-27T18:05:00Z,34.14,34.17,34.14,34.17
2026-02-27T18:10:00Z,34.05,34.05,33.9,33.9
2026-02-27T18:15:00Z,33.9,33.93,33.9,33.93
2026-02-27T18:20:00Z,33.72,33.75,33.72,33.72
2026-02-27T18:25:00Z,33.663,33.87,33.66,33.87
2026-02-27T18:30:00Z,33.84,33.87,33.78,33.795
2026-02-27T18:35:00Z,33.81,33.81,33.75,33.78
2026-02-27T18:40:00Z,33.78,33.84,33.72,33.72
2026-02-27T18:45:00Z,33.72,33.75,33.57,33.57
2026-02-27T18:50:00Z,33.6,33.6,33.6,33.6
2026-02-27T18:55:00Z,33.42,33.51,33.39,33.51
2026-02-27T19:00:00Z,33.6,33.63,33.6,33.63
2026-02-27T19:05:00Z,33.81,33.81,33.765,33.765
2026-02-27T19:10:00Z,33.6,33.63,33.45,33.48
2026-02-27T19:15:00Z,33.54,33.54,33.54,33.54
2026-02-27T19:20:00Z,33.51,33.51,33.45,33.45
2026-02-27T19:25:00Z,33.6,33.63,33.6,33.6
2026-02-27T19:40:00Z,33.36,33.39,33.21,33.21
2026-02-27T19:45:00Z,33.27,33.3,33.27,33.3
2026-02-27T19:55:00Z,33.48,33.48,33.48,33.48
2026-02-27T20:00:00Z,33.45,33.45,33.45,33.45
2026-02-27T20:05:00Z,33.36,33.36,33.36,33.36
2026-02-27T20:10:00Z,33.66,33.66,33.66,33.66
2026-02-27T20:15:00Z,33.84,33.87,33.84,33.87
2026-02-27T20:20:00Z,33.84,33.84,33.84,33.84
2026-02-27T20:25:00Z,33.93,33.93,33.93,33.93
2026-02-27T20:30:00Z,33.81,33.81,33.78,33.78
2026-02-27T20:35:00Z,33.78,33.78,33.57,33.57
2026-02-27T20:40:00Z,33.63,33.69,33.63,33.69
2026-02-27T20:45:00Z,33.81,33.93,33.81,33.93
2026-02-27T20:50:00Z,33.96,34.08,33.96,34.05
2026-02-27T20:55:00Z,34.05,34.59,34.05,34.59
2026-03-02T14:30:00Z,31.65,32.94,30.75,32.85
2026-03-02T14:35:00Z,32.94,33.6,32.91,33.09
2026-03-02T14:40:00Z,33.06,33.72,33.06,33.69
2026-03-02T14:45:00Z,33.57,33.81,33.315,33.48
2026-03-02T14:50:00Z,33.3,33.36,32.91,33.06
2026-03-02T14:55:00Z,33.21,33.6,33.21,33.6
2026-03-02T15:00:00Z,33.465,33.9,33.21,33.6
2026-03-02T15:05:00Z,33.6,33.6,33,33.12
2026-03-02T15:10:00Z,33.39,33.42,33.24,33.24
2026-03-02T15:15:00Z,33.42,33.81,33.42,33.51
2026-03-02T15:20:00Z,33.48,34.2,33.45,34.08
2026-03-02T15:25:00Z,34.02,34.17,33.57,33.57
2026-03-02T15:30:00Z,33.57,33.72,33.42,33.42
2026-03-02T15:35:00Z,33.6,33.69,33.45,33.66
2026-03-02T15:40:00Z,33.6,34.2,33.6,34.2
2026-03-02T15:45:00Z,34.11,34.2,34.08,34.2
2026-03-02T15:50:00Z,34.14,34.41,34.14,34.275
2026-03-02T15:55:00Z,34.23,34.56,34.23,34.56
2026-03-02T16:00:00Z,34.32,34.32,34.08,34.26
2026-03-02T16:05:00Z,34.2,34.32,34.14,34.32
2026-03-02T16:10:00Z,34.35,34.35,34.14,34.17
2026-03-02T16:15:00Z,34.11,34.2,33.96,33.96
2026-03-02T16:20:00Z,33.75,33.75,33.69,33.69
2026-03-02T16:25:00Z,33.69,33.69,33.18,33.18
2026-03-02T16:30:00Z,33.21,33.36,33.15,33.27
2026-03-02T16:35:00Z,33.51,33.84,33.51,33.84
2026-03-02T16:40:00Z,33.84,34.02,33.81,33.99
2026-03-02T16:45:00Z,33.96,33.96,33.84,33.9
2026-03-02T16:50:00Z,33.96,34.02,33.96,34.02
2026-03-02T16:55:00Z,34.08,34.23,34.08,34.17
2026-03-02T17:00:00Z,34.11,34.17,34.11,34.17
2026-03-02T17:05:00Z,34.11,34.23,34.11,34.23
2026-03-02T17:10:00Z,34.29,34.44,34.26,34.29
2026-03-02T17:15:00Z,34.17,34.17,34.05,34.05
2026-03-02T17:20:00Z,33.99,33.99,33.99,33.99
2026-03-02T17:25:00Z,33.96,33.96,33.6,33.6
2026-03-02T17:35:00Z,33.87,33.87,33.84,33.84
2026-03-02T17:40:00Z,33.99,33.99,33.99,33.99
2026-03-02T17:45:00Z,34.02,34.11,34.02,34.11
2026-03-02T17:50:00Z,34.56,34.56,34.56,34.56
2026-03-02T17:55:00Z,34.53,34.59,34.41,34.59
2026-03-02T18:00:00Z,34.65,34.71,34.56,34.62
2026-03-02T18:05:00Z,34.53,34.53,34.53,34.53
2026-03-02T18:10:00Z,34.23,34.26,34.2,34.26
2026-03-02T18:15:00Z,34.14,34.14,33.96,33.96
2026-03-02T18:20:00Z,33.96,33.99,33.96,33.99
2026-03-02T18:25:00Z,34.05,34.08,34.02,34.08
2026-03-02T18:30:00Z,34.17,34.2,34.17,34.2
2026-03-02T18:35:00Z,34.095,34.095,34.02,34.02
2026-03-02T18:40:00Z,34.02,34.17,33.99,34.17
2026-03-02T18:45:00Z,34.02,34.02,34.02,34.02
2026-03-02T18:50:00Z,33.96,33.96,33.9,33.93
2026-03-02T18:55:00Z,33.93,34.05,33.87,33.99
2026-03-02T19:00:00Z,34.02,34.11,34.02,34.11
2026-03-02T19:05:00Z,34.05,34.05,34.05,34.05
2026-03-02T19:10:00Z,34.2,34.2,34.14,34.14
2026-03-02T19:15:00Z,34.275,34.275,34.275,34.275
2026-03-02T19:25:00Z,34.32,34.41,34.32,34.41
2026-03-02T19:30:00Z,34.23,34.26,34.2,34.2
2026-03-02T19:40:00Z,34.26,34.26,34.14,34.14
2026-03-02T19:45:00Z,34.35,34.35,34.35,34.35
2026-03-02T19:50:00Z,34.32,34.41,34.32,34.41
2026-03-02T19:55:00Z,34.26,34.26,34.2,34.2
2026-03-02T20:00:00Z,34.275,34.38,34.14,34.14
2026-03-02T20:05:00Z,34.14,34.2,33.81,33.81
2026-03-02T20:10:00Z,33.81,33.9,33.75,33.9
2026-03-02T20:15:00Z,33.87,34.02,33.75,34.02
2026-03-02T20:20:00Z,33.99,33.99,33.99,33.99
2026-03-02T20:25:00Z,33.81,33.81,33.75,33.75
2026-03-02T20:30:00Z,33.84,33.84,33.84,33.84
2026-03-02T20:40:00Z,33.6,33.6,33.51,33.51
2026-03-02T20:45:00Z,33.9,33.9,33.9,33.9
2026-03-02T20:50:00Z,34.08,34.2,34.08,34.2
2026-03-02T20:55:00Z,34.29,34.29,34.08,34.08
2026-03-03T14:30:00Z,31.32,32.04,31.11,31.47
2026-03-03T14:35:00Z,31.47,31.5,30.99,31.29
2026-03-03T14:40:00Z,31.11,31.98,30.72,31.8
2026-03-03T14:45:00Z,31.77,32.46,31.5,31.71
2026-03-03T14:50:00Z,31.77,31.95,31.62,31.62
2026-03-03T14:55:00Z,31.53,32.43,31.413,31.8
2026-03-03T15:00:00Z,31.65,32.04,31.41,31.41
2026-03-03T15:05:00Z,31.53,31.71,31.35,31.71
2026-03-03T15:10:00Z,31.56,31.74,31.17,31.35
2026-03-03T15:15:00Z,31.26,31.38,30.78,30.78
2026-03-03T15:20:00Z,30.81,30.84,30.285,30.36
2026-03-03T15:25:00Z,30.24,30.36,29.97,30.12
2026-03-03T15:30:00Z,30.15,30.96,30.15,30.84
2026-03-03T15:35:00Z,31.05,31.647,31.05,31.647
2026-03-03T15:40:00Z,31.56,31.83,31.29,31.32
2026-03-03T15:45:00Z,31.473,31.8,31.473,31.68
2026-03-03T15:50:00Z,31.8,31.95,31.5,31.5
2026-03-03T15:55:00Z,31.5,31.74,31.5,31.74
2026-03-03T16:00:00Z,31.62,31.86,31.62,31.86
2026-03-03T16:05:00Z,31.98,32.4,31.95,32.4
2026-03-03T16:10:00Z,32.37,32.49,32.22,32.28
2026-03-03T16:15:00Z,32.34,32.58,32.28,32.55
2026-03-03T16:20:00Z,32.505,33.15,32.505,33.15
2026-03-03T16:25:00Z,33.24,33.48,33.24,33.24
2026-03-03T16:30:00Z,33.12,33.3,33.12,33.3
2026-03-03T16:35:00Z,33.27,33.54,33.27,33.54
2026-03-03T16:40:00Z,33.45,33.78,33.45,33.78
2026-03-03T16:45:00Z,33.84,33.96,33.72,33.87
2026-03-03T16:50:00Z,33.99,34.08,33.9,34.08
2026-03-03T16:55:00Z,33.78,33.81,33.57,33.57
2026-03-03T17:00:00Z,33.69,33.75,33.57,33.75
2026-03-03T17:05:00Z,33.9,33.99,33.81,33.93
2026-03-03T17:10:00Z,34.08,34.2,34.02,34.02
2026-03-03T17:15:00Z,33.93,34.11,33.855,34.11
2026-03-03T17:20:00Z,34.08,34.23,34.08,34.23
2026-03-03T17:25:00Z,34.32,34.56,34.32,34.56
2026-03-03T17:30:00Z,34.5,34.5,34.44,34.44
2026-03-03T17:35:00Z,34.32,34.32,34.32,34.32
2026-03-03T17:40:00Z,34.32,34.44,34.32,34.44
2026-03-03T17:45:00Z,34.74,34.8,34.68,34.68
2026-03-03T17:50:00Z,34.74,34.74,34.62,34.62
2026-03-03T17:55:00Z,34.71,34.86,34.68,34.86
2026-03-03T18:00:00Z,34.95,35.4,34.95,35.19
2026-03-03T18:05:00Z,35.055,35.235,35.055,35.1
2026-03-03T18:10:00Z,35.13,35.13,34.86,35.01
2026-03-03T18:15:00Z,34.98,35.22,34.98,35.22
2026-03-03T18:20:00Z,35.37,35.64,35.37,35.64
2026-03-03T18:25:00Z,35.58,35.7,35.58,35.7
2026-03-03T18:30:00Z,35.64,35.76,35.61,35.76
2026-03-03T18:35:00Z,35.79,35.79,35.73,35.73
2026-03-03T18:40:00Z,35.82,35.91,35.61,35.61
2026-03-03T18:45:00Z,35.55,35.55,35.46,35.46
2026-03-03T18:50:00Z,35.4,35.46,35.25,35.46
2026-03-03T18:55:00Z,35.55,35.76,35.49,35.76
2026-03-03T19:00:00Z,35.79,35.79,35.67,35.67
2026-03-03T19:05:00Z,35.4,35.4,35.13,35.13
2026-03-03T19:10:00Z,35.1,35.28,35.1,35.28
2026-03-03T19:15:00Z,35.7,35.7,35.7,35.7
2026-03-03T19:20:00Z,35.76,35.85,35.73,35.793
2026-03-03T19:25:00Z,35.58,35.58,35.58,35.58
2026-03-03T19:30:00Z,35.76,35.76,35.64,35.64
2026-03-03T19:35:00Z,35.55,35.82,35.52,35.64
2026-03-03T19:40:00Z,35.43,35.55,35.43,35.55
2026-03-03T19:45:00Z,35.49,35.49,35.49,35.49
2026-03-03T19:50:00Z,35.4,35.58,35.25,35.25
2026-03-03T19:55:00Z,35.37,35.43,35.34,35.34
2026-03-03T20:00:00Z,35.34,35.4,35.25,35.25
2026-03-03T20:05:00Z,35.16,35.43,35.16,35.43
2026-03-03T20:10:00Z,35.43,35.43,35.37,35.37
2026-03-03T20:15:00Z,34.8,34.83,34.8,34.83
2026-03-03T20:20:00Z,35.04,35.07,34.98,35.07
2026-03-03T20:25:00Z,34.89,34.95,34.89,34.92
2026-03-03T20:30:00Z,34.83,34.95,34.83,34.95
2026-03-03T20:35:00Z,34.98,34.98,34.83,34.83
2026-03-03T20:40:00Z,34.89,34.92,34.89,34.92
2026-03-03T20:45:00Z,35.07,35.07,35.07,35.07
2026-03-03T20:50:00Z,35.16,35.16,34.74,34.86
2026-03-03T20:55:00Z,34.935,35.16,34.89,35.16
2026-03-04T14:30:00Z,35.85,38.16,35.85,37.92
2026-03-04T14:35:00Z,38.19,38.715,38.04,38.43
2026-03-04T14:40:00Z,38.4,38.49,37.74,37.74
2026-03-04T14:45:00Z,37.77,38.16,37.47,37.53
2026-03-04T14:50:00Z,37.53,39.42,37.47,39.42
2026-03-04T14:55:00Z,39.42,39.48,39.27,39.39
2026-03-04T15:00:00Z,39.48,39.66,39.09,39.6
2026-03-04T15:05:00Z,39.72,40.08,39.42,40.05
2026-03-04T15:10:00Z,40.11,40.14,39.57,39.57
2026-03-04T15:15:00Z,39.66,40.44,39.645,40.44
2026-03-04T15:20:00Z,40.47,40.98,40.38,40.8
2026-03-04T15:25:00Z,40.833,41.4,40.74,41.4
2026-03-04T15:30:00Z,41.4,41.46,40.44,40.44
2026-03-04T15:35:00Z,40.44,40.71,40.335,40.71
2026-03-04T15:40:00Z,40.47,40.47,39.99,40.02
2026-03-04T15:45:00Z,39.96,39.96,39.63,39.69
2026-03-04T15:50:00Z,39.66,39.69,39.3,39.33
2026-03-04T15:55:00Z,39.39,39.51,39.3,39.42
2026-03-04T16:00:00Z,39.48,39.69,39.33,39.33
2026-03-04T16:05:00Z,39.3,39.3,38.82,38.82
2026-03-04T16:10:00Z,38.82,38.88,38.64,38.79
2026-03-04T16:15:00Z,38.85,38.85,38.52,38.58
2026-03-04T16:20:00Z,38.67,39.3,38.67,38.76
2026-03-04T16:25:00Z,38.67,38.97,38.67,38.88
2026-03-04T16:30:00Z,38.97,39.15,38.85,39.12
2026-03-04T16:35:00Z,39.315,39.36,39.09,39.36
2026-03-04T16:40:00Z,39.24,39.54,39.24,39.54
2026-03-04T16:45:00Z,39.51,39.75,39.45,39.75
2026-03-04T16:50:00Z,39.75,39.75,39.27,39.39
2026-03-04T16:55:00Z,39.45,39.6,39.45,39.54
2026-03-04T17:00:00Z,39.51,39.51,39.27,39.3
2026-03-04T17:05:00Z,39.48,39.48,39.45,39.45
2026-03-04T17:10:00Z,39.51,39.57,39.48,39.57
2026-03-04T17:15:00Z,39.63,39.63,39.6,39.6
2026-03-04T17:20:00Z,39.6,39.69,39.57,39.66
2026-03-04T17:25:00Z,39.75,39.75,39.75,39.75
2026-03-04T17:30:00Z,39.72,39.75,39.57,39.72
2026-03-04T17:35:00Z,39.69,39.9,39.69,39.9
2026-03-04T17:40:00Z,39.9,39.99,39.9,39.9
2026-03-04T17:45:00Z,39.99,40.08,39.99,40.05
2026-03-04T17:50:00Z,39.9,40.11,39.9,40.11
2026-03-04T17:55:00Z,40.2,40.2,40.2,40.2
2026-03-04T18:00:00Z,40.2,40.26,40.2,40.23
2026-03-04T18:05:00Z,40.5,40.5,40.44,40.44
2026-03-04T18:10:00Z,40.2,40.38,40.2,40.38
2026-03-04T18:15:00Z,40.38,40.53,40.38,40.53
2026-03-04T18:20:00Z,40.44,40.5,40.41,40.41
2026-03-04T18:25:00Z,40.5,40.5,40.23,40.23
2026-03-04T18:30:00Z,40.56,40.59,40.56,40.59
2026-03-04T18:35:00Z,40.62,40.62,40.62,40.62
2026-03-04T18:40:00Z,40.68,40.74,40.5,40.5
2026-03-04T18:45:00Z,40.32,40.35,39.99,39.99
2026-03-04T18:50:00Z,39.99,39.99,39.93,39.96
2026-03-04T18:55:00Z,40.11,40.11,40.11,40.11
2026-03-04T19:00:00Z,40.29,40.29,40.29,40.29
2026-03-04T19:05:00Z,40.47,40.5,40.38,40.5
2026-03-04T19:10:00Z,40.5,40.8,40.5,40.77
2026-03-04T19:15:00Z,40.77,40.95,40.77,40.95
2026-03-04T19:20:00Z,40.86,40.86,40.86,40.86
2026-03-04T19:25:00Z,40.77,40.86,40.44,40.44
2026-03-04T19:30:00Z,40.62,40.62,40.62,40.62
2026-03-04T19:35:00Z,40.92,40.92,40.92,40.92
2026-03-04T19:40:00Z,40.86,41.1,40.86,41.1
2026-03-04T19:45:00Z,41.1,41.22,41.04,41.22
2026-03-04T19:50:00Z,41.25,41.4,41.25,41.4
2026-03-04T19:55:00Z,41.31,41.7,41.28,41.7
2026-03-04T20:00:00Z,41.79,41.85,41.565,41.7
2026-03-04T20:05:00Z,41.76,41.76,41.34,41.4
2026-03-04T20:10:00Z,41.31,41.43,41.31,41.43
2026-03-04T20:15:00Z,41.52,41.61,41.34,41.37
2026-03-04T20:20:00Z,41.49,41.55,41.403,41.52
2026-03-04T20:25:00Z,41.46,41.64,41.46,41.61
2026-03-04T20:30:00Z,41.46,41.49,41.43,41.49
2026-03-04T20:35:00Z,41.34,41.55,41.34,41.55
2026-03-04T20:40:00Z,41.58,41.91,41.58,41.73
2026-03-04T20:45:00Z,41.67,41.94,41.67,41.94
2026-03-04T20:50:00Z,41.94,42.15,41.85,42.15
2026-03-04T20:55:00Z,42.15,42.45,42.06,42.06
2026-03-05T14:30:00Z,42.495,44.85,42.495,44.7
2026-03-05T14:35:00Z,44.91,45.915,44.79,45.54
2026-03-05T14:40:00Z,45.6,45.84,44.7,44.94
2026-03-05T14:45:00Z,45,45.51,44.7,45.18
2026-03-05T14:50:00Z,45.45,46.38,45.39,46.38
2026-03-05T14:55:00Z,46.5,46.77,46.2,46.41
2026-03-05T15:00:00Z,46.47,46.53,45.9,46.17
2026-03-05T15:05:00Z,46.26,46.65,45.84,46.35
2026-03-05T15:10:00Z,46.41,46.83,46.23,46.755
2026-03-05T15:15:00Z,46.83,47.1,45.945,46.5
2026-03-05T15:20:00Z,46.41,46.41,45.573,45.84
2026-03-05T15:25:00Z,45.51,46.41,45.51,45.96
2026-03-05T15:30:00Z,45.99,45.99,45.213,45.54
2026-03-05T15:35:00Z,45.42,45.885,45.42,45.84
2026-03-05T15:40:00Z,45.87,45.87,44.7,44.91
2026-03-05T15:45:00Z,45.33,45.42,44.835,44.835
2026-03-05T15:50:00Z,45.06,45.42,45.06,45.3
2026-03-05T15:55:00Z,45.09,45.36,45,45.36
2026-03-05T16:00:00Z,45.54,45.69,45.3,45.3
2026-03-05T16:05:00Z,45.36,45.36,44.22,44.25
2026-03-05T16:10:00Z,44.31,44.7,44.1,44.58
2026-03-05T16:15:00Z,44.37,44.37,43.98,44.04
2026-03-05T16:20:00Z,44.01,44.34,43.95,44.19
2026-03-05T16:25:00Z,44.28,44.31,43.8,43.98
2026-03-05T16:30:00Z,43.95,44.25,43.86,44.04
2026-03-05T16:35:00Z,44.07,44.07,43.653,43.86
2026-03-05T16:40:00Z,43.89,43.98,43.68,43.98
2026-03-05T16:45:00Z,44.025,44.49,43.95,43.98
2026-03-05T16:50:00Z,44.16,44.37,44.07,44.07
2026-03-05T16:55:00Z,44.13,44.31,43.92,44.31
2026-03-05T17:00:00Z,44.25,45.63,44.25,45.63
2026-03-05T17:05:00Z,45.84,45.9,45.18,45.18
2026-03-05T17:10:00Z,45,45.03,44.88,45.03
2026-03-05T17:15:00Z,45.03,45.03,44.61,44.61
2026-03-05T17:20:00Z,44.25,44.58,44.22,44.55
2026-03-05T17:25:00Z,44.67,44.88,44.58,44.67
2026-03-05T17:30:00Z,44.655,44.655,43.95,43.95
2026-03-05T17:35:00Z,43.86,44.52,43.86,44.52
2026-03-05T17:40:00Z,44.67,44.82,44.67,44.76
2026-03-05T17:45:00Z,44.73,45.06,44.7,45.06
2026-03-05T17:50:00Z,44.88,45.03,44.25,44.25
2026-03-05T17:55:00Z,44.1,44.13,43.89,44.055
2026-03-05T18:00:00Z,43.8,44.46,43.68,44.46
2026-03-05T18:05:00Z,44.25,44.46,44.25,44.28
2026-03-05T18:10:00Z,44.4,44.7,44.34,44.64
2026-03-05T18:15:00Z,44.73,44.73,44.28,44.37
2026-03-05T18:20:00Z,44.28,44.67,44.22,44.52
2026-03-05T18:25:00Z,44.49,44.49,43.77,43.77
2026-03-05T18:30:00Z,43.8,44.13,43.68,44.13
2026-03-05T18:35:00Z,44.25,44.46,44.16,44.37
2026-03-05T18:40:00Z,44.37,44.49,44.28,44.4
2026-03-05T18:45:00Z,44.34,44.46,44.13,44.4
2026-03-05T18:50:00Z,44.19,44.19,44.19,44.19
2026-03-05T18:55:00Z,44.04,44.43,44.04,44.4
2026-03-05T19:00:00Z,44.49,44.79,44.49,44.7
2026-03-05T19:05:00Z,44.85,44.91,44.73,44.79
2026-03-05T19:10:00Z,44.61,45.03,44.55,45
2026-03-05T19:15:00Z,44.94,45.21,44.715,45.03
2026-03-05T19:20:00Z,45.27,45.3,45,45
2026-03-05T19:25:00Z,44.97,44.97,44.64,44.88
2026-03-05T19:30:00Z,44.85,44.85,44.46,44.46
2026-03-05T19:35:00Z,44.61,44.76,44.55,44.76
2026-03-05T19:45:00Z,44.76,45.06,44.76,45.06
2026-03-05T19:50:00Z,45.15,45.24,45,45.09
2026-03-05T19:55:00Z,44.73,44.79,44.73,44.79
2026-03-05T20:00:00Z,44.85,45.21,44.82,45.21
2026-03-05T20:05:00Z,45.18,45.27,44.85,45.21
2026-03-05T20:10:00Z,45.24,45.6,45.24,45.6
2026-03-05T20:15:00Z,45.66,45.78,45.42,45.63
2026-03-05T20:20:00Z,45.69,45.81,45.6,45.81
2026-03-05T20:25:00Z,45.84,46.5,45.84,46.44
2026-03-05T20:30:00Z,46.32,46.32,45.87,46.29
2026-03-05T20:35:00Z,46.35,46.38,46.35,46.38
2026-03-05T20:40:00Z,46.2,46.2,46.02,46.02
2026-03-05T20:45:00Z,45.9,46.44,45.9,46.44
2026-03-05T20:50:00Z,46.5,46.53,46.41,46.5
2026-03-05T20:55:00Z,46.59,46.62,46.53,46.62
2026-03-06T14:30:00Z,46.155,46.29,43.8,44.52
2026-03-06T14:35:00Z,44.64,44.67,43.98,44.4
2026-03-06T14:40:00Z,44.31,44.52,43.89,44.1
2026-03-06T14:45:00Z,44.19,44.58,43.98,44.49
2026-03-06T14:50:00Z,44.97,45.57,44.7,45.06
2026-03-06T14:55:00Z,44.76,44.94,43.5,43.86
2026-03-06T15:00:00Z,43.8,44.16,43.47,44.1
2026-03-06T15:05:00Z,43.95,44.28,43.8,44.25
2026-03-06T15:10:00Z,44.28,45.6,44.28,45.6
2026-03-06T15:15:00Z,45.51,45.54,45.15,45.15
2026-03-06T15:20:00Z,45.21,45.3,45.12,45.3
2026-03-06T15:25:00Z,45.33,45.45,45.24,45.27
2026-03-06T15:30:00Z,45.51,46.05,45.51,45.66
2026-03-06T15:35:00Z,45.6,45.87,45.54,45.705
2026-03-06T15:40:00Z,45.57,45.75,45.21,45.33
2026-03-06T15:45:00Z,45.24,45.48,45.06,45.48
2026-03-06T15:50:00Z,45.57,45.57,44.79,45.3
2026-03-06T15:55:00Z,45.54,45.9,45.54,45.72
2026-03-06T16:00:00Z,45.93,46.05,45.75,45.75
2026-03-06T16:05:00Z,45.84,45.84,45.45,45.78
2026-03-06T16:10:00Z,45.84,45.84,44.91,44.925
2026-03-06T16:15:00Z,44.955,44.97,44.58,44.7
2026-03-06T16:20:00Z,44.58,44.82,44.52,44.82
2026-03-06T16:25:00Z,44.79,44.895,44.61,44.88
2026-03-06T16:30:00Z,44.88,45.06,44.64,44.64
2026-03-06T16:35:00Z,44.55,45.15,44.55,45.15
2026-03-06T16:40:00Z,45.03,45.03,44.85,44.97
2026-03-06T16:45:00Z,45.39,45.48,45.36,45.48
2026-03-06T16:50:00Z,45.42,45.42,45.27,45.27
2026-03-06T16:55:00Z,45,45.36,45,45.21
2026-03-06T17:00:00Z,45.42,45.75,45.42,45.75
2026-03-06T17:05:00Z,45.63,45.63,44.82,44.88
2026-03-06T17:10:00Z,44.91,44.97,44.76,44.97
2026-03-06T17:15:00Z,44.79,44.82,44.7,44.76
2026-03-06T17:20:00Z,44.7,44.7,43.95,44.4
2026-03-06T17:25:00Z,44.07,44.43,44.07,44.34
2026-03-06T17:30:00Z,44.28,44.34,44.28,44.34
2026-03-06T17:35:00Z,44.28,44.295,44.28,44.295
2026-03-06T17:40:00Z,44.31,44.31,43.92,43.92
2026-03-06T17:45:00Z,44.1,44.49,44.1,44.49
2026-03-06T17:50:00Z,44.34,44.34,44.34,44.34
2026-03-06T18:00:00Z,44.37,44.52,44.37,44.49
2026-03-06T18:05:00Z,44.487,44.487,44.22,44.31
2026-03-06T18:10:00Z,44.31,44.58,44.22,44.58
2026-03-06T18:15:00Z,44.64,44.82,44.64,44.82
2026-03-06T18:20:00Z,44.7,44.82,44.7,44.76
2026-03-06T18:25:00Z,44.88,44.88,44.7,44.7
2026-03-06T18:30:00Z,44.82,45,44.79,44.79
2026-03-06T18:35:00Z,44.7,44.7,44.4,44.61
2026-03-06T18:40:00Z,44.79,44.79,44.7,44.7
2026-03-06T18:45:00Z,45,45,44.97,44.97
2026-03-06T18:50:00Z,44.88,45.33,44.88,45.33
2026-03-06T18:55:00Z,44.985,45.18,44.94,45.03
2026-03-06T19:00:00Z,45.06,45.27,45,45.27
2026-03-06T19:05:00Z,45.495,45.75,45.39,45.39
2026-03-06T19:10:00Z,45.54,45.57,45.36,45.57
2026-03-06T19:15:00Z,45.69,45.78,45.48,45.48
2026-03-06T19:20:00Z,45.72,45.72,45.57,45.63
2026-03-06T19:25:00Z,45.66,45.66,45.57,45.6
2026-03-06T19:30:00Z,45.66,45.72,45.645,45.69
2026-03-06T19:35:00Z,45.69,45.72,45.543,45.72
2026-03-06T19:40:00Z,45.9,46.2,45.9,45.99
2026-03-06T19:45:00Z,46.05,46.2,45.873,46.2
2026-03-06T19:50:00Z,46.26,46.5,46.11,46.2
2026-03-06T19:55:00Z,46.26,46.65,46.26,46.65
2026-03-06T20:00:00Z,46.59,46.59,46.47,46.56
2026-03-06T20:05:00Z,46.23,46.23,46.02,46.02
2026-03-06T20:10:00Z,45.93,45.96,45.21,45.36
2026-03-06T20:15:00Z,45.27,45.42,44.94,45.03
2026-03-06T20:20:00Z,44.82,45.15,44.73,45.03
2026-03-06T20:25:00Z,44.91,44.91,44.79,44.85
2026-03-06T20:30:00Z,44.94,45.06,44.88,45.06
2026-03-06T20:35:00Z,45.03,45.03,44.91,45
2026-03-06T20:40:00Z,44.85,45.33,44.85,45.255
2026-03-06T20:45:00Z,45.3,45.54,45.27,45.36
2026-03-06T20:50:00Z,45.345,45.57,45.15,45.21
2026-03-06T20:55:00Z,45.12,45.51,45.06,45.42
2026-03-09T13:30:00Z,44.46,47.07,44.19,47.07
2026-03-09T13:35:00Z,47.19,47.55,46.86,47.22
2026-03-09T13:40:00Z,47.25,47.25,46.53,46.77
2026-03-09T13:45:00Z,46.53,47.19,46.5,47.19
2026-03-09T13:50:00Z,47.19,47.19,46.35,46.635
2026-03-09T13:55:00Z,46.41,46.89,46.32,46.74
2026-03-09T14:00:00Z,46.725,48.45,46.5,48.39
2026-03-09T14:05:00Z,48.39,48.6,47.49,47.82
2026-03-09T14:10:00Z,47.91,48,46.14,46.29
2026-03-09T14:15:00Z,46.29,46.53,45.96,46.38
2026-03-09T14:20:00Z,46.32,46.44,45.6,46.41
2026-03-09T14:25:00Z,46.53,46.86,45.45,45.78
2026-03-09T14:30:00Z,45.9,45.99,45.27,45.54
2026-03-09T14:35:00Z,45.42,45.9,45.36,45.9
2026-03-09T14:40:00Z,45.96,46.5,45.945,46.44
2026-03-09T14:45:00Z,46.59,46.71,46.53,46.53
2026-03-09T14:50:00Z,46.59,46.59,45.96,46.08
2026-03-09T14:55:00Z,46.05,46.08,45.69,46.02
2026-03-09T15:00:00Z,45.87,46.5,45.87,46.35
2026-03-09T15:05:00Z,46.32,46.32,45.63,45.63
2026-03-09T15:10:00Z,45.69,45.93,45.66,45.72
2026-03-09T15:15:00Z,45.93,46.05,45.72,45.72
2026-03-09T15:20:00Z,45.63,46.08,45.6,45.96
2026-03-09T15:25:00Z,46.35,46.59,46.32,46.35
2026-03-09T15:30:00Z,46.29,46.29,45.75,45.9
2026-03-09T15:35:00Z,45.54,45.87,45.45,45.75
2026-03-09T15:40:00Z,45.75,46.065,45.72,46.065
2026-03-09T15:45:00Z,46.08,46.23,46.02,46.08
2026-03-09T15:50:00Z,45.93,46.23,45.75,46.23
2026-03-09T15:55:00Z,45.96,45.96,45.96,45.96
2026-03-09T16:00:00Z,46.17,46.23,46.05,46.23
2026-03-09T16:05:00Z,46.14,46.23,46.14,46.23
2026-03-09T16:10:00Z,46.2,46.29,46.17,46.29
2026-03-09T16:15:00Z,46.2,46.2,46.08,46.08
2026-03-09T16:20:00Z,45.75,45.84,45.72,45.84
2026-03-09T16:25:00Z,45.93,46.17,45.87,45.9
2026-03-09T16:30:00Z,45.72,45.795,45.72,45.78
2026-03-09T16:35:00Z,45.78,45.795,45.51,45.78
2026-03-09T16:40:00Z,46.41,46.41,46.41,46.41
2026-03-09T16:45:00Z,46.41,46.5,46.35,46.35
2026-03-09T16:50:00Z,46.38,46.5,46.38,46.38
2026-03-09T16:55:00Z,46.56,46.59,46.32,46.32
2026-03-09T17:00:00Z,46.23,46.29,45.96,45.99
2026-03-09T17:05:00Z,46.29,46.29,46.17,46.2
2026-03-09T17:10:00Z,46.23,46.23,46.23,46.23
2026-03-09T17:15:00Z,46.14,46.14,45.9,45.9
2026-03-09T17:20:00Z,45.93,45.93,45.93,45.93
2026-03-09T17:25:00Z,46.065,46.14,46.065,46.14
2026-03-09T17:30:00Z,46.23,46.56,46.23,46.56
2026-03-09T17:35:00Z,46.47,46.47,46.41,46.41
2026-03-09T17:40:00Z,46.02,46.05,45.915,45.915
2026-03-09T17:45:00Z,46.26,46.44,46.26,46.44
2026-03-09T17:50:00Z,46.5,46.74,46.5,46.56
2026-03-09T18:00:00Z,46.8,46.8,46.62,46.62
2026-03-09T18:05:00Z,46.53,46.53,46.2,46.2
2026-03-09T18:10:00Z,46.35,46.455,46.2,46.455
2026-03-09T18:15:00Z,46.41,46.44,46.41,46.44
2026-03-09T18:20:00Z,46.41,46.53,46.38,46.53
2026-03-09T18:25:00Z,46.5,46.53,46.35,46.53
2026-03-09T18:30:00Z,46.71,46.83,46.59,46.83
2026-03-09T18:35:00Z,46.8,46.845,46.8,46.845
2026-03-09T18:40:00Z,46.8,46.905,46.8,46.8
2026-03-09T18:45:00Z,46.65,46.92,46.62,46.68
2026-03-09T18:50:00Z,46.68,46.68,46.68,46.68
2026-03-09T18:55:00Z,46.56,46.56,46.29,46.305
2026-03-09T19:00:00Z,46.11,46.17,45.96,46.17
2026-03-09T19:05:00Z,45.975,46.56,45.975,46.56
2026-03-09T19:10:00Z,46.65,46.74,46.65,46.65
2026-03-09T19:15:00Z,46.71,47.16,46.71,47.16
2026-03-09T19:20:00Z,47.4,47.64,47.37,47.43
2026-03-09T19:25:00Z,47.49,48.18,47.49,48.18
2026-03-09T19:30:00Z,48.3,48.36,48.06,48.3
2026-03-09T19:35:00Z,48.42,48.54,47.97,48.18
2026-03-09T19:40:00Z,48.03,48.12,47.76,47.88
2026-03-09T19:45:00Z,48.06,48.06,47.865,47.94
2026-03-09T19:50:00Z,48.15,48.165,48.15,48.165
2026-03-09T19:55:00Z,48.3,48.36,48.165,48.18
2026-03-10T13:30:00Z,47.25,47.67,46.91,47.31
2026-03-10T13:35:00Z,47.135,47.4,46.14,46.33
2026-03-10T13:40:00Z,46.3,47.01,46,46.9
2026-03-10T13:45:00Z,46.65,46.885,46.65,46.885
2026-03-10T13:50:00Z,46.45,46.45,45.98,45.98
2026-03-10T13:55:00Z,45.85,45.85,45.39,45.39
2026-03-10T14:00:00Z,45.35,45.52,44.78,45.4
2026-03-10T14:05:00Z,45.32,45.405,44.215,44.215
2026-03-10T14:10:00Z,44.1,44.1,43.82,43.87
2026-03-10T14:15:00Z,43.91,44,43.75,44
2026-03-10T14:20:00Z,43.84,44.01,43.74,43.965
2026-03-10T14:25:00Z,44.22,44.22,44,44.02
2026-03-10T14:30:00Z,43.99,44,43.5,43.64
2026-03-10T14:35:00Z,43.58,44.31,43.5,44.31
2026-03-10T14:40:00Z,44.4,44.4,44.22,44.22
2026-03-10T14:45:00Z,44,44.25,43.95,44.25
2026-03-10T14:50:00Z,44.215,44.315,44.05,44.22
2026-03-10T14:55:00Z,44.12,44.12,43.54,43.54
2026-03-10T15:00:00Z,43.69,43.82,43.56,43.56
2026-03-10T15:05:00Z,43.51,43.51,42.82,42.82
2026-03-10T15:10:00Z,43,43.22,42.72,42.76
2026-03-10T15:15:00Z,42.72,43.03,42.71,42.98
2026-03-10T15:20:00Z,42.91,42.91,42.4,42.4
2026-03-10T15:25:00Z,42.19,42.22,41.8,41.8
2026-03-10T15:30:00Z,41.735,41.885,41.47,41.47
2026-03-10T15:35:00Z,41.5,41.86,41.5,41.86
2026-03-10T15:40:00Z,41.7,41.7,41.1,41.14
2026-03-10T15:45:00Z,41.05,41.11,40.85,41
2026-03-10T15:50:00Z,41.24,41.27,41.1,41.1
2026-03-10T15:55:00Z,41,41.015,40.74,40.85
2026-03-10T16:00:00Z,40.8,40.86,40.6,40.6
2026-03-10T16:05:00Z,40.795,40.795,40.02,40.05
2026-03-10T16:10:00Z,40.65,40.79,40.65,40.79
2026-03-10T16:15:00Z,41.01,41.28,40.99,41.1
2026-03-10T16:20:00Z,41,41,40.8,40.8
2026-03-10T16:25:00Z,40.91,40.92,40.75,40.75
2026-03-10T16:30:00Z,40.85,40.96,40.77,40.96
2026-03-10T16:35:00Z,41.09,41.24,41.09,41.21
2026-03-10T16:40:00Z,41.05,41.32,41,41.13
2026-03-10T16:45:00Z,41.32,41.32,41,41
2026-03-10T16:50:00Z,40.85,40.85,40.2,40.2
2026-03-10T16:55:00Z,40.13,40.27,40.1,40.18
2026-03-10T17:00:00Z,40.12,40.42,40.1,40.18
2026-03-10T17:05:00Z,40.31,40.39,40.02,40.03
2026-03-10T17:10:00Z,40.29,40.29,39.97,40.075
2026-03-10T17:15:00Z,40.61,41,40.61,41
2026-03-10T17:20:00Z,40.94,41,40.86,41
2026-03-10T17:25:00Z,41.05,41.08,40.96,40.96
2026-03-10T17:30:00Z,41,41,41,41
2026-03-10T17:35:00Z,40.64,40.64,40.22,40.4
2026-03-10T17:40:00Z,40.67,40.67,40.62,40.62
2026-03-10T17:45:00Z,40.85,41,40.6,41
2026-03-10T17:50:00Z,41,41,40.81,40.88
2026-03-10T17:55:00Z,40.6,40.6,40.6,40.6
2026-03-10T18:00:00Z,41,41,41,41
2026-03-10T18:05:00Z,40.75,40.75,40.69,40.75
2026-03-10T18:10:00Z,41.15,41.17,40.45,40.45
2026-03-10T18:15:00Z,40.435,40.605,40.435,40.605
2026-03-10T18:20:00Z,40.36,40.49,40.17,40.49
2026-03-10T18:25:00Z,40.55,40.55,40.22,40.22
2026-03-10T18:30:00Z,40.05,40.31,39.945,40.28
2026-03-10T18:35:00Z,40.325,40.325,40.12,40.21
2026-03-10T18:40:00Z,40.24,40.31,40.105,40.31
2026-03-10T18:50:00Z,40.67,40.67,40.62,40.66
2026-03-10T18:55:00Z,40.6,40.6,40.6,40.6
2026-03-10T19:00:00Z,40.5,40.5,40.42,40.42
2026-03-10T19:05:00Z,40.3,40.46,40.3,40.32
2026-03-10T19:10:00Z,40.22,40.27,40.19,40.2
2026-03-10T19:15:00Z,40.69,40.69,40.69,40.69
2026-03-10T19:20:00Z,40.9,40.9,40.9,40.9
2026-03-10T19:25:00Z,40.75,40.89,40.63,40.89
2026-03-10T19:30:00Z,40.9,41.02,40.9,40.95
2026-03-10T19:35:00Z,40.8,41.115,40.8,41.115
2026-03-10T19:40:00Z,41.2,41.29,41.15,41.25
2026-03-10T19:45:00Z,41.37,41.76,41.31,41.31
2026-03-10T19:50:00Z,40.875,40.955,40.68,40.795
2026-03-10T19:55:00Z,40.7,40.7,40.54,40.63
2026-03-11T13:30:00Z,41.5,41.5,39.5,39.8
2026-03-11T13:35:00Z,39.72,40.59,39.72,40.37
2026-03-11T13:40:00Z,40.81,41.4,40.55,40.55
2026-03-11T13:45:00Z,40.4,40.76,40.24,40.385
2026-03-11T13:50:00Z,40.14,40.85,40.06,40.275
2026-03-11T13:55:00Z,40.18,40.5,39.9,40.5
2026-03-11T14:00:00Z,40.21,41,40.21,41
2026-03-11T14:05:00Z,41.06,41.06,39.8,39.93
2026-03-11T14:10:00Z,39.85,40.13,39.8,40.04
2026-03-11T14:15:00Z,40.08,40.56,40,40.515
2026-03-11T14:20:00Z,40,40,39.55,39.64
2026-03-11T14:25:00Z,39.51,39.58,39.22,39.445
2026-03-11T14:30:00Z,39.4,39.56,39,39.2
2026-03-11T14:35:00Z,39.22,39.5,39.04,39.12
2026-03-11T14:40:00Z,39.2,39.6,39.17,39.6
2026-03-11T14:45:00Z,39.42,39.48,38.88,39.02
2026-03-11T14:50:00Z,39.14,39.2,38.86,38.96
2026-03-11T14:55:00Z,39.1,39.15,38.95,38.95
2026-03-11T15:00:00Z,39.04,39.22,38.87,39.22
2026-03-11T15:05:00Z,39.06,39.06,38.2,38.23
2026-03-11T15:10:00Z,38.11,38.12,37.95,38.12
2026-03-11T15:15:00Z,38.5,38.5,38.31,38.355
2026-03-11T15:20:00Z,38.29,38.38,38.25,38.25
2026-03-11T15:25:00Z,38.26,38.29,37.98,38.01
2026-03-11T15:30:00Z,37.9,37.9,37.62,37.7
2026-03-11T15:35:00Z,37.67,37.72,37.53,37.71
2026-03-11T15:40:00Z,37.65,37.9,37.65,37.9
2026-03-11T15:45:00Z,37.76,37.76,37.65,37.68
2026-03-11T15:50:00Z,37.69,38.04,37.69,37.85
2026-03-11T15:55:00Z,37.78,38.03,37.76,37.85
2026-03-11T16:00:00Z,37.76,38.08,37.76,37.865
2026-03-11T16:05:00Z,37.99,38.19,37.9,37.9
2026-03-11T16:10:00Z,37.93,38.1,37.93,38.1
2026-03-11T16:20:00Z,38.16,38.16,37.93,38.11
2026-03-11T16:25:00Z,38.395,38.5,38.395,38.5
2026-03-11T16:30:00Z,38.5,38.89,38.47,38.87
2026-03-11T16:35:00Z,38.84,38.84,38.54,38.54
2026-03-11T16:40:00Z,38.67,38.67,38.49,38.49
2026-03-11T16:45:00Z,38.55,38.55,38.28,38.34
2026-03-11T16:50:00Z,38.67,38.67,38.67,38.67
2026-03-11T16:55:00Z,38.42,38.42,38.42,38.42
2026-03-11T17:00:00Z,38.755,38.755,38.75,38.75
2026-03-11T17:05:00Z,38.98,39.11,38.98,39.11
2026-03-11T17:15:00Z,38.92,38.92,38.92,38.92
2026-03-11T17:20:00Z,38.69,38.83,38.69,38.83
2026-03-11T17:25:00Z,38.77,38.77,38.7,38.7
2026-03-11T17:30:00Z,38.57,38.57,38.4,38.4
2026-03-11T17:35:00Z,38.35,38.35,37.94,38.1
2026-03-11T17:40:00Z,38.11,38.16,38.06,38.16
2026-03-11T17:45:00Z,38.02,38.09,37.9,37.9
2026-03-11T17:50:00Z,38,38,38,38
2026-03-11T17:55:00Z,38,38,37.94,37.94
2026-03-11T18:00:00Z,38.16,38.16,37.8,37.8
2026-03-11T18:05:00Z,37.8,37.82,37.41,37.52
2026-03-11T18:10:00Z,37.44,37.46,37.25,37.25
2026-03-11T18:15:00Z,37.31,37.53,37.31,37.53
2026-03-11T18:20:00Z,37.5,37.56,37.5,37.56
2026-03-11T18:25:00Z,37.88,37.88,37.88,37.88
2026-03-11T18:30:00Z,37.99,38.03,37.92,38.03
2026-03-11T18:35:00Z,38.1,38.1,38.1,38.1
2026-03-11T18:40:00Z,37.8,37.8,37.76,37.76
2026-03-11T18:45:00Z,37.67,37.67,37.55,37.55
2026-03-11T18:50:00Z,37.72,37.72,37.7,37.7
2026-03-11T18:55:00Z,37.63,37.7,37.5,37.5
2026-03-11T19:00:00Z,37.46,37.8,37.45,37.8
2026-03-11T19:05:00Z,37.79,37.79,37.72,37.79
2026-03-11T19:10:00Z,37.61,37.61,37.4,37.4
2026-03-11T19:15:00Z,37.54,37.55,37.54,37.55
2026-03-11T19:20:00Z,37.735,37.735,37.58,37.58
2026-03-11T19:30:00Z,37.71,37.86,37.68,37.86
2026-03-11T19:35:00Z,37.89,38.25,37.87,38.25
2026-03-11T19:40:00Z,38.34,38.34,38.22,38.22
2026-03-11T19:45:00Z,38.36,38.36,38,38
2026-03-11T19:50:00Z,37.95,38.12,37.89,38.12
2026-03-11T19:55:00Z,38,38,37.83,37.89
2026-03-12T13:30:00Z,38.215,38.45,36.86,37.82
2026-03-12T13:35:00Z,37.6,37.765,36.94,37.23
2026-03-12T13:40:00Z,37.9,38,37.35,37.35
2026-03-12T13:45:00Z,37.13,37.13,37,37.11
2026-03-12T13:50:00Z,37.36,37.53,37.32,37.32
2026-03-12T13:55:00Z,36.97,37.67,36.66,37.67
2026-03-12T14:00:00Z,38.35,38.41,38,38
2026-03-12T14:05:00Z,38,38,37.68,37.68
2026-03-12T14:10:00Z,38,38.76,38,38.645
2026-03-12T14:15:00Z,38.65,38.65,38.44,38.44
2026-03-12T14:20:00Z,38.3,38.72,38.3,38.72
2026-03-12T14:25:00Z,38.79,39.1,38.7,38.71
2026-03-12T14:30:00Z,38.48,38.49,37.8,37.8
2026-03-12T14:35:00Z,38.26,38.39,38.2,38.39
2026-03-12T14:40:00Z,38.58,38.58,38.16,38.45
2026-03-12T14:45:00Z,38.63,38.63,38.28,38.28
2026-03-12T14:50:00Z,38.01,38.49,38.01,38.49
2026-03-12T14:55:00Z,38.41,38.41,38.4,38.4
2026-03-12T15:00:00Z,38.411,38.411,38.411,38.411
2026-03-12T15:05:00Z,38.505,38.7,38.505,38.54
2026-03-12T15:10:00Z,37.8,38.02,37.8,38.02
2026-03-12T15:15:00Z,37.94,38.11,37.94,38.03
2026-03-12T15:25:00Z,37.94,38.11,37.94,38.11
2026-03-12T15:30:00Z,37.74,37.84,37.74,37.84
2026-03-12T15:35:00Z,37.85,37.85,37.7,37.7
2026-03-12T15:45:00Z,37.8,37.8,37.8,37.8
2026-03-12T15:50:00Z,38.02,38.35,38.02,38.35
2026-03-12T15:55:00Z,38.3,38.51,38.27,38.27
2026-03-12T16:00:00Z,38.15,38.16,38.02,38.1
2026-03-12T16:05:00Z,38,38,37.5,37.5
2026-03-12T16:10:00Z,37.25,37.25,37.25,37.25
2026-03-12T16:25:00Z,37.49,37.49,37.49,37.49
2026-03-12T16:30:00Z,37.55,37.55,37.55,37.55
2026-03-12T16:35:00Z,37.9,37.94,37.9,37.94
2026-03-12T16:40:00Z,37.78,37.78,37.78,37.78
2026-03-12T16:45:00Z,37.81,37.81,37.44,37.44
2026-03-12T16:50:00Z,37.53,37.6,37.49,37.49
2026-03-12T17:00:00Z,37.61,37.61,37.61,37.61
2026-03-12T17:10:00Z,37.56,37.56,37.56,37.56
2026-03-12T17:15:00Z,37.5,37.5,37.5,37.5
2026-03-12T17:25:00Z,37.57,37.57,37.25,37.25
2026-03-12T17:40:00Z,37.22,37.22,36.99,36.99
2026-03-12T17:45:00Z,36.9,36.9,36.77,36.77
2026-03-12T17:50:00Z,36.76,36.76,36.75,36.75
2026-03-12T17:55:00Z,36.7,36.7,36.58,36.58
2026-03-12T18:05:00Z,36.88,36.88,36.88,36.88
2026-03-12T18:10:00Z,37.04,37.04,37.04,37.04
2026-03-12T18:25:00Z,36.95,36.95,36.95,36.95
2026-03-12T18:30:00Z,36.8,36.8,36.8,36.8
2026-03-12T18:40:00Z,36.76,36.76,36.76,36.76
2026-03-12T18:45:00Z,36.9,36.9,36.78,36.78
2026-03-12T18:50:00Z,36.65,36.65,36.65,36.65
2026-03-12T18:55:00Z,36.64,36.8,36.64,36.8
2026-03-12T19:00:00Z,36.57,36.57,36.5,36.5
2026-03-12T19:05:00Z,36.6,36.6,36.6,36.6
2026-03-12T19:15:00Z,36.6,36.64,36.6,36.64
2026-03-12T19:20:00Z,36.4,36.4,36.39,36.39
2026-03-12T19:25:00Z,36.37,36.41,36.3,36.3
2026-03-12T19:30:00Z,36.55,36.55,36.5,36.5
2026-03-12T19:35:00Z,36.5,36.5,36.16,36.16
2026-03-12T19:40:00Z,36.1,36.15,36.08,36.08
2026-03-12T19:45:00Z,36.16,36.16,35.92,36.02
2026-03-12T19:50:00Z,36,36.05,35.81,35.81
2026-03-12T19:55:00Z,35.9,36.06,35.9,36.06
2026-03-13T13:30:00Z,36.46,36.82,35.74,35.86
2026-03-13T13:35:00Z,35.89,37.27,35.82,37.21
2026-03-13T13:40:00Z,37.33,37.85,37.1,37.78
2026-03-13T13:45:00Z,37.43,37.8,37.42,37.63
2026-03-13T13:50:00Z,37.4,38.1,37.4,37.96
2026-03-13T13:55:00Z,37.99,38.24,37.99,38.15
2026-03-13T14:00:00Z,38.17,38.38,37.94,38.15
2026-03-13T14:05:00Z,38.21,38.21,37.94,38.14
2026-03-13T14:10:00Z,38.12,38.2,37.86,38.2
2026-03-13T14:15:00Z,38.02,38.02,37.88,37.88
2026-03-13T14:20:00Z,37.85,38.09,37.58,37.95
2026-03-13T14:25:00Z,38.06,38.06,38,38
2026-03-13T14:30:00Z,38.16,38.24,38.1,38.24
2026-03-13T14:35:00Z,37.88,37.88,37.58,37.66
2026-03-13T14:40:00Z,37.66,37.66,37.2,37.2
2026-03-13T14:45:00Z,37,37,36.91,36.94
2026-03-13T14:50:00Z,36.76,36.76,36.6,36.6
2026-03-13T14:55:00Z,36.6,36.6,36.5,36.59
2026-03-13T15:00:00Z,36.49,36.49,36,36
2026-03-13T15:05:00Z,36.05,36.3,36.05,36.29
2026-03-13T15:10:00Z,36.08,36.11,36.08,36.1
2026-03-13T15:20:00Z,36.31,36.31,36.3,36.3
2026-03-13T15:30:00Z,36.17,36.17,36,36
2026-03-13T15:35:00Z,35.87,35.96,35.861,35.94
2026-03-13T15:40:00Z,35.94,35.94,35.94,35.94
2026-03-13T15:45:00Z,36.09,36.37,36.09,36.37
2026-03-13T15:50:00Z,36.5,36.5,36.5,36.5
2026-03-13T15:55:00Z,36.51,36.68,36.47,36.63
2026-03-13T16:00:00Z,36.75,36.95,36.75,36.94
2026-03-13T16:05:00Z,36.75,37.08,36.75,37.08
2026-03-13T16:10:00Z,36.97,36.97,36.56,36.56
2026-03-13T16:15:00Z,36.88,36.88,36.88,36.88
2026-03-13T16:20:00Z,36.9,36.9,36.72,36.72
2026-03-13T16:50:00Z,36.57,36.57,36.57,36.57
2026-03-13T16:55:00Z,36.52,36.52,36.52,36.52
2026-03-13T17:00:00Z,36.25,36.25,36.25,36.25
2026-03-13T17:10:00Z,36.39,36.39,36.28,36.28
2026-03-13T17:15:00Z,36.42,36.42,36.42,36.42
2026-03-13T17:30:00Z,36.6,36.6,36.6,36.6
2026-03-13T17:55:00Z,36.41,36.41,36.41,36.41
2026-03-13T18:00:00Z,36.5,36.5,36.31,36.31
2026-03-13T18:10:00Z,36.55,36.55,36.55,36.55
2026-03-13T18:25:00Z,36.6,36.6,36.6,36.6
2026-03-13T18:40:00Z,36.75,36.75,36.75,36.75
2026-03-13T19:00:00Z,36.66,36.66,36.64,36.64
2026-03-13T19:15:00Z,36.67,36.67,36.6,36.64
2026-03-13T19:20:00Z,36.57,36.57,36.44,36.47
2026-03-13T19:30:00Z,36.62,36.62,36.62,36.62
2026-03-13T19:40:00Z,36.78,36.78,36.77,36.77
2026-03-13T19:45:00Z,36.85,36.85,36.85,36.85
2026-03-13T19:50:00Z,36.83,37.12,36.8,37.12
2026-03-13T19:55:00Z,37.2,37.39,37.2,37.34
2026-03-16T13:30:00Z,37.55,38.29,37,38.18
2026-03-16T13:35:00Z,38.2,38.5,37.2,37.37
2026-03-16T13:40:00Z,37.48,37.5,37.24,37.27
2026-03-16T13:45:00Z,37.24,37.24,36.39,36.79
2026-03-16T13:50:00Z,37.12,37.12,36.73,37.05
2026-03-16T13:55:00Z,36.8,37.08,36.7,36.93
2026-03-16T14:00:00Z,36.9,37.2,36.5,37.2
2026-03-16T14:05:00Z,37.34,37.34,37.12,37.29
2026-03-16T14:10:00Z,37.23,37.23,36.98,37.195
2026-03-16T14:15:00Z,37.2,37.24,37.15,37.15
2026-03-16T14:20:00Z,37.05,37.05,36.87,36.9
2026-03-16T14:25:00Z,36.81,36.81,36.39,36.405
2026-03-16T14:30:00Z,36.37,36.45,36.17,36.17
2026-03-16T14:35:00Z,36.27,36.27,35.85,35.85
2026-03-16T14:40:00Z,35.82,36.04,35.77,35.91
2026-03-16T14:45:00Z,35.91,36.25,35.9,36.05
2026-03-16T14:55:00Z,36.35,36.6,36.35,36.6
2026-03-16T15:00:00Z,36.74,36.74,36.74,36.74
2026-03-16T15:05:00Z,36.62,36.62,36.5,36.5
2026-03-16T15:10:00Z,36.53,36.53,36.46,36.46
2026-03-16T15:15:00Z,36.36,36.36,36.14,36.14
2026-03-16T15:20:00Z,36.36,36.36,36.28,36.28
2026-03-16T15:25:00Z,36.2,36.4,36.2,36.4
2026-03-16T15:35:00Z,36.2,36.2,36.2,36.2
2026-03-16T15:40:00Z,36.3,36.3,36.25,36.25
2026-03-16T15:45:00Z,36.37,36.37,36.35,36.37
2026-03-16T15:50:00Z,36.25,36.25,36.25,36.25
2026-03-16T15:55:00Z,36.53,36.54,36.49,36.49
2026-03-16T16:00:00Z,36.13,36.13,36.05,36.06
2026-03-16T16:05:00Z,36,36,35.98,35.98
2026-03-16T16:10:00Z,36.07,36.1,35.96,36.1
2026-03-16T16:15:00Z,36.13,36.13,36.13,36.13
2026-03-16T16:20:00Z,35.84,35.85,35.55,35.55
2026-03-16T16:25:00Z,35.54,35.88,35.52,35.88
2026-03-16T16:30:00Z,35.7,35.7,35.7,35.7
2026-03-16T16:40:00Z,36.06,36.15,36.06,36.15
2026-03-16T16:45:00Z,36.15,36.15,36.1,36.1
2026-03-16T16:50:00Z,36.17,36.17,36.17,36.17
2026-03-16T16:55:00Z,36.18,36.27,36.18,36.27
2026-03-16T17:10:00Z,36.25,36.25,36.25,36.25
2026-03-16T17:25:00Z,36.74,36.74,36.48,36.48
2026-03-16T17:30:00Z,36.64,36.64,36.64,36.64
2026-03-16T17:35:00Z,36.64,36.64,36.64,36.64
2026-03-16T17:55:00Z,36.365,36.365,36.365,36.365
2026-03-16T18:00:00Z,36.26,36.26,36.26,36.26
2026-03-16T18:05:00Z,36.2,36.2,36.16,36.16
2026-03-16T18:15:00Z,36.64,36.76,36.64,36.73
2026-03-16T18:20:00Z,36.66,36.76,36.4,36.76
2026-03-16T18:25:00Z,36.62,36.62,36.53,36.55
2026-03-16T18:30:00Z,36.46,36.46,36.46,36.46
2026-03-16T18:35:00Z,36.47,36.62,36.47,36.62
2026-03-16T18:40:00Z,36.67,36.67,36.67,36.67
2026-03-16T18:45:00Z,36.61,36.61,36.61,36.61
2026-03-16T19:00:00Z,36.51,36.51,36.51,36.51
2026-03-16T19:10:00Z,36.4,36.4,36.4,36.4
2026-03-16T19:15:00Z,36.48,36.48,36.38,36.38
2026-03-16T19:20:00Z,36.31,36.31,36.31,36.31
2026-03-16T19:25:00Z,36.42,36.42,36.35,36.35
2026-03-16T19:30:00Z,36.5,36.5,36.21,36.21
2026-03-16T19:35:00Z,36.21,36.21,36.2,36.2
2026-03-16T19:40:00Z,36.22,36.22,36.21,36.21
2026-03-16T19:45:00Z,36.31,36.32,36.31,36.32
2026-03-16T19:50:00Z,36.3,36.54,36.3,36.54
2026-03-16T19:55:00Z,36.48,36.65,36.48,36.5
2026-03-17T13:30:00Z,36.05,36.52,36.05,36.06
2026-03-17T13:35:00Z,36.245,37.7,36.245,37.7
2026-03-17T13:40:00Z,37.68,38.78,37.68,37.68
2026-03-17T13:45:00Z,37.54,38,37.36,37.52
2026-03-17T13:50:00Z,37.82,38.3,37.82,38
2026-03-17T13:55:00Z,38.15,38.43,37.54,38.43
2026-03-17T14:00:00Z,38.14,38.58,37.5,37.515
2026-03-17T14:05:00Z,37.66,37.72,37.245,37.72
2026-03-17T14:10:00Z,37.89,37.89,37.48,37.48
2026-03-17T14:15:00Z,37.45,38.03,37.4,38.03
2026-03-17T14:20:00Z,37.94,38.63,37.94,38.37
2026-03-17T14:25:00Z,38.33,38.42,38.33,38.36
2026-03-17T14:30:00Z,38.17,38.38,38.12,38.3
2026-03-17T14:35:00Z,38.24,38.36,38.2,38.26
2026-03-17T14:40:00Z,38.3,38.7,38.27,38.7
2026-03-17T14:45:00Z,38.69,38.85,38.66,38.85
2026-03-17T14:50:00Z,38.6,38.7,38.6,38.7
2026-03-17T14:55:00Z,38.68,38.68,38.51,38.51
2026-03-17T15:00:00Z,38.81,38.94,38.79,38.89
2026-03-17T15:05:00Z,38.79,38.85,38.5,38.599
2026-03-17T15:10:00Z,38.4,38.41,38.19,38.32
2026-03-17T15:15:00Z,38.45,38.5,38.38,38.5
2026-03-17T15:20:00Z,38.6,38.6,38.52,38.6
2026-03-17T15:25:00Z,38.605,38.605,38.52,38.52
2026-03-17T15:30:00Z,38.67,38.67,38.61,38.61
2026-03-17T15:35:00Z,38.6,38.65,38.22,38.25
2026-03-17T15:40:00Z,38.37,38.48,38.23,38.48
2026-03-17T15:45:00Z,38.51,38.68,38.51,38.68
2026-03-17T15:50:00Z,38.75,39,38.75,38.96
2026-03-17T15:55:00Z,38.9,38.9,38.8,38.8
2026-03-17T16:00:00Z,38.4,38.45,38.4,38.42
2026-03-17T16:05:00Z,38.3,38.5,38.3,38.5
2026-03-17T16:10:00Z,38.56,38.56,38.25,38.25
2026-03-17T16:15:00Z,38.31,38.31,38.24,38.24
2026-03-17T16:20:00Z,38.48,38.64,38.48,38.64
2026-03-17T16:30:00Z,38.8,38.8,38.7,38.7
2026-03-17T16:45:00Z,38.66,38.68,38.58,38.64
2026-03-17T16:50:00Z,38.46,38.68,38.4,38.68
2026-03-17T16:55:00Z,38.7,38.85,38.7,38.84
2026-03-17T17:00:00Z,38.85,38.88,38.79,38.79
2026-03-17T17:05:00Z,38.84,38.99,38.35,38.35
2026-03-17T17:20:00Z,38.6,38.6,38.6,38.6
2026-03-17T17:25:00Z,38.43,38.43,38.43,38.43
2026-03-17T17:35:00Z,38.35,38.72,38.17,38.71
2026-03-17T17:40:00Z,38.4,38.4,37.9,37.9
2026-03-17T17:45:00Z,37.88,37.88,37.7,37.7
2026-03-17T17:50:00Z,37.93,37.98,37.88,37.98
2026-03-17T17:55:00Z,38.08,38.13,38.08,38.13
2026-03-17T18:00:00Z,37.88,38.18,37.88,38.18
2026-03-17T18:05:00Z,38.14,38.14,37.93,37.96
2026-03-17T18:10:00Z,37.86,37.86,37.37,37.48
2026-03-17T18:15:00Z,37.55,37.55,37.42,37.42
2026-03-17T18:20:00Z,37.5,37.579,37.41,37.41
2026-03-17T18:25:00Z,37.42,37.42,37.15,37.19
2026-03-17T18:30:00Z,37.1,37.1,37,37
2026-03-17T18:40:00Z,37.18,37.18,37.18,37.18
2026-03-17T18:45:00Z,37.17,37.17,37.17,37.17
2026-03-17T18:55:00Z,37.34,37.34,37.32,37.32
2026-03-17T19:05:00Z,37.43,37.63,37.43,37.63
2026-03-17T19:10:00Z,37.63,37.63,37.63,37.63
2026-03-17T19:30:00Z,37.42,37.42,37.25,37.25
2026-03-17T19:40:00Z,37.48,37.48,37.28,37.28
2026-03-17T19:45:00Z,37.35,37.35,37.35,37.35
2026-03-17T19:50:00Z,37.27,37.27,37.22,37.22
2026-03-17T19:55:00Z,37.15,37.52,37.15,37.52
2026-03-18T13:30:00Z,36.55,38.28,36.41,38.01
2026-03-18T13:35:00Z,38.3,38.58,37.88,38
2026-03-18T13:40:00Z,38.5,39.08,38.47,38.995
2026-03-18T13:45:00Z,38.81,39.26,38.8,39
2026-03-18T13:50:00Z,38.93,39.19,38.84,39.18
2026-03-18T13:55:00Z,39.3,39.33,39,39.19
2026-03-18T14:00:00Z,38.98,38.98,38.75,38.75
2026-03-18T14:05:00Z,39.02,39.18,39.02,39.18
2026-03-18T14:10:00Z,39.08,39.08,38.82,38.82
2026-03-18T14:15:00Z,38.95,38.95,38.8,38.8
2026-03-18T14:20:00Z,38.53,38.53,38.501,38.501
2026-03-18T14:25:00Z,38.42,38.42,37.97,37.98
2026-03-18T14:30:00Z,38.05,38.3,38.02,38.1
2026-03-18T14:35:00Z,37.96,37.96,37.82,37.82
2026-03-18T14:40:00Z,37.6,37.6,37.6,37.6
2026-03-18T14:45:00Z,37.61,37.69,37.54,37.54
2026-03-18T15:00:00Z,37.94,37.94,37.94,37.94
2026-03-18T15:05:00Z,38,38,37.99,37.99
2026-03-18T15:10:00Z,38.2,38.2,38.2,38.2
2026-03-18T15:15:00Z,38.13,38.13,38.06,38.06
2026-03-18T15:20:00Z,37.69,37.69,37.5,37.5
2026-03-18T15:25:00Z,37.44,37.44,37.4,37.4
2026-03-18T15:30:00Z,37.48,37.49,37.48,37.49
2026-03-18T15:35:00Z,37.32,37.32,37.17,37.17
2026-03-18T15:40:00Z,37.07,37.11,36.82,37.01
2026-03-18T15:45:00Z,36.9,36.9,36.76,36.76
2026-03-18T15:50:00Z,36.79,36.84,36.76,36.76
2026-03-18T16:00:00Z,36.8,36.8,36.7,36.7
2026-03-18T16:05:00Z,36.66,36.66,36.6,36.6
2026-03-18T16:10:00Z,36.7,37.14,36.7,37.14
2026-03-18T16:20:00Z,37.05,37.05,37.05,37.05
2026-03-18T16:25:00Z,36.96,36.96,36.91,36.91
2026-03-18T16:35:00Z,36.7,36.7,36.5,36.5
2026-03-18T16:40:00Z,36.65,36.65,36.65,36.65
2026-03-18T16:50:00Z,36.63,36.63,36.61,36.61
2026-03-18T16:55:00Z,36.65,36.65,36.53,36.53
2026-03-18T17:00:00Z,36.53,36.53,36.37,36.37
2026-03-18T17:05:00Z,36.28,36.29,36.15,36.15
2026-03-18T17:10:00Z,36.29,36.3,36.15,36.15
2026-03-18T17:15:00Z,36.12,36.21,36.1,36.21
2026-03-18T17:20:00Z,36.3,36.3,36.3,36.3
2026-03-18T17:25:00Z,36.38,36.4,36.3,36.3
2026-03-18T17:40:00Z,36.55,36.55,36.5,36.5
2026-03-18T17:45:00Z,36.5,36.5,36.4,36.4
2026-03-18T18:10:00Z,36.21,36.21,36.21,36.21
2026-03-18T18:15:00Z,36.2,36.2,36.13,36.14
2026-03-18T18:20:00Z,36.17,36.17,36.13,36.13
2026-03-18T18:30:00Z,36.01,36.22,36,36.22
2026-03-18T18:35:00Z,36.34,36.34,36.34,36.34
2026-03-18T18:40:00Z,36.2,36.2,36.2,36.2
2026-03-18T18:50:00Z,36,36,35.81,35.81
2026-03-18T18:55:00Z,35.95,35.95,35.95,35.95
2026-03-18T19:00:00Z,35.8,35.8,35.79,35.79
2026-03-18T19:05:00Z,36.4,36.4,36.32,36.32
2026-03-18T19:10:00Z,36.25,36.25,36.19,36.19
2026-03-18T19:15:00Z,36.05,36.05,36.05,36.05
2026-03-18T19:20:00Z,35.79,35.79,35.7,35.7
2026-03-18T19:25:00Z,35.7,35.76,35.7,35.76
2026-03-18T19:30:00Z,35.83,35.83,35.83,35.83
2026-03-18T19:35:00Z,35.8,35.8,35.8,35.8
2026-03-18T19:40:00Z,35.75,35.75,35.5,35.5
2026-03-18T19:45:00Z,35.37,35.37,35.35,35.35
2026-03-18T19:50:00Z,35.12,35.12,35,35
2026-03-18T19:55:00Z,35,35.01,34.8,34.82
2026-03-19T13:30:00Z,32.635,32.635,31.2,31.51
2026-03-19T13:35:00Z,32,32,31.67,31.8
2026-03-19T13:40:00Z,31.85,32.61,31.85,32.085
2026-03-19T13:45:00Z,32,32,31.19,31.345
2026-03-19T13:50:00Z,31.37,31.6,31.24,31.24
2026-03-19T13:55:00Z,31.52,31.52,31.1,31.38
2026-03-19T14:00:00Z,31.4,31.75,31.3,31.54
2026-03-19T14:05:00Z,31.76,31.83,31.5,31.5
2026-03-19T14:10:00Z,31.24,31.58,31.2,31.24
2026-03-19T14:15:00Z,31.2,31.34,31.1,31.28
2026-03-19T14:20:00Z,31.2,31.2,30.8,31.06
2026-03-19T14:25:00Z,31.06,31.06,30.65,30.66
2026-03-19T14:30:00Z,31,31.57,31,31.57
2026-03-19T14:35:00Z,31.6,31.95,31.6,31.95
2026-03-19T14:40:00Z,31.97,32.12,31.96,32.02
2026-03-19T14:45:00Z,32.13,32.13,32.13,32.13
2026-03-19T14:50:00Z,32.71,32.77,32.705,32.74
2026-03-19T14:55:00Z,32.83,33.5,32.83,33.46
2026-03-19T15:00:00Z,33.41,34,33.4,34
2026-03-19T15:05:00Z,34.08,34.2,33.75,33.9
2026-03-19T15:10:00Z,33.98,34.22,33.9,34.18
2026-03-19T15:15:00Z,34.11,34.16,33.82,33.82
2026-03-19T15:20:00Z,33.8,33.8,33.8,33.8
2026-03-19T15:25:00Z,33.74,33.74,33.65,33.65
2026-03-19T15:30:00Z,33.61,33.61,33.29,33.42
2026-03-19T15:35:00Z,33.44,33.44,33.44,33.44
2026-03-19T15:40:00Z,33.18,33.25,33.08,33.25
2026-03-19T15:45:00Z,33.23,33.25,33.09,33.12
2026-03-19T15:50:00Z,33,33.07,33,33.07
2026-03-19T15:55:00Z,33.09,33.09,33.09,33.09
2026-03-19T16:05:00Z,33.55,33.55,33.55,33.55
2026-03-19T16:10:00Z,33.21,33.55,33.21,33.48
2026-03-19T16:15:00Z,33.36,33.36,33.34,33.34
2026-03-19T16:20:00Z,33.26,33.26,33.26,33.26
2026-03-19T16:25:00Z,33.28,33.32,33.28,33.32
2026-03-19T16:30:00Z,33.33,33.33,33.29,33.29
2026-03-19T16:40:00Z,33.45,33.45,33.45,33.45
2026-03-19T16:45:00Z,33.58,33.58,33.58,33.58
2026-03-19T16:50:00Z,33.46,33.46,33.35,33.35
2026-03-19T17:00:00Z,33.2,33.2,33.1,33.1
2026-03-19T17:05:00Z,33.07,33.07,32.99,32.99
2026-03-19T17:10:00Z,32.64,32.64,32.64,32.64
2026-03-19T17:15:00Z,32.63,32.64,32.63,32.64
2026-03-19T17:25:00Z,32.73,32.73,32.73,32.73
2026-03-19T17:30:00Z,32.88,32.88,32.88,32.88
2026-03-19T17:45:00Z,32.85,32.85,32.85,32.85
2026-03-19T17:50:00Z,33.02,33.02,33.02,33.02
2026-03-19T18:10:00Z,33.38,33.38,33.38,33.38
2026-03-19T18:15:00Z,33.45,33.45,33.45,33.45
2026-03-19T18:35:00Z,32.91,32.91,32.91,32.91
2026-03-19T18:40:00Z,32.9,32.9,32.9,32.9
2026-03-19T19:00:00Z,33.55,33.59,33.55,33.59
2026-03-19T19:05:00Z,34,34.3,34,34.23
2026-03-19T19:10:00Z,34.18,34.36,34.18,34.36
2026-03-19T19:20:00Z,34.3,34.42,34.3,34.42
2026-03-19T19:25:00Z,34.17,34.17,34.17,34.17
2026-03-19T19:35:00Z,34.1,34.1,34.1,34.1
2026-03-19T19:40:00Z,34.2,34.2,34.18,34.2
2026-03-19T19:45:00Z,34.2,34.22,34.2,34.22
2026-03-19T19:50:00Z,34.25,34.34,34.25,34.32
2026-03-19T19:55:00Z,34.23,34.32,34.23,34.23
2026-03-20T13:30:00Z,33.23,33.23,32.23,32.24
2026-03-20T13:35:00Z,32.2,32.4,31.85,31.85
2026-03-20T13:40:00Z,31.9,32.605,31.9,32.605
2026-03-20T13:45:00Z,32.6,32.86,32.37,32.53
2026-03-20T13:50:00Z,32.34,32.34,31.6,31.86
2026-03-20T13:55:00Z,32,32,31.7,31.72
2026-03-20T14:00:00Z,31.77,32.1,31.77,32.1
2026-03-20T14:05:00Z,32.46,32.68,32.46,32.68
2026-03-20T14:10:00Z,32.57,32.76,32.36,32.36
2026-03-20T14:15:00Z,32.36,32.36,32.35,32.35
2026-03-20T14:20:00Z,32.64,33,32.64,32.97
2026-03-20T14:30:00Z,33.75,33.75,33.63,33.63
2026-03-20T14:35:00Z,33.92,33.98,33.89,33.98
2026-03-20T14:40:00Z,33.99,34.27,33.99,34.16
2026-03-20T14:45:00Z,34.07,34.08,34.07,34.08
2026-03-20T14:50:00Z,34.23,34.23,33.98,33.98
2026-03-20T14:55:00Z,34.01,34.01,33.84,34.01
2026-03-20T15:00:00Z,34.04,34.04,34.005,34.005
2026-03-20T15:15:00Z,34,34,34,34
2026-03-20T15:20:00Z,33.7,34.12,33.69,34.12
2026-03-20T15:30:00Z,33.89,33.99,33.89,33.99
2026-03-20T15:35:00Z,33.84,33.84,33.84,33.84
2026-03-20T15:40:00Z,33.83,34,33.83,34
2026-03-20T15:45:00Z,34.14,34.21,34.14,34.21
2026-03-20T16:00:00Z,34.31,34.35,34.31,34.35
2026-03-20T16:05:00Z,34.4,34.5,34.4,34.5
2026-03-20T16:10:00Z,34.59,34.59,34.5,34.5
2026-03-20T16:15:00Z,34.27,34.27,34.27,34.27
2026-03-20T16:25:00Z,34.19,34.2,34.19,34.2
2026-03-20T16:35:00Z,33.73,33.73,33.72,33.72
2026-03-20T16:40:00Z,33.89,33.89,33.87,33.88
2026-03-20T17:20:00Z,34,34,33.95,33.95
2026-03-20T17:35:00Z,33.7,33.7,33.4,33.4
2026-03-20T17:40:00Z,33.34,33.34,33.34,33.34
2026-03-20T17:45:00Z,33.5,33.54,33.5,33.54
2026-03-20T17:50:00Z,33.42,33.42,33.42,33.42
2026-03-20T17:55:00Z,33.66,33.66,33.66,33.66
2026-03-20T18:00:00Z,33.65,33.65,33.65,33.65
2026-03-20T18:05:00Z,33.51,33.51,33.51,33.51
2026-03-20T18:15:00Z,33.48,33.56,33.48,33.51
2026-03-20T18:20:00Z,33.56,33.6,33.4,33.4
2026-03-20T18:25:00Z,33.43,33.43,33.43,33.43
2026-03-20T18:30:00Z,33.41,33.75,33.41,33.75
2026-03-20T18:35:00Z,33.81,33.81,33.14,33.14
2026-03-20T18:40:00Z,33.105,33.105,33.105,33.105
2026-03-20T18:45:00Z,33.45,33.45,33.445,33.445
2026-03-20T18:50:00Z,33.42,33.5,33.42,33.5
2026-03-20T18:55:00Z,33.305,33.305,33.305,33.305
2026-03-20T19:00:00Z,33.6,33.6,33.55,33.57
2026-03-20T19:05:00Z,33.52,33.52,33.52,33.52
2026-03-20T19:15:00Z,33.52,33.6,33.44,33.44
2026-03-20T19:30:00Z,33.56,33.56,33.52,33.551
2026-03-20T19:35:00Z,33.4,33.4,33.4,33.4
2026-03-20T19:40:00Z,33.41,33.66,33.41,33.66
2026-03-20T19:45:00Z,33.93,33.95,33.93,33.95
2026-03-20T19:50:00Z,33.86,34.25,33.86,34.25
2026-03-20T19:55:00Z,34.2,34.65,34.2,34.65
2026-03-23T13:30:00Z,35.21,37.55,35.21,37.55
2026-03-23T13:35:00Z,37.64,38.3,37.46,38.1
2026-03-23T13:40:00Z,38.21,38.3,37.71,37.82
2026-03-23T13:45:00Z,37.9,38.41,37.9,38.15
2026-03-23T13:50:00Z,38.13,38.3,37.87,38.15
2026-03-23T13:55:00Z,38.26,38.35,37.95,38.35
2026-03-23T14:00:00Z,38.35,38.7,38.33,38.62
2026-03-23T14:05:00Z,38.39,38.6,38.34,38.56
2026-03-23T14:10:00Z,38.81,39.05,38.77,39
2026-03-23T14:15:00Z,39.08,39.18,38.84,39
2026-03-23T14:20:00Z,39.1,39.4,39.1,39.22
2026-03-23T14:25:00Z,39.4,39.4,39.3,39.3
2026-03-23T14:30:00Z,39.16,39.16,38.8,39.03
2026-03-23T14:35:00Z,38.99,39.08,38.87,38.87
2026-03-23T14:40:00Z,39.09,39.16,38.615,38.615
2026-03-23T14:45:00Z,38.615,38.85,38.615,38.85
2026-03-23T14:50:00Z,38.67,38.77,38.53,38.61
2026-03-23T15:00:00Z,38.84,38.84,38.84,38.84
2026-03-23T15:05:00Z,38.4,38.55,38.4,38.55
2026-03-23T15:10:00Z,38.73,38.73,38.5,38.55
2026-03-23T15:20:00Z,38.5,38.5,38.46,38.48
2026-03-23T15:25:00Z,38.35,38.35,38.25,38.25
2026-03-23T15:30:00Z,38.16,38.27,38.16,38.27
2026-03-23T15:35:00Z,38,38,37.89,37.99
2026-03-23T15:40:00Z,38,38.18,37.9,38.18
2026-03-23T15:45:00Z,37.97,37.97,37.97,37.97
2026-03-23T15:50:00Z,37.95,37.95,37.79,37.79
2026-03-23T15:55:00Z,37.6,37.6,37.051,37.07
2026-03-23T16:00:00Z,37.22,37.41,37.22,37.41
2026-03-23T16:05:00Z,37.41,37.8,37.41,37.8
2026-03-23T16:10:00Z,37.9,37.9,37.87,37.87
2026-03-23T16:15:00Z,37.52,37.52,37.25,37.25
2026-03-23T16:25:00Z,37.05,37.05,37,37
2026-03-23T16:30:00Z,37.06,37.06,36.86,36.86
2026-03-23T16:35:00Z,37.15,37.15,36.83,36.83
2026-03-23T16:40:00Z,36.77,36.77,36.77,36.77
2026-03-23T16:45:00Z,36.8,36.8,36.8,36.8
2026-03-23T16:50:00Z,36.8,36.8,36.3,36.3
2026-03-23T17:10:00Z,36.79,36.79,36.79,36.79
2026-03-23T17:30:00Z,36.76,36.76,36.76,36.76
2026-03-23T17:35:00Z,37.25,37.26,37.25,37.26
2026-03-23T17:45:00Z,36.97,36.97,36.97,36.97
2026-03-23T17:50:00Z,37.24,37.25,37.24,37.25
2026-03-23T17:55:00Z,37.51,37.52,37.5,37.52
2026-03-23T18:05:00Z,37.78,37.78,37.78,37.78
2026-03-23T18:10:00Z,37.38,37.38,37.38,37.38
2026-03-23T18:30:00Z,37.48,37.49,37.48,37.48
2026-03-23T19:05:00Z,37.74,37.74,37.74,37.74
2026-03-23T19:10:00Z,37.65,37.71,37.64,37.7
2026-03-23T19:15:00Z,37.51,37.51,37.51,37.51
2026-03-23T19:20:00Z,37.66,37.66,37.57,37.57
2026-03-23T19:25:00Z,37.79,37.79,37.79,37.79
2026-03-23T19:30:00Z,37.75,37.75,37.75,37.75
2026-03-23T19:35:00Z,37.68,37.68,37.68,37.68
2026-03-23T19:50:00Z,37.23,37.38,37.2,37.2
2026-03-23T19:55:00Z,37.14,37.29,37.14,37.29
2026-03-24T13:30:00Z,36.46,36.915,36.38,36.615
2026-03-24T13:35:00Z,35.96,35.96,35,35
2026-03-24T13:40:00Z,34.8,34.85,34.32,34.5
2026-03-24T13:45:00Z,34.9,34.9,34.5,34.5
2026-03-24T13:50:00Z,34.5,34.71,34.25,34.3
2026-03-24T13:55:00Z,34.3,34.3,33.87,34.1
2026-03-24T14:00:00Z,34.15,34.15,33.78,34
2026-03-24T14:05:00Z,34.39,34.53,34.17,34.28
2026-03-24T14:10:00Z,34.33,34.33,33.4,33.62
2026-03-24T14:15:00Z,33.69,33.85,33.69,33.85
2026-03-24T14:20:00Z,33.48,33.48,33.27,33.35
2026-03-24T14:25:00Z,33.4,33.71,33.4,33.66
2026-03-24T14:30:00Z,33.4,33.58,33.13,33.54
2026-03-24T14:40:00Z,33.8,33.8,33.72,33.72
2026-03-24T14:45:00Z,34,34,33.7,33.7
2026-03-24T14:50:00Z,33.93,33.93,33.87,33.87
2026-03-24T14:55:00Z,34.31,34.46,33.76,33.76
2026-03-24T15:05:00Z,34,34.06,33.77,33.77
2026-03-24T15:10:00Z,33.7,33.7,33.56,33.56
2026-03-24T15:15:00Z,33.74,33.88,33.72,33.83
2026-03-24T15:25:00Z,33.96,33.96,33.8,33.8
2026-03-24T15:30:00Z,33.55,33.55,32.75,32.83
2026-03-24T15:35:00Z,33.06,33.06,32.95,33.05
2026-03-24T15:40:00Z,33.13,33.13,32.75,32.75
2026-03-24T15:45:00Z,32.6,32.88,32.6,32.88
2026-03-24T15:50:00Z,33.07,33.26,33.07,33.2
2026-03-24T15:55:00Z,33.07,33.07,32.95,32.95
2026-03-24T16:00:00Z,32.88,32.98,32.88,32.97
2026-03-24T16:10:00Z,33.18,33.21,33.18,33.21
2026-03-24T16:20:00Z,33.55,33.55,33.51,33.51
2026-03-24T16:25:00Z,33.78,33.78,33.78,33.78
2026-03-24T16:30:00Z,33.83,33.83,33.83,33.83
2026-03-24T16:35:00Z,33.74,33.74,33.25,33.25
2026-03-24T16:40:00Z,33,33,32.66,32.82
2026-03-24T17:00:00Z,33,33,33,33
2026-03-24T17:05:00Z,32.86,32.95,32.81,32.81
2026-03-24T17:10:00Z,32.68,32.68,32.5,32.6
2026-03-24T17:15:00Z,32.51,32.51,32.38,32.41
2026-03-24T17:20:00Z,32.5,32.5,32.5,32.5
2026-03-24T17:25:00Z,32.49,32.49,32.49,32.49
2026-03-24T17:30:00Z,32.5,32.57,32.5,32.57
2026-03-24T17:35:00Z,32.415,32.415,32.415,32.415
2026-03-24T17:50:00Z,32.35,32.53,32.3,32.3
2026-03-24T17:55:00Z,32.25,32.35,32.22,32.35
2026-03-24T18:00:00Z,32.8,32.8,32.8,32.8
2026-03-24T18:15:00Z,32.97,32.97,32.95,32.95
2026-03-24T18:20:00Z,32.99,32.99,32.85,32.85
2026-03-24T18:25:00Z,32.75,32.75,32.75,32.75
2026-03-24T18:35:00Z,33.16,33.16,33.16,33.16
2026-03-24T18:40:00Z,33,33,32.9,32.9
2026-03-24T18:45:00Z,32.65,32.65,32.64,32.64
2026-03-24T18:50:00Z,32.93,32.93,32.93,32.93
2026-03-24T18:55:00Z,33.02,33.08,33.02,33.08
2026-03-24T19:05:00Z,33.39,33.45,33.39,33.45
2026-03-24T19:10:00Z,33.32,33.33,33.16,33.33
2026-03-24T19:15:00Z,33.38,33.88,33.38,33.88
2026-03-24T19:20:00Z,33.69,33.69,33.69,33.69
2026-03-24T19:30:00Z,33.6,33.6,33.6,33.6
2026-03-24T19:35:00Z,33.38,33.38,33.38,33.38
2026-03-24T19:45:00Z,33.53,33.53,33.5,33.5
2026-03-24T19:50:00Z,33.44,33.44,33.44,33.44
2026-03-24T19:55:00Z,33.43,33.45,33.41,33.45
2026-03-25T13:30:00Z,34.16,34.69,34,34.02
2026-03-25T13:35:00Z,34.245,34.68,34.245,34.65
2026-03-25T13:40:00Z,34.46,34.66,34.1,34.1
2026-03-25T13:45:00Z,34.14,34.66,34.14,34.51
2026-03-25T13:50:00Z,34.3,34.32,34.3,34.32
2026-03-25T13:55:00Z,33.78,33.84,33.78,33.79
2026-03-25T14:00:00Z,33.77,33.77,33.77,33.77
2026-03-25T14:10:00Z,34.25,34.25,34.25,34.25
2026-03-25T14:15:00Z,34.4,34.4,34.23,34.23
2026-03-25T14:20:00Z,34.4,34.45,34.4,34.45
2026-03-25T14:25:00Z,34.47,34.68,34.44,34.44
2026-03-25T14:30:00Z,34.595,34.71,34.55,34.55
2026-03-25T14:35:00Z,34.52,34.54,34.52,34.54
2026-03-25T14:45:00Z,34.65,34.65,34.65,34.65
2026-03-25T14:55:00Z,34.62,34.62,34.53,34.53
2026-03-25T15:05:00Z,34.2,34.2,33.82,33.82
2026-03-25T15:10:00Z,33.7,33.7,33.06,33.06
2026-03-25T15:15:00Z,33.14,33.14,32.75,32.75
2026-03-25T15:20:00Z,32.89,32.89,32.85,32.85
2026-03-25T15:25:00Z,33.05,33.05,33,33
2026-03-25T15:30:00Z,33.15,33.15,33.15,33.15
2026-03-25T15:40:00Z,33.07,33.07,33.025,33.025
2026-03-25T15:55:00Z,33.1,33.1,33.1,33.1
2026-03-25T16:00:00Z,33.47,33.545,33.38,33.39
2026-03-25T16:05:00Z,33.25,33.25,33.25,33.25
2026-03-25T16:10:00Z,33.21,33.21,33.21,33.21
2026-03-25T16:25:00Z,33.59,33.59,33.5,33.5
2026-03-25T16:30:00Z,33.69,33.69,33.69,33.69
2026-03-25T16:40:00Z,33.7,33.72,33.65,33.72
2026-03-25T16:50:00Z,33.58,33.58,33.58,33.58
2026-03-25T17:05:00Z,33.4,33.4,33.4,33.4
2026-03-25T17:15:00Z,33.67,33.67,33.52,33.52
2026-03-25T17:25:00Z,33.65,33.65,33.65,33.65
2026-03-25T17:40:00Z,33.7,33.7,33.7,33.7
2026-03-25T17:45:00Z,33.5,33.5,33.5,33.5
2026-03-25T17:50:00Z,33.53,33.53,33.53,33.53
2026-03-25T18:00:00Z,33.4,33.4,33.4,33.4
2026-03-25T18:05:00Z,33.33,33.33,33.28,33.28
2026-03-25T18:20:00Z,33.15,33.15,33.15,33.15
2026-03-25T18:30:00Z,33.17,33.17,33.17,33.17
2026-03-25T18:35:00Z,33.29,33.29,33.29,33.29
2026-03-25T18:45:00Z,33.29,33.29,33.29,33.29
2026-03-25T18:55:00Z,33.21,33.3,33.16,33.3
2026-03-25T19:10:00Z,33.23,33.24,33.23,33.24
2026-03-25T19:15:00Z,33.34,33.49,33.34,33.49
2026-03-25T19:30:00Z,33.54,33.54,33.54,33.54
2026-03-25T19:40:00Z,33.5,33.5,33.5,33.5
2026-03-25T19:45:00Z,33.35,33.35,33.35,33.35
2026-03-25T19:55:00Z,33.56,33.65,33.56,33.65
2026-03-26T13:30:00Z,30.005,30.005,27.45,28.2
2026-03-26T13:35:00Z,28.36,28.5,27.16,27.16
2026-03-26T13:40:00Z,27.21,27.845,27,27.845
2026-03-26T13:45:00Z,27.78,28.25,27.67,28.21
2026-03-26T13:50:00Z,28.12,28.56,27.96,28.56
2026-03-26T13:55:00Z,28.36,28.36,27.27,27.32
2026-03-26T14:00:00Z,27.5,27.65,27.18,27.3
2026-03-26T14:05:00Z,27.26,27.529,27.05,27.26
2026-03-26T14:10:00Z,27.175,27.62,27.01,27.01
2026-03-26T14:15:00Z,27,27.1,26.58,26.61
2026-03-26T14:20:00Z,26.65,27.14,26.65,27.12
2026-03-26T14:25:00Z,27.24,27.35,27.15,27.16
2026-03-26T14:30:00Z,27.1,27.15,26.65,26.82
2026-03-26T14:35:00Z,26.88,27.19,26.88,27.19
2026-03-26T14:40:00Z,27.22,27.22,26.95,27.03
2026-03-26T14:45:00Z,26.9,27.01,26.76,26.9
2026-03-26T14:50:00Z,27,27.1,27,27.1
2026-03-26T14:55:00Z,27.2,27.45,27,27.45
2026-03-26T15:00:00Z,27.5,27.59,27.4,27.4
2026-03-26T15:05:00Z,27.33,27.33,27.27,27.29
2026-03-26T15:10:00Z,27.37,27.37,27.09,27.09
2026-03-26T15:15:00Z,27.11,27.18,26.985,26.985
2026-03-26T15:20:00Z,27.12,27.25,27.12,27.18
2026-03-26T15:25:00Z,27.5,27.6,27.42,27.42
2026-03-26T15:30:00Z,27.41,27.41,27.1,27.31
2026-03-26T15:35:00Z,27.23,27.24,27.2,27.21
2026-03-26T15:40:00Z,27.29,27.75,27.29,27.75
2026-03-26T15:45:00Z,27.91,28.5,27.91,28.3
2026-03-26T15:50:00Z,28.23,28.37,28.16,28.16
2026-03-26T15:55:00Z,28.35,28.35,28.35,28.35
2026-03-26T16:00:00Z,28.11,28.13,27.97,27.97
2026-03-26T16:05:00Z,27.8,27.8,27.45,27.45
2026-03-26T16:10:00Z,27.65,27.74,27.65,27.69
2026-03-26T16:15:00Z,27.75,27.82,27.71,27.75
2026-03-26T16:20:00Z,27.84,27.885,27.7,27.87
2026-03-26T16:25:00Z,27.88,27.88,27.48,27.48
2026-03-26T16:30:00Z,27.57,27.65,27.36,27.51
2026-03-26T16:40:00Z,27.57,27.67,27.57,27.67
2026-03-26T16:45:00Z,27.73,27.73,27.61,27.61
2026-03-26T16:50:00Z,27.6,27.6,27.5,27.5
2026-03-26T16:55:00Z,27.55,27.59,27.55,27.59
2026-03-26T17:00:00Z,27.88,28.01,27.88,27.93
2026-03-26T17:05:00Z,27.95,27.95,27.95,27.95
2026-03-26T17:10:00Z,27.89,27.89,27.72,27.72
2026-03-26T17:15:00Z,27.74,27.74,27.65,27.65
2026-03-26T17:20:00Z,27.53,27.53,27.35,27.35
2026-03-26T17:25:00Z,27.35,27.37,27.35,27.37
2026-03-26T17:30:00Z,27.39,27.39,27.28,27.33
2026-03-26T17:35:00Z,27.36,27.36,27.3,27.35
2026-03-26T17:40:00Z,27.16,27.16,26.83,26.83
2026-03-26T17:45:00Z,26.85,26.9,26.8,26.9
2026-03-26T17:50:00Z,26.75,26.75,26.57,26.57
2026-03-26T17:55:00Z,26.59,26.59,26.45,26.49
2026-03-26T18:00:00Z,26.61,26.61,26.37,26.37
2026-03-26T18:05:00Z,26.28,26.28,26.24,26.24
2026-03-26T18:15:00Z,26.45,26.45,26.37,26.37
2026-03-26T18:25:00Z,26.39,26.46,26.3,26.46
2026-03-26T18:30:00Z,26.4,26.55,26.36,26.55
2026-03-26T18:35:00Z,26.75,26.78,26.66,26.75
2026-03-26T18:40:00Z,26.71,26.75,26.66,26.66
2026-03-26T18:45:00Z,26.58,26.58,26.5,26.5
2026-03-26T18:50:00Z,26.625,26.8,26.625,26.77
2026-03-26T18:55:00Z,26.88,26.95,26.88,26.95
2026-03-26T19:00:00Z,27.17,27.17,27.17,27.17
2026-03-26T19:05:00Z,27.27,27.27,27.21,27.21
2026-03-26T19:10:00Z,27.12,27.12,27.12,27.12
2026-03-26T19:15:00Z,27.15,27.15,27.15,27.15
2026-03-26T19:20:00Z,27.04,27.04,27.03,27.04
2026-03-26T19:25:00Z,26.81,26.81,26.81,26.81
2026-03-26T19:30:00Z,27.07,27.07,26.88,26.88
2026-03-26T19:35:00Z,27,27,26.92,26.92
2026-03-26T19:40:00Z,26.8,26.8,26.8,26.8
2026-03-26T19:45:00Z,26.82,26.82,26.7,26.7
2026-03-26T19:50:00Z,26.71,26.71,26.42,26.42
2026-03-26T19:55:00Z,26.47,26.68,26.47,26.67
2026-03-27T13:30:00Z,26.81,27.175,26.8,26.94
2026-03-27T13:35:00Z,26.9,27.43,26.9,27.4
2026-03-27T13:40:00Z,27.38,27.38,27.15,27.16
2026-03-27T13:45:00Z,27.07,27.55,27.05,27.55
2026-03-27T13:50:00Z,27.16,27.16,26.6,26.64
2026-03-27T13:55:00Z,26.45,26.46,26.45,26.45
2026-03-27T14:00:00Z,26.29,26.29,26.29,26.29
2026-03-27T14:05:00Z,26.5,26.82,26.38,26.81
2026-03-27T14:10:00Z,26.96,27.17,26.96,27.17
2026-03-27T14:20:00Z,27,27,26.99,26.99
2026-03-27T14:25:00Z,26.55,26.58,26.55,26.58
2026-03-27T14:30:00Z,26.66,26.7,26.6,26.7
2026-03-27T14:35:00Z,26.6,26.6,26.57,26.57
2026-03-27T14:40:00Z,26.64,26.74,26.46,26.47
2026-03-27T14:45:00Z,26.68,26.68,26.68,26.68
2026-03-27T14:50:00Z,26.6,26.63,26.6,26.63
2026-03-27T14:55:00Z,26.59,26.59,26.3,26.35
2026-03-27T15:00:00Z,26.37,26.5,26.36,26.5
2026-03-27T15:05:00Z,26.56,26.62,26.56,26.62
2026-03-27T15:10:00Z,26.52,26.52,26.52,26.52
2026-03-27T15:15:00Z,26.42,26.42,26.37,26.37
2026-03-27T15:20:00Z,26.3,26.32,26.21,26.21
2026-03-27T15:25:00Z,26.7,26.75,26.7,26.75
2026-03-27T15:30:00Z,26.7,27.08,26.7,27.05
2026-03-27T15:35:00Z,27.02,27.02,26.84,26.84
2026-03-27T15:40:00Z,26.66,26.66,26.62,26.62
2026-03-27T15:45:00Z,26.6,26.65,26.6,26.6
2026-03-27T15:50:00Z,26.665,26.71,26.665,26.71
2026-03-27T15:55:00Z,26.58,26.58,26.3,26.3
2026-03-27T16:00:00Z,26.36,26.4,26.36,26.4
2026-03-27T16:15:00Z,26.07,26.07,26.07,26.07
2026-03-27T16:20:00Z,26,26,25.95,25.95
2026-03-27T16:25:00Z,26,26.08,26,26.08
2026-03-27T16:30:00Z,26.18,26.3,26.18,26.28
2026-03-27T16:35:00Z,26.02,26.02,26.02,26.02
2026-03-27T16:40:00Z,25.99,25.99,25.99,25.99
2026-03-27T16:45:00Z,26.11,26.11,26.08,26.08
2026-03-27T16:50:00Z,26.04,26.04,26.04,26.04
2026-03-27T16:55:00Z,26.06,26.06,25.98,26.02
2026-03-27T17:00:00Z,25.91,25.91,25.71,25.71
2026-03-27T17:10:00Z,26.23,26.25,26.23,26.25
2026-03-27T17:15:00Z,26.17,26.17,26.17,26.17
2026-03-27T17:20:00Z,26.08,26.08,26,26
2026-03-27T17:25:00Z,25.9,25.9,25.83,25.83
2026-03-27T17:30:00Z,25.79,25.79,25.75,25.75
2026-03-27T17:35:00Z,25.97,25.97,25.7,25.7
2026-03-27T17:40:00Z,25.6,25.6,25.46,25.48
2026-03-27T17:45:00Z,25.55,25.55,25.45,25.45
2026-03-27T17:50:00Z,25.43,25.43,25.4,25.4
2026-03-27T17:55:00Z,25.29,25.29,25.25,25.25
2026-03-27T18:05:00Z,25.34,25.34,25.34,25.34
2026-03-27T18:10:00Z,25.32,25.32,25.32,25.32
2026-03-27T18:15:00Z,25.37,25.4,25.37,25.4
2026-03-27T18:25:00Z,25.54,25.55,25.54,25.55
2026-03-27T18:40:00Z,25.68,25.68,25.68,25.68
2026-03-27T18:55:00Z,25.37,25.37,25.37,25.37
2026-03-27T19:00:00Z,25.44,25.44,25.44,25.44
2026-03-27T19:05:00Z,25.33,25.33,25.18,25.18
2026-03-27T19:10:00Z,25.23,25.23,25.21,25.22
2026-03-27T19:15:00Z,25.17,25.28,25.17,25.28
2026-03-27T19:40:00Z,25.45,25.45,25.45,25.45
2026-03-27T19:45:00Z,25.36,25.36,25.35,25.35
2026-03-27T19:50:00Z,25.23,25.23,25.17,25.17
2026-03-27T19:55:00Z,25.17,25.17,25.17,25.17
2026-03-30T13:30:00Z,25.1,25.7,24.93,25.27
2026-03-30T13:35:00Z,25.3,25.59,25.2,25.53
2026-03-30T13:40:00Z,25.5,25.8,25.33,25.8
2026-03-30T13:45:00Z,25.84,25.84,25.31,25.31
2026-03-30T13:50:00Z,25.5,25.58,25.45,25.49
2026-03-30T13:55:00Z,25.2,25.2,24.31,24.31
2026-03-30T14:00:00Z,24.4,24.48,24.15,24.15
2026-03-30T14:05:00Z,24.02,24.1,23.86,24.1
2026-03-30T14:10:00Z,24.15,24.24,24,24.24
2026-03-30T14:15:00Z,24.15,24.15,24.1,24.11
2026-03-30T14:20:00Z,24.2,24.2,24.2,24.2
2026-03-30T14:25:00Z,24.21,24.21,23.93,23.93
2026-03-30T14:30:00Z,24.1,24.24,24,24
2026-03-30T14:40:00Z,24.32,24.32,23.85,23.85
2026-03-30T14:45:00Z,24.11,24.17,24.11,24.16
2026-03-30T14:50:00Z,24.14,24.18,24.09,24.09
2026-03-30T14:55:00Z,24.11,24.49,24.05,24.49
2026-03-30T15:00:00Z,24.51,24.73,24.51,24.55
2026-03-30T15:05:00Z,24.5,24.55,24.06,24.06
2026-03-30T15:10:00Z,24.04,24.06,23.75,23.75
2026-03-30T15:15:00Z,23.7,23.8,23.62,23.8
2026-03-30T15:20:00Z,24.02,24.14,24.01,24.14
2026-03-30T15:30:00Z,24.43,24.43,24.43,24.43
2026-03-30T15:35:00Z,24.71,25.11,24.71,25.11
2026-03-30T15:40:00Z,25.15,25.18,25,25
2026-03-30T15:45:00Z,25.25,25.25,25.19,25.23
2026-03-30T15:50:00Z,25.49,25.53,25.38,25.38
2026-03-30T15:55:00Z,25.35,25.38,25.19,25.19
2026-03-30T16:00:00Z,25.02,25.02,24.941,25.02
2026-03-30T16:05:00Z,24.89,24.955,24.89,24.955
2026-03-30T16:10:00Z,25.22,25.22,25.22,25.22
2026-03-30T16:15:00Z,24.85,24.85,24.81,24.81
2026-03-30T16:25:00Z,24.87,24.87,24.87,24.87
2026-03-30T16:30:00Z,24.89,24.89,24.89,24.89
2026-03-30T16:40:00Z,25.05,25.05,25,25
2026-03-30T16:45:00Z,24.9,24.9,24.9,24.9
2026-03-30T16:50:00Z,24.87,24.87,24.87,24.87
2026-03-30T17:00:00Z,24.82,24.82,24.82,24.82
2026-03-30T17:05:00Z,24.8,24.8,24.8,24.8
2026-03-30T17:15:00Z,24.65,24.65,24.65,24.65
2026-03-30T17:20:00Z,24.62,24.66,24.35,24.35
2026-03-30T17:25:00Z,24.39,24.4,24.27,24.27
2026-03-30T17:30:00Z,24.32,24.32,24.12,24.12
2026-03-30T17:35:00Z,24.04,24.17,24.04,24.16
2026-03-30T17:40:00Z,24.26,24.26,24.26,24.26
2026-03-30T17:45:00Z,24.27,24.28,24.21,24.275
2026-03-30T17:50:00Z,24.13,24.13,24.13,24.13
2026-03-30T17:55:00Z,24.31,24.42,24.26,24.26
2026-03-30T18:05:00Z,24.16,24.16,24.16,24.16
2026-03-30T18:25:00Z,24,24,24,24
2026-03-30T18:30:00Z,23.9,23.9,23.9,23.9
2026-03-30T18:40:00Z,23.85,23.85,23.81,23.81
2026-03-30T18:45:00Z,23.71,23.71,23.6,23.6
2026-03-30T18:50:00Z,23.56,23.755,23.56,23.755
2026-03-30T18:55:00Z,23.78,23.78,23.78,23.78
2026-03-30T19:00:00Z,23.78,23.78,23.78,23.78
2026-03-30T19:05:00Z,23.51,23.51,23.5,23.5
2026-03-30T19:10:00Z,23.44,23.44,23.3,23.35
2026-03-30T19:15:00Z,23.46,23.63,23.46,23.63
2026-03-30T19:20:00Z,23.8,23.8,23.8,23.8
2026-03-30T19:25:00Z,23.71,23.71,23.66,23.66
2026-03-30T19:30:00Z,23.77,23.77,23.77,23.77
2026-03-30T19:40:00Z,23.98,24.05,23.98,24.03
2026-03-30T19:50:00Z,24.04,24.04,23.99,23.99
2026-03-30T19:55:00Z,24.05,24.05,24.05,24.05
2026-03-31T13:30:00Z,24.97,24.97,24.15,24.85
2026-03-31T13:35:00Z,24.8,24.86,24.37,24.37
2026-03-31T13:40:00Z,24.75,24.8,24.5,24.5
2026-03-31T13:45:00Z,24.64,25.18,24.64,25.18
2026-03-31T13:50:00Z,25.18,25.28,25.05,25.28
2026-03-31T13:55:00Z,25.18,25.18,25.15,25.17
2026-03-31T14:00:00Z,25.27,25.3,25.21,25.21
2026-03-31T14:05:00Z,25.245,25.245,24.91,24.95
2026-03-31T14:10:00Z,25.29,25.33,25.29,25.33
2026-03-31T14:15:00Z,25.51,25.66,25.43,25.66
2026-03-31T14:20:00Z,25.5,25.75,25.5,25.75
2026-03-31T14:25:00Z,25.87,26.2,25.83,26.2
2026-03-31T14:30:00Z,26.38,26.5,26.23,26.47
2026-03-31T14:35:00Z,26.38,26.38,26.22,26.32
2026-03-31T14:40:00Z,26.3,26.3,25.98,25.98
2026-03-31T14:45:00Z,26.06,26.06,25.79,25.88
2026-03-31T14:50:00Z,25.83,25.88,25.83,25.88
2026-03-31T14:55:00Z,25.83,25.83,25.83,25.83
2026-03-31T15:00:00Z,25.88,26.029,25.88,26.029
2026-03-31T15:05:00Z,26.1,26.1,25.95,25.95
2026-03-31T15:10:00Z,26.2,26.27,26.2,26.26
2026-03-31T15:15:00Z,26.2,26.22,26.2,26.2
2026-03-31T15:20:00Z,26.09,26.18,26.09,26.18
2026-03-31T15:25:00Z,26.27,26.27,26.19,26.2
2026-03-31T15:30:00Z,26.14,26.15,26,26
2026-03-31T15:40:00Z,25.93,25.93,25.88,25.88
2026-03-31T15:45:00Z,25.81,25.88,25.79,25.871
2026-03-31T15:50:00Z,25.9,25.9,25.9,25.9
2026-03-31T15:55:00Z,25.87,25.87,25.8,25.8
2026-03-31T16:00:00Z,25.96,25.96,25.96,25.96
2026-03-31T16:10:00Z,25.76,25.77,25.76,25.77
2026-03-31T16:25:00Z,25.95,25.98,25.95,25.98
2026-03-31T16:30:00Z,25.83,25.83,25.75,25.75
2026-03-31T16:35:00Z,26.169,26.169,26.169,26.169
2026-03-31T16:40:00Z,26.2,27.11,26.2,27.11
2026-03-31T16:45:00Z,26.83,26.88,26.38,26.38
2026-03-31T16:50:00Z,26.9,26.9,26.9,26.9
2026-03-31T16:55:00Z,26.55,26.55,26.55,26.55
2026-03-31T17:00:00Z,26.72,27.06,26.72,27.025
2026-03-31T17:05:00Z,27.03,27.03,26.7,26.72
2026-03-31T17:10:00Z,26.67,26.7,26.67,26.7
2026-03-31T17:15:00Z,26.98,27.09,26.98,27.09
2026-03-31T17:20:00Z,27.05,27.18,27.05,27.08
2026-03-31T17:25:00Z,26.85,26.9,26.7,26.7
2026-03-31T17:30:00Z,26.79,26.79,26.77,26.77
2026-03-31T17:35:00Z,26.889,26.889,26.5,26.5
2026-03-31T17:40:00Z,26.51,26.51,26.3,26.4
2026-03-31T17:45:00Z,26.5,26.5,26.49,26.5
2026-03-31T17:50:00Z,26.5,26.55,26.5,26.55
2026-03-31T17:55:00Z,26.37,26.37,26.37,26.37
2026-03-31T18:00:00Z,26.6,26.6,26.6,26.6
2026-03-31T18:05:00Z,26.67,26.75,26.67,26.7
2026-03-31T18:10:00Z,26.67,26.67,26.67,26.67
2026-03-31T18:15:00Z,26.75,26.75,26.75,26.75
2026-03-31T18:20:00Z,26.84,26.865,26.84,26.865
2026-03-31T18:25:00Z,26.85,26.86,26.85,26.86
2026-03-31T18:30:00Z,26.9,27,26.9,27
2026-03-31T18:35:00Z,26.93,26.93,26.88,26.88
2026-03-31T18:40:00Z,26.98,26.98,26.93,26.98
2026-03-31T18:45:00Z,27.04,27.14,27.04,27.14
2026-03-31T18:50:00Z,27.03,27.03,27.03,27.03
2026-03-31T19:05:00Z,26.88,26.99,26.78,26.99
2026-03-31T19:10:00Z,27,27.07,27,27.07
2026-03-31T19:15:00Z,27.07,27.07,27.07,27.07
2026-03-31T19:20:00Z,27.08,27.2,27.08,27.2
2026-03-31T19:25:00Z,27.08,27.08,27.015,27.015
2026-03-31T19:30:00Z,27.04,27.04,27,27
2026-03-31T19:35:00Z,27.12,27.12,27.04,27.04
2026-03-31T19:40:00Z,26.99,27.1,26.99,27.1
2026-03-31T19:45:00Z,27.22,27.5,27.22,27.44
2026-03-31T19:50:00Z,27.28,27.42,27.28,27.42
2026-03-31T19:55:00Z,27.39,27.47,27.29,27.29
2026-04-01T13:30:00Z,27.7,27.98,27.43,27.43
2026-04-01T13:35:00Z,27.62,27.62,27.12,27.12
2026-04-01T13:40:00Z,27,27,26.4,26.59
2026-04-01T13:45:00Z,26.65,26.65,25.65,25.65
2026-04-01T13:50:00Z,25.65,26.04,25.65,25.8
2026-04-01T13:55:00Z,25.81,26.3,25.78,26.3
2026-04-01T14:00:00Z,26.5,26.96,26.5,26.8
2026-04-01T14:05:00Z,26.5,26.549,26.38,26.38
2026-04-01T14:10:00Z,26.33,26.49,26.33,26.43
2026-04-01T14:15:00Z,26.64,26.64,26.32,26.43
2026-04-01T14:20:00Z,26.44,26.84,26.4,26.6
2026-04-01T14:25:00Z,26.41,26.63,26.41,26.62
2026-04-01T14:30:00Z,26.62,26.62,26.47,26.47
2026-04-01T14:35:00Z,26.38,26.38,26.2,26.28
2026-04-01T14:40:00Z,26.33,26.45,26.26,26.26
2026-04-01T14:45:00Z,26.22,26.23,26.22,26.23
2026-04-01T14:50:00Z,26.5,26.81,26.5,26.8
2026-04-01T14:55:00Z,26.81,26.81,26.66,26.68
2026-04-01T15:00:00Z,26.69,26.82,26.69,26.72
2026-04-01T15:05:00Z,26.88,26.88,26.81,26.81
2026-04-01T15:10:00Z,26.86,26.9,26.86,26.9
2026-04-01T15:15:00Z,26.82,26.83,26.78,26.78
2026-04-01T15:20:00Z,26.78,26.79,26.78,26.79
2026-04-01T15:25:00Z,26.77,26.77,26.75,26.75
2026-04-01T15:30:00Z,26.75,27.11,26.7,27.11
2026-04-01T15:35:00Z,27.02,27.025,26.97,27.025
2026-04-01T15:45:00Z,27.1,27.19,26.95,26.95
2026-04-01T15:50:00Z,26.91,26.96,26.86,26.86
2026-04-01T15:55:00Z,26.9,26.95,26.87,26.89
2026-04-01T16:00:00Z,27.05,27.05,26.9,26.9
2026-04-01T16:05:00Z,27.08,27.08,27.08,27.08
2026-04-01T16:10:00Z,27.05,27.3,27.04,27.04
2026-04-01T16:30:00Z,27.07,27.07,26.99,26.99
2026-04-01T16:35:00Z,27.02,27.05,27.02,27.05
2026-04-01T16:40:00Z,27.1,27.13,27.1,27.13
2026-04-01T16:55:00Z,27.09,27.09,26.95,26.95
2026-04-01T17:05:00Z,27,27,26.94,26.94
2026-04-01T17:10:00Z,26.92,26.92,26.91,26.91
2026-04-01T17:20:00Z,26.81,26.81,26.81,26.81
2026-04-01T17:30:00Z,26.9,26.9,26.8,26.8
2026-04-01T17:35:00Z,26.76,26.8,26.76,26.8
2026-04-01T17:50:00Z,26.66,26.66,26.66,26.66
2026-04-01T17:55:00Z,26.74,26.74,26.63,26.63
2026-04-01T18:00:00Z,26.66,26.66,26.45,26.45
2026-04-01T18:05:00Z,26.51,26.51,26.51,26.51
2026-04-01T18:10:00Z,26.62,26.62,26.62,26.62
2026-04-01T18:15:00Z,26.34,26.34,26.26,26.29
2026-04-01T18:20:00Z,26.29,26.29,26.12,26.12
2026-04-01T18:25:00Z,26.14,26.14,26.14,26.14
2026-04-01T18:30:00Z,26.15,26.15,26.15,26.15
2026-04-01T18:35:00Z,25.97,26.11,25.96,26.11
2026-04-01T18:40:00Z,26.25,26.25,26.15,26.15
2026-04-01T18:45:00Z,26.1,26.1,26,26
2026-04-01T18:50:00Z,25.97,25.97,25.97,25.97
2026-04-01T19:00:00Z,26.03,26.03,25.9,25.9
2026-04-01T19:10:00Z,25.89,25.94,25.84,25.94
2026-04-01T19:20:00Z,26,26.02,26,26
2026-04-01T19:30:00Z,26.1,26.1,26.05,26.05
2026-04-01T19:35:00Z,25.96,25.96,25.91,25.91
2026-04-01T19:40:00Z,26.09,26.09,26.09,26.09
2026-04-01T19:50:00Z,26.13,26.13,26.1,26.1
2026-04-01T19:55:00Z,26.01,26.01,25.9,25.9
2026-04-02T13:30:00Z,24.29,24.61,24,24
2026-04-02T13:35:00Z,24,24,23.52,23.6
2026-04-02T13:40:00Z,23.67,23.68,23.171,23.38
2026-04-02T13:45:00Z,24,24.4,24,24.4
2026-04-02T13:50:00Z,24.32,24.48,24.22,24.22
2026-04-02T13:55:00Z,24.4,24.76,24.4,24.76
2026-04-02T14:00:00Z,24.76,24.81,24.76,24.81
2026-04-02T14:05:00Z,24.8,24.99,24.8,24.99
2026-04-02T14:10:00Z,24.93,25.19,24.93,25.19
2026-04-02T14:15:00Z,25.13,25.15,25.12,25.12
2026-04-02T14:20:00Z,25.18,25.26,25.12,25.13
2026-04-02T14:25:00Z,25,25.05,25,25.05
2026-04-02T14:30:00Z,25.19,25.2,25.19,25.2
2026-04-02T14:35:00Z,25.74,26.5,25.74,26.21
2026-04-02T14:40:00Z,26.24,26.24,25.87,26.1
2026-04-02T14:45:00Z,26.24,26.24,26,26
2026-04-02T14:50:00Z,26,26.06,25.86,26.06
2026-04-02T14:55:00Z,26.46,26.63,26.41,26.62
2026-04-02T15:00:00Z,26.44,26.44,26.15,26.39
2026-04-02T15:05:00Z,26.25,26.48,26.25,26.48
2026-04-02T15:10:00Z,26.49,26.67,26.47,26.67
2026-04-02T15:15:00Z,26.4,26.4,26.4,26.4
2026-04-02T15:20:00Z,26.17,26.3,26.16,26.16
2026-04-02T15:25:00Z,26.42,26.66,26.42,26.65
2026-04-02T15:30:00Z,26.5,26.5,26.37,26.37
2026-04-02T15:35:00Z,26.54,26.63,26.54,26.63
2026-04-02T15:40:00Z,26.35,26.65,26.34,26.59
2026-04-02T15:45:00Z,26.65,26.65,26.65,26.65
2026-04-02T15:50:00Z,26.29,26.47,26.29,26.47
2026-04-02T15:55:00Z,26.49,26.49,26.39,26.39
2026-04-02T16:05:00Z,26.33,26.33,26.32,26.32
2026-04-02T16:10:00Z,26.43,26.43,26.43,26.43
2026-04-02T16:15:00Z,26.25,26.25,26.15,26.15
2026-04-02T16:20:00Z,26.13,26.18,26.13,26.18
2026-04-02T16:25:00Z,26.05,26.05,25.97,25.97
2026-04-02T16:35:00Z,26.06,26.06,26.06,26.06
2026-04-02T16:40:00Z,26.4,26.4,26.4,26.4
2026-04-02T16:45:00Z,26.4,26.4,26.3,26.3
2026-04-02T17:05:00Z,26.4,26.46,26.4,26.46
2026-04-02T17:25:00Z,26.45,26.45,26.45,26.45
2026-04-02T17:30:00Z,26.5,26.5,26.5,26.5
2026-04-02T17:40:00Z,26.53,26.55,26.52,26.54
2026-04-02T17:50:00Z,26.3,26.3,26.3,26.3
2026-04-02T17:55:00Z,26.32,26.32,26.16,26.16
2026-04-02T18:00:00Z,26.33,26.33,26.33,26.33
2026-04-02T18:05:00Z,26.32,26.37,26.22,26.28
2026-04-02T18:10:00Z,26.12,26.12,26.12,26.12
2026-04-02T18:15:00Z,26.06,26.06,26.06,26.06
2026-04-02T18:20:00Z,25.98,25.98,25.98,25.98
2026-04-02T18:25:00Z,25.865,25.87,25.865,25.87
2026-04-02T18:30:00Z,25.86,25.86,25.84,25.84
2026-04-02T18:35:00Z,25.85,25.85,25.84,25.84
2026-04-02T18:50:00Z,26.05,26.05,26.05,26.05
2026-04-02T19:10:00Z,25.92,25.92,25.82,25.82
2026-04-02T19:15:00Z,25.81,25.81,25.73,25.73
2026-04-02T19:20:00Z,25.67,25.67,25.67,25.67
2026-04-02T19:25:00Z,25.63,25.63,25.57,25.57
2026-04-02T19:35:00Z,25.55,25.55,25.55,25.55
2026-04-02T19:40:00Z,25.45,25.49,25.45,25.49
2026-04-02T19:45:00Z,25.49,25.49,25.46,25.46
2026-04-02T19:50:00Z,25.63,25.63,25.63,25.63
2026-04-02T19:55:00Z,25.73,25.75,25.71,25.75
2026-04-06T13:30:00Z,26.73,28,26.73,27.81
2026-04-06T13:35:00Z,28.11,28.6,27.6,28.6
2026-04-06T13:40:00Z,28.5,29.35,28.5,29.35
2026-04-06T13:45:00Z,29.08,29.2,28.55,28.55
2026-04-06T13:50:00Z,28.83,28.83,28.5,28.5
2026-04-06T13:55:00Z,28.25,28.25,28.06,28.09
2026-04-06T14:00:00Z,28.36,28.36,27.83,27.9
2026-04-06T14:10:00Z,27.65,27.8,27.5,27.8
2026-04-06T14:15:00Z,27.93,28.05,27.81,27.81
2026-04-06T14:20:00Z,27.96,27.96,27.96,27.96
2026-04-06T14:25:00Z,27.79,28.08,27.79,27.91
2026-04-06T14:30:00Z,27.8,27.8,27.78,27.78
2026-04-06T14:35:00Z,27.8,27.86,27.725,27.725
2026-04-06T14:40:00Z,27.6,27.61,27.6,27.61
2026-04-06T14:45:00Z,27.5,27.5,27.4,27.45
2026-04-06T14:50:00Z,27.37,27.695,27.32,27.695
2026-04-06T14:55:00Z,27.77,28.04,27.77,28.04
2026-04-06T15:00:00Z,27.96,27.96,27.84,27.84
2026-04-06T15:05:00Z,27.92,28.2,27.91,28.19
2026-04-06T15:10:00Z,28.11,28.2,28.075,28.2
2026-04-06T15:15:00Z,28.06,28.06,28.06,28.06
2026-04-06T15:20:00Z,27.87,27.87,27.86,27.86
2026-04-06T15:30:00Z,27.98,27.98,27.98,27.98
2026-04-06T15:35:00Z,28.25,28.35,28.19,28.35
2026-04-06T15:40:00Z,28.38,28.38,28.33,28.33
2026-04-06T15:45:00Z,28.32,28.32,28.32,28.32
2026-04-06T15:50:00Z,28.43,28.435,28.4,28.43
2026-04-06T16:00:00Z,28.35,28.44,28.35,28.42
2026-04-06T16:05:00Z,28.31,28.31,28.25,28.3
2026-04-06T16:10:00Z,28.4,28.535,28.4,28.535
2026-04-06T16:15:00Z,28.48,28.59,28.48,28.59
2026-04-06T16:20:00Z,28.65,28.65,28.65,28.65
2026-04-06T16:25:00Z,28.73,28.75,28.73,28.75
2026-04-06T16:30:00Z,28.68,28.93,28.68,28.93
2026-04-06T16:35:00Z,29,29.21,29,29.21
2026-04-06T16:40:00Z,29.03,29.05,29,29.05
2026-04-06T16:45:00Z,29.14,29.24,29.14,29.19
2026-04-06T16:50:00Z,29.15,29.15,29.05,29.05
2026-04-06T17:00:00Z,28.8,28.81,28.68,28.81
2026-04-06T17:05:00Z,28.6,28.75,28.6,28.75
2026-04-06T17:10:00Z,28.33,28.33,28.32,28.32
2026-04-06T17:15:00Z,28.38,28.49,28.3,28.49
2026-04-06T17:20:00Z,28.5,28.59,28.5,28.59
2026-04-06T17:25:00Z,28.69,28.7,28.69,28.7
2026-04-06T17:30:00Z,28.75,28.75,28.68,28.68
2026-04-06T17:35:00Z,28.68,28.71,28.68,28.71
2026-04-06T17:45:00Z,28.7,28.705,28.63,28.63
2026-04-06T17:50:00Z,28.7,28.7,28.57,28.57
2026-04-06T18:05:00Z,28.92,28.92,28.92,28.92
2026-04-06T18:10:00Z,28.93,29.18,28.93,29.18
2026-04-06T18:15:00Z,29.22,29.4,29.2,29.21
2026-04-06T18:20:00Z,29.3,29.33,29.22,29.33
2026-04-06T18:25:00Z,29.3,29.3,29.25,29.25
2026-04-06T18:30:00Z,29.37,29.38,29.35,29.35
2026-04-06T18:35:00Z,29.35,29.35,29.19,29.19
2026-04-06T18:40:00Z,29.15,29.15,29.11,29.11
2026-04-06T18:45:00Z,29.12,29.12,29.12,29.12
2026-04-06T18:50:00Z,29.01,29.01,29.01,29.01
2026-04-06T19:00:00Z,29.15,29.18,29.11,29.11
2026-04-06T19:05:00Z,29.13,29.13,29.13,29.13
2026-04-06T19:10:00Z,29.16,29.21,29.16,29.21
2026-04-06T19:15:00Z,29.25,29.29,29.17,29.17
2026-04-06T19:20:00Z,29.17,29.17,29.11,29.11
2026-04-06T19:25:00Z,29.18,29.18,29.18,29.18
2026-04-06T19:30:00Z,29.17,29.17,29.13,29.13
2026-04-06T19:35:00Z,29.21,29.23,29.21,29.23
2026-04-06T19:40:00Z,29.12,29.12,29.1,29.1
2026-04-06T19:45:00Z,29.17,29.2,29.16,29.16
2026-04-06T19:50:00Z,29.2,29.22,29.2,29.21
2026-04-06T19:55:00Z,29.24,29.25,29.17,29.17
2026-04-07T13:30:00Z,29,29.48,28.84,29.46
2026-04-07T13:35:00Z,29.49,29.6,29.05,29.05
2026-04-07T13:40:00Z,29.02,29.3,29.02,29.03
2026-04-07T13:45:00Z,28.85,28.85,28.765,28.765
2026-04-07T13:50:00Z,28.7,28.77,28.7,28.735
2026-04-07T13:55:00Z,28.84,28.84,28.43,28.43
2026-04-07T14:00:00Z,28.4,28.4,28.11,28.2
2026-04-07T14:05:00Z,28.08,28.08,27.51,27.55
2026-04-07T14:10:00Z,27.71,27.71,27.61,27.61
2026-04-07T14:15:00Z,27.68,27.68,27.66,27.68
2026-04-07T14:20:00Z,27.73,27.82,27.72,27.82
2026-04-07T14:25:00Z,28.02,28.02,28,28.01
2026-04-07T14:30:00Z,28.145,28.145,28.145,28.145
2026-04-07T14:40:00Z,27.98,28,27.98,28
2026-04-07T14:50:00Z,27.85,27.85,27.85,27.85
2026-04-07T14:55:00Z,27.78,27.78,27.5,27.5
2026-04-07T15:00:00Z,27.45,27.45,27.35,27.35
2026-04-07T15:05:00Z,27.3,27.3,27.2,27.2
2026-04-07T15:10:00Z,27.6,27.6,27.54,27.54
2026-04-07T15:15:00Z,27.86,27.86,27.86,27.86
2026-04-07T15:20:00Z,27.72,27.72,27.72,27.72
2026-04-07T15:25:00Z,28.02,28.02,28.02,28.02
2026-04-07T15:35:00Z,28.5,28.5,28.44,28.48
2026-04-07T15:40:00Z,28.35,28.35,28.35,28.35
2026-04-07T15:50:00Z,28.47,28.54,28.47,28.54
2026-04-07T15:55:00Z,28.68,28.68,28.68,28.68
2026-04-07T16:00:00Z,28.73,29.09,28.72,29
2026-04-07T16:05:00Z,28.98,29,28.95,29
2026-04-07T16:10:00Z,28.9,28.9,28.9,28.9
2026-04-07T16:15:00Z,28.75,28.75,28.75,28.75
2026-04-07T16:20:00Z,28.92,28.92,28.92,28.92
2026-04-07T16:30:00Z,29.01,29.01,29.01,29.01
2026-04-07T16:35:00Z,29.06,29.06,28.99,28.99
2026-04-07T16:40:00Z,28.91,28.91,28.91,28.91
2026-04-07T16:45:00Z,29.3,29.43,29.3,29.43
2026-04-07T16:50:00Z,29.44,29.5,29.44,29.5
2026-04-07T16:55:00Z,29.25,29.25,29.12,29.12
2026-04-07T17:05:00Z,29.02,29.02,29.02,29.02
2026-04-07T17:15:00Z,28.8,28.91,28.8,28.91
2026-04-07T17:20:00Z,28.73,28.73,28.73,28.73
2026-04-07T17:35:00Z,29.25,29.4,29.25,29.27
2026-04-07T17:40:00Z,29.13,29.13,29.04,29.04
2026-04-07T17:45:00Z,29.02,29.02,29.02,29.02
2026-04-07T18:00:00Z,28.91,28.91,28.91,28.91
2026-04-07T18:10:00Z,28.8,28.8,28.8,28.8
2026-04-07T18:20:00Z,28.72,28.72,28.72,28.72
2026-04-07T18:25:00Z,28.63,28.63,28.63,28.63
2026-04-07T18:35:00Z,28.64,28.64,28.64,28.64
2026-04-07T18:40:00Z,28.64,28.64,28.56,28.56
2026-04-07T18:45:00Z,28.57,28.57,28.51,28.51
2026-04-07T18:55:00Z,28.3,28.3,28.2,28.2
2026-04-07T19:05:00Z,28.17,28.34,28.17,28.34
2026-04-07T19:10:00Z,28.38,28.38,28.38,28.38
2026-04-07T19:15:00Z,28.39,28.65,28.39,28.65
2026-04-07T19:45:00Z,28.86,28.89,28.86,28.89
2026-04-07T19:55:00Z,28.89,28.89,28.88,28.88
2026-04-08T13:30:00Z,33.71,34.15,32.435,32.435
2026-04-08T13:35:00Z,32.32,32.32,31.71,31.71
2026-04-08T13:40:00Z,31.75,31.75,30.8,30.8
2026-04-08T13:45:00Z,30.72,31.16,30.55,30.86
2026-04-08T13:50:00Z,30.8,30.81,30.35,30.35
2026-04-08T13:55:00Z,30.37,30.48,29.8,29.8
2026-04-08T14:00:00Z,29.84,29.85,29.4,29.42
2026-04-08T14:05:00Z,29.48,29.48,28.9,28.9
2026-04-08T14:10:00Z,29,29.18,28.68,29.14
2026-04-08T14:15:00Z,29.04,29.08,28.91,29.02
2026-04-08T14:20:00Z,29.12,29.43,29.12,29.35
2026-04-08T14:25:00Z,29.5,29.64,29.27,29.27
2026-04-08T14:30:00Z,29.33,29.44,29.2,29.305
2026-04-08T14:35:00Z,29.5,29.54,29.5,29.54
2026-04-08T14:40:00Z,29.5,29.5,29.27,29.27
2026-04-08T14:45:00Z,29.03,29.31,28.97,29.31
2026-04-08T14:50:00Z,29.145,29.145,28.83,28.83
2026-04-08T14:55:00Z,28.81,28.81,28.4,28.4
2026-04-08T15:00:00Z,28.53,28.68,28.4,28.43
2026-04-08T15:05:00Z,28.57,28.67,28.2,28.2
2026-04-08T15:10:00Z,28.2,28.37,28.06,28.2
2026-04-08T15:15:00Z,28.28,28.28,27.86,27.93
2026-04-08T15:20:00Z,28.1,28.1,27.87,28.02
2026-04-08T15:25:00Z,28.1,28.27,28,28.12
2026-04-08T15:30:00Z,28.12,28.19,27.92,28.19
2026-04-08T15:35:00Z,28.16,28.23,28.04,28.23
2026-04-08T15:40:00Z,28.1,28.22,28,28.12
2026-04-08T15:45:00Z,28.2,28.45,28.2,28.295
2026-04-08T15:50:00Z,28.285,28.38,28.275,28.38
2026-04-08T15:55:00Z,28.26,28.34,28.18,28.21
2026-04-08T16:00:00Z,28.53,28.53,28.35,28.45
2026-04-08T16:05:00Z,28.44,28.49,28.44,28.49
2026-04-08T16:10:00Z,28.46,28.58,28.42,28.55
2026-04-08T16:15:00Z,28.59,28.71,28.52,28.68
2026-04-08T16:20:00Z,28.72,28.72,28.64,28.67
2026-04-08T16:25:00Z,28.7,28.8,28.7,28.7
2026-04-08T16:30:00Z,28.82,28.9,28.82,28.9
2026-04-08T16:35:00Z,28.97,29.02,28.9,28.9
2026-04-08T16:40:00Z,28.92,29.03,28.92,28.92
2026-04-08T16:45:00Z,28.9,28.96,28.88,28.96
2026-04-08T16:50:00Z,29.02,29.02,29.02,29.02
2026-04-08T16:55:00Z,29.08,29.12,28.88,28.9
2026-04-08T17:00:00Z,28.92,29.1,28.92,29.075
2026-04-08T17:05:00Z,29.02,29.12,29.02,29.12
2026-04-08T17:10:00Z,28.78,28.8,28.78,28.8
2026-04-08T17:15:00Z,28.5,28.5,28.44,28.44
2026-04-08T17:20:00Z,28.35,28.39,28.17,28.17
2026-04-08T17:25:00Z,28.12,28.12,28.04,28.04
2026-04-08T17:30:00Z,28.12,28.17,28.12,28.17
2026-04-08T17:35:00Z,28.09,28.18,28.09,28.16
2026-04-08T17:40:00Z,28.09,28.11,28.08,28.08
2026-04-08T17:45:00Z,28.06,28.1,27.95,28.01
2026-04-08T17:50:00Z,27.9,27.91,27.73,27.73
2026-04-08T17:55:00Z,27.62,27.64,27.4,27.51
2026-04-08T18:00:00Z,27.48,27.56,27.3,27.3
2026-04-08T18:05:00Z,27.37,27.59,27.37,27.59
2026-04-08T18:10:00Z,27.55,27.6,27.54,27.55
2026-04-08T18:15:00Z,27.56,27.56,27.11,27.11
2026-04-08T18:20:00Z,27.37,27.4,27.25,27.4
2026-04-08T18:25:00Z,27.31,27.37,27.23,27.23
2026-04-08T18:30:00Z,27.08,27.09,26.96,27.03
2026-04-08T18:35:00Z,27.02,27.03,26.9,26.91
2026-04-08T18:40:00Z,26.85,26.94,26.72,26.74
2026-04-08T18:45:00Z,26.72,26.75,26.69,26.69
2026-04-08T18:50:00Z,26.66,26.67,26.5,26.5
2026-04-08T18:55:00Z,26.5,26.5,26.25,26.36
2026-04-08T19:00:00Z,26.18,26.32,26.17,26.2
2026-04-08T19:05:00Z,26.31,26.39,26.31,26.34
2026-04-08T19:10:00Z,26.15,26.18,26.07,26.1
2026-04-08T19:15:00Z,26.215,26.215,26,26
2026-04-08T19:20:00Z,26,26.02,25.73,25.745
2026-04-08T19:25:00Z,25.85,25.85,25.46,25.46
2026-04-08T19:30:00Z,25.54,25.61,25.175,25.38
2026-04-08T19:35:00Z,25.44,25.59,25.36,25.5
2026-04-08T19:40:00Z,25.4,25.56,25.34,25.56
2026-04-08T19:45:00Z,25.91,26.06,25.91,26
2026-04-08T19:50:00Z,26.02,26.02,25.95,25.95
2026-04-08T19:55:00Z,25.91,26.24,25.91,26.24
2026-04-09T13:30:00Z,26.17,26.97,25.88,26.7
2026-04-09T13:35:00Z,26.53,26.67,26.49,26.67
2026-04-09T13:40:00Z,26.72,27.05,26.5,26.5
2026-04-09T13:45:00Z,26.47,26.47,25.84,25.92
2026-04-09T13:50:00Z,25.82,25.82,24.51,24.8
2026-04-09T13:55:00Z,24.75,25.04,24.355,24.9
2026-04-09T14:00:00Z,24.69,24.72,24.35,24.62
2026-04-09T14:05:00Z,24.66,24.81,24.52,24.52
2026-04-09T14:10:00Z,24.58,24.69,24.5,24.55
2026-04-09T14:15:00Z,24.55,24.55,24.3,24.33
2026-04-09T14:20:00Z,24.37,24.5,24.3,24.5
2026-04-09T14:25:00Z,24.43,24.43,24.2,24.27
2026-04-09T14:30:00Z,24.38,24.5,24.38,24.5
2026-04-09T14:35:00Z,24.53,24.68,24.53,24.61
2026-04-09T14:40:00Z,24.6,24.87,24.57,24.75
2026-04-09T14:45:00Z,24.74,24.77,24.74,24.75
2026-04-09T14:50:00Z,24.6,24.6,24.4,24.415
2026-04-09T14:55:00Z,24.36,24.36,24.25,24.33
2026-04-09T15:00:00Z,24.355,24.355,24.03,24.11
2026-04-09T15:05:00Z,24.25,24.27,24.05,24.09
2026-04-09T15:10:00Z,24.08,24.375,24.08,24.375
2026-04-09T15:15:00Z,24.59,24.69,24.52,24.69
2026-04-09T15:20:00Z,24.68,24.68,24.5,24.5
2026-04-09T15:25:00Z,24.48,24.51,24.24,24.24
2026-04-09T15:30:00Z,24.2,24.69,24.2,24.69
2026-04-09T15:35:00Z,24.62,24.77,24.6,24.63
2026-04-09T15:40:00Z,24.8,25.07,24.73,24.99
2026-04-09T15:45:00Z,24.99,25.1,24.85,24.85
2026-04-09T15:50:00Z,25.02,25.15,25.02,25.15
2026-04-09T15:55:00Z,25.26,25.26,24.99,25.01
2026-04-09T16:00:00Z,24.99,25.29,24.99,25.27
2026-04-09T16:05:00Z,25.24,25.35,25.18,25.18
2026-04-09T16:10:00Z,25.305,25.305,24.88,24.88
2026-04-09T16:15:00Z,24.9,24.9,24.73,24.83
2026-04-09T16:20:00Z,24.78,24.82,24.74,24.74
2026-04-09T16:25:00Z,24.6,24.6,24.43,24.43
2026-04-09T16:30:00Z,24.31,24.31,23.93,23.93
2026-04-09T16:35:00Z,23.92,23.92,23.56,23.62
2026-04-09T16:40:00Z,23.6,23.85,23.55,23.83
2026-04-09T16:45:00Z,23.8,24.01,23.8,23.9
2026-04-09T16:50:00Z,23.92,24,23.89,24
2026-04-09T16:55:00Z,24,24,23.75,23.75
2026-04-09T17:00:00Z,23.77,23.77,23.75,23.75
2026-04-09T17:05:00Z,23.82,23.82,23.82,23.82
2026-04-09T17:10:00Z,24,24,24,24
2026-04-09T17:15:00Z,24,24.03,23.9,23.9
2026-04-09T17:20:00Z,23.98,23.99,23.98,23.99
2026-04-09T17:25:00Z,23.9,23.9,23.84,23.86
2026-04-09T17:30:00Z,23.75,23.76,23.55,23.55
2026-04-09T17:35:00Z,23.54,23.68,23.5,23.6
2026-04-09T17:40:00Z,23.595,23.6,23.595,23.6
2026-04-09T17:45:00Z,23.6,23.6,23.48,23.5
2026-04-09T17:50:00Z,23.63,23.68,23.63,23.68
2026-04-09T17:55:00Z,23.62,23.62,23.61,23.61
2026-04-09T18:00:00Z,23.52,23.64,23.5,23.58
2026-04-09T18:05:00Z,23.57,23.74,23.57,23.65
2026-04-09T18:10:00Z,23.7,23.74,23.46,23.46
2026-04-09T18:15:00Z,23.55,23.55,23.43,23.43
2026-04-09T18:20:00Z,23.41,23.46,23.36,23.37
2026-04-09T18:25:00Z,23.47,23.48,23.4,23.4
2026-04-09T18:30:00Z,23.4,23.4,23.4,23.4
2026-04-09T18:35:00Z,23.36,23.36,23.36,23.36
2026-04-09T18:40:00Z,23.47,23.49,23.27,23.32
2026-04-09T18:45:00Z,23.55,23.6,23.55,23.6
2026-04-09T18:50:00Z,23.65,23.72,23.65,23.72
2026-04-09T18:55:00Z,23.78,23.78,23.78,23.78
2026-04-09T19:00:00Z,23.77,23.96,23.71,23.96
2026-04-09T19:05:00Z,23.92,23.92,23.86,23.86
2026-04-09T19:10:00Z,24.01,24.01,24.01,24.01
2026-04-09T19:20:00Z,24.12,24.12,24.12,24.12
2026-04-09T19:25:00Z,24.11,24.11,24.06,24.06
2026-04-09T19:30:00Z,24.3,24.54,24.3,24.49
2026-04-09T19:35:00Z,24.46,24.46,24.46,24.46
2026-04-09T19:40:00Z,24.43,24.43,24.35,24.35
2026-04-09T19:45:00Z,24.34,24.53,24.34,24.53
2026-04-09T19:50:00Z,24.55,24.61,24.535,24.535
2026-04-09T19:55:00Z,24.58,24.66,24.48,24.56
2026-04-10T13:30:00Z,24.12,24.85,23.6,23.71
2026-04-10T13:35:00Z,23.55,23.55,22.71,23.35
2026-04-10T13:40:00Z,23.38,23.38,23.08,23.18
2026-04-10T13:45:00Z,23.21,23.645,23.02,23.3
2026-04-10T13:50:00Z,23.1,23.4,23,23.25
2026-04-10T13:55:00Z,23.2,23.61,23.2,23.5
2026-04-10T14:00:00Z,23.64,24.1,23.5,23.5
2026-04-10T14:05:00Z,23.47,23.47,23.19,23.2
2026-04-10T14:10:00Z,23.36,24.1,23.36,24.03
2026-04-10T14:15:00Z,23.9,23.95,23.9,23.91
2026-04-10T14:20:00Z,24.11,24.17,24.08,24.17
2026-04-10T14:25:00Z,24.26,24.62,24.26,24.62
2026-04-10T14:30:00Z,24.83,25.53,24.83,25.4
2026-04-10T14:35:00Z,25.2,25.5,25.2,25.5
2026-04-10T14:40:00Z,25.29,25.53,25.1,25.22
2026-04-10T14:45:00Z,25.15,25.38,25.12,25.35
2026-04-10T14:50:00Z,25.34,25.35,25.34,25.35
2026-04-10T14:55:00Z,25.37,25.46,25.37,25.38
2026-04-10T15:00:00Z,25.46,25.5,25.32,25.5
2026-04-10T15:05:00Z,25.36,25.48,25.22,25.465
2026-04-10T15:10:00Z,25.5,25.56,25.44,25.51
2026-04-10T15:15:00Z,25.5,25.5,25.5,25.5
2026-04-10T15:20:00Z,25.61,25.63,25.57,25.57
2026-04-10T15:25:00Z,25.57,25.57,25.39,25.55
2026-04-10T15:30:00Z,25.56,25.56,25.56,25.56
2026-04-10T15:35:00Z,25.501,25.53,25.49,25.495
2026-04-10T15:40:00Z,25.4,25.48,25.36,25.48
2026-04-10T15:45:00Z,25.48,25.5,25.33,25.5
2026-04-10T15:50:00Z,25.59,25.7,25.36,25.36
2026-04-10T15:55:00Z,25.64,25.64,25.41,25.6
2026-04-10T16:00:00Z,25.56,25.56,25.43,25.43
2026-04-10T16:05:00Z,25.5,25.53,25.49,25.53
2026-04-10T16:10:00Z,25.54,25.75,25.54,25.75
2026-04-10T16:15:00Z,25.64,25.64,25.58,25.62
2026-04-10T16:20:00Z,25.65,25.65,25.65,25.65
2026-04-10T16:25:00Z,25.77,25.84,25.77,25.84
2026-04-10T16:30:00Z,25.72,25.72,25.45,25.48
2026-04-10T16:40:00Z,25.5,25.53,25.49,25.53
2026-04-10T16:45:00Z,25.48,25.48,25.36,25.36
2026-04-10T16:50:00Z,25.34,25.45,25.34,25.44
2026-04-10T16:55:00Z,25.5,25.6,25.5,25.6
2026-04-10T17:00:00Z,25.54,25.54,25.5,25.5
2026-04-10T17:05:00Z,25.5,25.5,25.44,25.44
2026-04-10T17:15:00Z,25.47,25.51,25.47,25.51
2026-04-10T17:20:00Z,25.33,25.37,25.33,25.34
2026-04-10T17:25:00Z,25.34,25.34,25.32,25.32
2026-04-10T17:30:00Z,25.2,25.2,25.2,25.2
2026-04-10T17:35:00Z,25.23,25.23,25.23,25.23
2026-04-10T17:50:00Z,25.32,25.32,25.32,25.32
2026-04-10T17:55:00Z,25.25,25.25,25.25,25.25
2026-04-10T18:00:00Z,25.23,25.23,25.23,25.23
2026-04-10T18:05:00Z,25.39,25.4,25.37,25.37
2026-04-10T18:10:00Z,25.3,25.3,25.3,25.3
2026-04-10T18:30:00Z,25.4,25.4,25.39,25.39
2026-04-10T18:40:00Z,25.2,25.26,25.2,25.26
2026-04-10T18:50:00Z,25.33,25.6,25.33,25.57
2026-04-10T19:05:00Z,25.65,25.75,25.65,25.75
2026-04-10T19:10:00Z,25.81,25.81,25.81,25.81
2026-04-10T19:15:00Z,25.85,26.07,25.85,26.02
2026-04-10T19:20:00Z,25.99,26.06,25.94,26.06
2026-04-10T19:25:00Z,26.01,26.05,26,26.05
2026-04-10T19:30:00Z,25.99,26.03,25.99,26.02
2026-04-10T19:35:00Z,25.98,26.07,25.98,26.06
2026-04-10T19:40:00Z,26.03,26.07,25.94,26.07
2026-04-10T19:45:00Z,26.09,26.1,26.09,26.1
2026-04-10T19:50:00Z,26.07,26.18,26.07,26.15
2026-04-10T19:55:00Z,26.08,26.15,26.08,26.12
2026-04-13T13:30:00Z,26.67,27.5,26.62,27.37
2026-04-13T13:35:00Z,27.39,27.65,27.2,27.62
2026-04-13T13:40:00Z,27.8,28.36,27.8,28.12
2026-04-13T13:45:00Z,28.15,28.89,28.14,28.84
2026-04-13T13:50:00Z,28.91,29,28.27,28.5
2026-04-13T13:55:00Z,28.64,28.99,28.51,28.9
2026-04-13T14:00:00Z,28.85,29.28,28.85,29.15
2026-04-13T14:05:00Z,29.2,29.2,28.84,28.84
2026-04-13T14:10:00Z,28.76,28.86,28.52,28.58
2026-04-13T14:15:00Z,28.54,28.54,28.37,28.46
2026-04-13T14:20:00Z,28.46,28.7,28.46,28.7
2026-04-13T14:25:00Z,28.65,28.8,28.65,28.8
2026-04-13T14:30:00Z,28.85,28.92,28.8,28.8
2026-04-13T14:35:00Z,28.75,28.76,28.61,28.76
2026-04-13T14:40:00Z,28.78,29.13,28.78,29.13
2026-04-13T14:45:00Z,29.19,29.4,29.16,29.3
2026-04-13T14:50:00Z,29.33,29.75,29.33,29.69
2026-04-13T14:55:00Z,29.74,30.14,29.725,30.04
2026-04-13T15:00:00Z,30.09,30.12,29.8,29.945
2026-04-13T15:05:00Z,29.97,30.13,29.97,30.1
2026-04-13T15:10:00Z,30.08,30.2,29.96,30
2026-04-13T15:15:00Z,30.05,30.15,29.88,29.9
2026-04-13T15:20:00Z,29.77,29.89,29.73,29.79
2026-04-13T15:25:00Z,29.73,29.84,29.62,29.84
2026-04-13T15:30:00Z,29.84,29.84,29.65,29.67
2026-04-13T15:35:00Z,29.71,29.76,29.61,29.76
2026-04-13T15:40:00Z,29.73,29.73,29.67,29.67
2026-04-13T15:45:00Z,29.59,29.68,29.59,29.68
2026-04-13T15:50:00Z,29.7,29.76,29.7,29.76
2026-04-13T16:00:00Z,29.75,29.75,29.63,29.72
2026-04-13T16:05:00Z,29.621,29.82,29.621,29.82
2026-04-13T16:15:00Z,29.9,29.96,29.9,29.92
2026-04-13T16:20:00Z,29.89,30,29.78,30
2026-04-13T16:25:00Z,30,30.19,29.99,30.19
2026-04-13T16:30:00Z,30.13,30.13,29.71,29.83
2026-04-13T16:35:00Z,29.87,29.95,29.85,29.85
2026-04-13T16:40:00Z,29.69,29.75,29.26,29.4
2026-04-13T16:45:00Z,29.25,29.25,29.16,29.16
2026-04-13T16:50:00Z,29.47,29.5,29.25,29.39
2026-04-13T16:55:00Z,29.35,29.35,29.3,29.3
2026-04-13T17:00:00Z,29.32,29.35,29.24,29.27
2026-04-13T17:05:00Z,29.3,29.47,29.27,29.47
2026-04-13T17:10:00Z,29.29,29.29,29.29,29.29
2026-04-13T17:15:00Z,29.3,29.41,29.3,29.41
2026-04-13T17:20:00Z,29.4,29.43,29.4,29.43
2026-04-13T17:25:00Z,29.37,29.37,29.34,29.34
2026-04-13T17:30:00Z,29.38,29.49,29.38,29.44
2026-04-13T17:35:00Z,29.4,29.4,29.27,29.27
2026-04-13T17:40:00Z,29.16,29.27,29.16,29.27
2026-04-13T17:50:00Z,29.16,29.22,29.16,29.22
2026-04-13T17:55:00Z,29.18,29.18,29.18,29.18
2026-04-13T18:00:00Z,29.26,29.26,29.26,29.26
2026-04-13T18:10:00Z,29.31,29.35,29.28,29.28
2026-04-13T18:15:00Z,29.05,29.05,29.05,29.05
2026-04-13T18:20:00Z,29,29.04,28.98,28.98
2026-04-13T18:25:00Z,28.83,28.83,28.83,28.83
2026-04-13T18:30:00Z,28.8,28.8,28.7,28.7
2026-04-13T18:35:00Z,28.69,28.71,28.66,28.71
2026-04-13T18:40:00Z,28.6,28.61,28.6,28.61
2026-04-13T18:45:00Z,28.58,28.58,28.58,28.58
2026-04-13T18:50:00Z,28.53,28.63,28.53,28.59
2026-04-13T18:55:00Z,28.86,28.86,28.82,28.82
2026-04-13T19:10:00Z,28.85,28.85,28.85,28.85
2026-04-13T19:15:00Z,28.84,28.85,28.84,28.85
2026-04-13T19:30:00Z,28.98,29.12,28.98,29.08
2026-04-13T19:35:00Z,29.16,29.16,29.12,29.12
2026-04-13T19:40:00Z,29.17,29.2,29.16,29.2
2026-04-13T19:45:00Z,29.17,29.26,29.17,29.26
2026-04-13T19:50:00Z,29.26,29.4,29.26,29.4
2026-04-13T19:55:00Z,29.47,29.59,29.38,29.46
2026-04-14T13:30:00Z,31.5,31.5,31.04,31.09
2026-04-14T13:35:00Z,31.44,32.1,31.35,31.94
2026-04-14T13:40:00Z,31.88,32.18,31.595,31.79
2026-04-14T13:45:00Z,31.67,31.91,31.5,31.5
2026-04-14T13:50:00Z,31.36,31.63,31.3,31.48
2026-04-14T13:55:00Z,31.36,31.61,31.15,31.61
2026-04-14T14:00:00Z,31.58,31.58,31.39,31.46
2026-04-14T14:05:00Z,31.42,31.56,31.36,31.56
2026-04-14T14:10:00Z,31.55,31.68,31.55,31.65
2026-04-14T14:15:00Z,31.45,31.45,30.98,31.135
2026-04-14T14:20:00Z,31.28,31.4,31.28,31.35
2026-04-14T14:25:00Z,31.38,31.48,31.26,31.29
2026-04-14T14:30:00Z,31.25,31.25,31.01,31.03
2026-04-14T14:35:00Z,31.07,31.12,30.94,31
2026-04-14T14:40:00Z,31,31.03,30.75,30.75
2026-04-14T14:45:00Z,30.73,30.84,30.63,30.84
2026-04-14T14:50:00Z,30.84,30.86,30.7,30.84
2026-04-14T14:55:00Z,30.81,31,30.81,31
2026-04-14T15:00:00Z,31.04,31.35,31.04,31.3
2026-04-14T15:05:00Z,31.25,31.25,30.9,31.11
2026-04-14T15:10:00Z,31.055,31.055,30.925,31.02
2026-04-14T15:15:00Z,31.15,31.18,31.07,31.07
2026-04-14T15:20:00Z,31.1,31.11,31.03,31.03
2026-04-14T15:25:00Z,31.14,31.2,31.14,31.2
2026-04-14T15:30:00Z,31.21,31.38,31.21,31.38
2026-04-14T15:35:00Z,31.39,31.5,31.39,31.45
2026-04-14T15:40:00Z,31.351,31.4,31.33,31.33
2026-04-14T15:45:00Z,31.32,31.45,31.3,31.32
2026-04-14T15:50:00Z,31.4,31.4,31.39,31.39
2026-04-14T16:00:00Z,31.5,31.5,31.45,31.5
2026-04-14T16:05:00Z,31.47,31.58,31.47,31.58
2026-04-14T16:10:00Z,31.64,31.64,31.56,31.58
2026-04-14T16:15:00Z,31.58,31.62,31.58,31.62
2026-04-14T16:20:00Z,31.7,31.81,31.7,31.81
2026-04-14T16:25:00Z,31.88,31.88,31.88,31.88
2026-04-14T16:30:00Z,31.89,31.89,31.81,31.81
2026-04-14T16:35:00Z,31.81,31.84,31.8,31.84
2026-04-14T16:40:00Z,31.81,31.92,31.81,31.89
2026-04-14T16:45:00Z,31.89,32,31.84,31.97
2026-04-14T16:50:00Z,31.98,32.03,31.95,32.03
2026-04-14T16:55:00Z,32.06,32.06,32.02,32.05
2026-04-14T17:00:00Z,32.06,32.18,32.03,32.03
2026-04-14T17:05:00Z,32.11,32.11,31.93,31.93
2026-04-14T17:10:00Z,32,32,32,32
2026-04-14T17:15:00Z,32.06,32.06,32.06,32.06
2026-04-14T17:25:00Z,32.08,32.08,32,32.01
2026-04-14T17:30:00Z,32.01,32.01,32,32
2026-04-14T17:40:00Z,31.98,32.04,31.98,32.04
2026-04-14T17:45:00Z,32,32,32,32
2026-04-14T17:50:00Z,32.1,32.12,32.1,32.12
2026-04-14T17:55:00Z,32.18,32.18,32.07,32.07
2026-04-14T18:00:00Z,31.97,31.97,31.83,31.85
2026-04-14T18:05:00Z,31.8,31.8,31.49,31.56
2026-04-14T18:10:00Z,31.6,31.6,31.36,31.36
2026-04-14T18:15:00Z,31.49,31.5,31.15,31.18
2026-04-14T18:20:00Z,31.2,31.28,31.15,31.18
2026-04-14T18:25:00Z,31.13,31.28,31.13,31.28
2026-04-14T18:30:00Z,31.4,31.46,31.4,31.46
2026-04-14T18:35:00Z,31.49,31.5,31.45,31.45
2026-04-14T18:40:00Z,31.39,31.4,31.35,31.4
2026-04-14T18:45:00Z,31.4,31.41,31.37,31.41
2026-04-14T18:50:00Z,31.35,31.36,31.35,31.35
2026-04-14T18:55:00Z,31.37,31.37,31.37,31.37
2026-04-14T19:00:00Z,31.38,31.53,31.37,31.48
2026-04-14T19:05:00Z,31.52,31.59,31.52,31.59
2026-04-14T19:10:00Z,31.66,31.66,31.66,31.66
2026-04-14T19:15:00Z,31.76,31.76,31.73,31.73
2026-04-14T19:25:00Z,31.65,31.69,31.61,31.69
2026-04-14T19:30:00Z,31.745,31.88,31.745,31.88
2026-04-14T19:35:00Z,31.82,31.88,31.82,31.88
2026-04-14T19:40:00Z,31.88,31.88,31.85,31.85
2026-04-14T19:45:00Z,31.87,31.92,31.87,31.92
2026-04-14T19:50:00Z,31.95,32,31.95,32
2026-04-14T19:55:00Z,31.8,31.85,31.795,31.85
2026-04-15T13:30:00Z,32.03,33.51,31.88,33.51
2026-04-15T13:35:00Z,33.35,34.58,33.27,34.5
2026-04-15T13:40:00Z,34.42,35.1,34.38,34.53
2026-04-15T13:45:00Z,34.58,35.27,34.58,34.94
2026-04-15T13:50:00Z,34.98,35.075,34.66,34.91
2026-04-15T13:55:00Z,35.01,35.01,34.59,34.68
2026-04-15T14:00:00Z,34.57,34.57,34.28,34.28
2026-04-15T14:05:00Z,34.24,34.24,34,34.08
2026-04-15T14:10:00Z,34.06,34.41,34.06,34.4
2026-04-15T14:15:00Z,34.45,34.66,34.4,34.45
2026-04-15T14:20:00Z,34.3,34.51,34.2,34.42
2026-04-15T14:25:00Z,34.39,34.51,34.39,34.51
2026-04-15T14:30:00Z,34.6,34.94,34.6,34.94
2026-04-15T14:35:00Z,34.85,34.93,34.7,34.7
2026-04-15T14:40:00Z,34.65,34.65,34.4,34.5
2026-04-15T14:45:00Z,34.51,34.57,34.48,34.57
2026-04-15T14:50:00Z,34.64,34.7,34.62,34.7
2026-04-15T14:55:00Z,34.77,34.88,34.77,34.86
2026-04-15T15:00:00Z,34.9,35,34.8,35
2026-04-15T15:05:00Z,35.03,35.03,34.87,35
2026-04-15T15:10:00Z,35.01,35.76,34.97,35.75
2026-04-15T15:15:00Z,35.7,35.77,35.49,35.77
2026-04-15T15:20:00Z,35.8,35.84,35.72,35.84
2026-04-15T15:25:00Z,35.84,35.9,35.68,35.68
2026-04-15T15:30:00Z,35.64,35.73,35.31,35.31
2026-04-15T15:35:00Z,35.44,35.5,35.365,35.43
2026-04-15T15:40:00Z,35.44,35.44,35.27,35.33
2026-04-15T15:45:00Z,35.2,35.35,35.2,35.3
2026-04-15T15:50:00Z,35.28,35.28,35.095,35.095
2026-04-15T15:55:00Z,35,35.26,34.96,35.26
2026-04-15T16:00:00Z,35.14,35.18,35.14,35.18
2026-04-15T16:05:00Z,35.25,35.25,35.24,35.24
2026-04-15T16:10:00Z,35.1,35.14,34.96,34.98
2026-04-15T16:15:00Z,35.07,35.3,35,35.3
2026-04-15T16:20:00Z,35.32,35.44,35.3,35.44
2026-04-15T16:25:00Z,35.295,35.295,35.22,35.26
2026-04-15T16:30:00Z,35.14,35.17,34.95,35.02
2026-04-15T16:35:00Z,35.16,35.16,35.16,35.16
2026-04-15T16:40:00Z,35.03,35.03,34.94,34.94
2026-04-15T16:45:00Z,34.83,34.89,34.62,34.8
2026-04-15T16:50:00Z,34.83,34.83,34.59,34.78
2026-04-15T16:55:00Z,34.78,34.78,34.56,34.7
2026-04-15T17:00:00Z,34.59,34.74,34.5,34.74
2026-04-15T17:05:00Z,34.79,34.79,34.75,34.755
2026-04-15T17:10:00Z,34.69,34.78,34.69,34.77
2026-04-15T17:15:00Z,34.69,34.69,34.68,34.68
2026-04-15T17:20:00Z,34.72,34.72,34.72,34.72
2026-04-15T17:25:00Z,34.94,35.01,34.94,34.99
2026-04-15T17:30:00Z,35.06,35.07,34.92,34.92
2026-04-15T17:35:00Z,34.955,35.1,34.955,35.07
2026-04-15T17:40:00Z,35.055,35.055,34.98,35.04
2026-04-15T17:45:00Z,35.15,35.28,35.15,35.28
2026-04-15T17:50:00Z,35.26,35.39,35.26,35.3
2026-04-15T17:55:00Z,35.22,35.3,35.17,35.17
2026-04-15T18:00:00Z,35.23,35.37,35.23,35.37
2026-04-15T18:05:00Z,35.465,35.78,35.465,35.78
2026-04-15T18:10:00Z,35.79,35.91,35.75,35.87
2026-04-15T18:15:00Z,35.97,35.97,35.82,35.82
2026-04-15T18:20:00Z,35.77,36.06,35.77,35.95
2026-04-15T18:25:00Z,36.07,36.07,36,36
2026-04-15T18:30:00Z,35.93,36,35.93,36
2026-04-15T18:35:00Z,36.07,36.2,36.07,36.13
2026-04-15T18:40:00Z,36.09,36.16,36.09,36.1
2026-04-15T18:45:00Z,36.07,36.17,36.05,36.17
2026-04-15T18:50:00Z,36.21,36.3,36.21,36.28
2026-04-15T18:55:00Z,36.33,36.35,36.2,36.2
2026-04-15T19:00:00Z,36.2,36.2,36.17,36.17
2026-04-15T19:05:00Z,36.14,36.18,36.14,36.17
2026-04-15T19:10:00Z,36.11,36.11,36.04,36.04
2026-04-15T19:15:00Z,35.9,35.92,35.85,35.85
2026-04-15T19:20:00Z,35.85,35.85,35.8,35.8
2026-04-15T19:25:00Z,35.95,35.95,35.92,35.92
2026-04-15T19:30:00Z,36.12,36.12,36.12,36.12
2026-04-15T19:35:00Z,36.16,36.19,36.16,36.19
2026-04-15T19:40:00Z,36.15,36.28,36.15,36.28
2026-04-15T19:45:00Z,36.3,36.31,36.3,36.3
2026-04-15T19:50:00Z,36.3,36.55,36.3,36.55
2026-04-15T19:55:00Z,36.6,36.69,36.41,36.45
2026-04-16T13:30:00Z,39.66,39.75,38.16,38.855
2026-04-16T13:35:00Z,38.7,38.7,38.075,38.15
2026-04-16T13:40:00Z,38.14,38.43,37.5,37.7
2026-04-16T13:45:00Z,37.71,38.17,37.56,37.67
2026-04-16T13:50:00Z,37.66,37.66,36,36.02
2026-04-16T13:55:00Z,36.02,36.7,36.02,36.7
2026-04-16T14:00:00Z,36.46,36.51,36.28,36.51
2026-04-16T14:05:00Z,36.5,36.92,36.49,36.75
2026-04-16T14:10:00Z,36.69,36.74,36.475,36.54
2026-04-16T14:15:00Z,36.54,36.63,36.4,36.41
2026-04-16T14:20:00Z,36.39,36.46,36.22,36.35
2026-04-16T14:25:00Z,36.34,36.62,36.34,36.62
2026-04-16T14:30:00Z,36.61,36.61,36.41,36.46
2026-04-16T14:35:00Z,36.44,36.78,36.44,36.5
2026-04-16T14:40:00Z,36.46,36.48,36.285,36.3
2026-04-16T14:45:00Z,36.79,37.08,36.79,37.06
2026-04-16T14:50:00Z,37,37.28,36.91,37
2026-04-16T14:55:00Z,37.05,37.17,36.88,36.91
2026-04-16T15:00:00Z,36.82,36.92,36.8,36.91
2026-04-16T15:05:00Z,36.85,36.94,36.8,36.94
2026-04-16T15:10:00Z,37.2,37.2,37.12,37.17
2026-04-16T15:15:00Z,37.3,37.65,37.3,37.53
2026-04-16T15:20:00Z,37.47,37.9,37.47,37.9
2026-04-16T15:25:00Z,37.84,37.93,37.66,37.68
2026-04-16T15:30:00Z,37.6,37.77,37.6,37.71
2026-04-16T15:35:00Z,37.84,38.25,37.84,38
2026-04-16T15:40:00Z,37.96,37.96,37.7,37.78
2026-04-16T15:45:00Z,37.82,37.96,37.81,37.96
2026-04-16T15:50:00Z,38.12,38.2,38.12,38.2
2026-04-16T15:55:00Z,38.33,38.33,38.18,38.31
2026-04-16T16:00:00Z,38.42,38.65,38.42,38.65
2026-04-16T16:05:00Z,38.5,38.5,38.5,38.5
2026-04-16T16:10:00Z,38.59,38.59,38.34,38.34
2026-04-16T16:15:00Z,38.29,38.41,38.29,38.36
2026-04-16T16:20:00Z,38.38,38.38,38.19,38.2
2026-04-16T16:25:00Z,38.14,38.14,38,38
2026-04-16T16:30:00Z,37.95,37.97,37.45,37.56
2026-04-16T16:35:00Z,37.605,37.65,37.605,37.65
2026-04-16T16:40:00Z,37.7,37.7,37.68,37.68
2026-04-16T16:45:00Z,37.83,37.92,37.83,37.91
2026-04-16T16:50:00Z,37.92,37.92,37.8,37.8
2026-04-16T16:55:00Z,37.6,37.6,37.6,37.6
2026-04-16T17:00:00Z,37.65,37.65,37.46,37.51
2026-04-16T17:05:00Z,37.41,37.58,37.41,37.58
2026-04-16T17:10:00Z,37.58,37.58,37.38,37.38
2026-04-16T17:15:00Z,37.2,37.32,37.19,37.23
2026-04-16T17:20:00Z,37.25,37.36,37.25,37.36
2026-04-16T17:25:00Z,37.38,37.495,37.35,37.495
2026-04-16T17:30:00Z,37.66,37.66,37.62,37.62
2026-04-16T17:40:00Z,37.49,37.49,37.43,37.43
2026-04-16T17:45:00Z,37.4,37.49,37.4,37.49
2026-04-16T17:50:00Z,37.32,37.32,37.24,37.24
2026-04-16T17:55:00Z,37.22,37.22,36.97,37
2026-04-16T18:05:00Z,37.05,37.05,36.88,36.88
2026-04-16T18:10:00Z,36.85,36.86,36.85,36.86
2026-04-16T18:15:00Z,36.82,36.89,36.82,36.82
2026-04-16T18:20:00Z,36.82,36.82,36.71,36.71
2026-04-16T18:25:00Z,36.72,36.72,36.63,36.65
2026-04-16T18:30:00Z,36.8,36.99,36.79,36.99
2026-04-16T18:40:00Z,37.05,37.06,37.02,37.06
2026-04-16T18:45:00Z,37.13,37.13,37.04,37.04
2026-04-16T18:50:00Z,37,37.08,36.99,36.99
2026-04-16T18:55:00Z,36.97,37,36.97,36.97
2026-04-16T19:00:00Z,37.1,37.1,37.1,37.1
2026-04-16T19:05:00Z,37.15,37.165,36.88,36.88
2026-04-16T19:10:00Z,36.94,37.01,36.91,36.91
2026-04-16T19:15:00Z,36.92,36.97,36.77,36.77
2026-04-16T19:20:00Z,36.71,36.73,36.59,36.59
2026-04-16T19:25:00Z,36.62,36.63,36.57,36.58
2026-04-16T19:30:00Z,36.79,36.79,36.69,36.69
2026-04-16T19:35:00Z,36.66,36.67,36.64,36.67
2026-04-16T19:40:00Z,36.67,36.71,36.67,36.7
2026-04-16T19:45:00Z,36.63,36.73,36.63,36.7
2026-04-16T19:50:00Z,36.74,36.8,36.59,36.63
2026-04-16T19:55:00Z,36.67,36.67,36.55,36.56
2026-04-17T13:30:00Z,38.585,39,37.58,37.8
2026-04-17T13:35:00Z,37.92,39.28,37.85,39.28
2026-04-17T13:40:00Z,39.2,39.37,38.5,38.72
2026-04-17T13:45:00Z,38.56,38.98,38.15,38.79
2026-04-17T13:50:00Z,38.83,38.94,38.78,38.78
2026-04-17T13:55:00Z,38.5,38.5,38.33,38.33
2026-04-17T14:00:00Z,38.38,38.49,38.26,38.49
2026-04-17T14:05:00Z,38.69,38.69,38.38,38.58
2026-04-17T14:10:00Z,38.64,38.78,38.64,38.66
2026-04-17T14:15:00Z,38.95,39.23,38.65,38.7
2026-04-17T14:20:00Z,38.66,38.74,38.54,38.74
2026-04-17T14:25:00Z,38.76,38.95,38.76,38.95
2026-04-17T14:30:00Z,39.1,39.6,39.1,39.6
2026-04-17T14:35:00Z,39.52,39.52,39.21,39.34
2026-04-17T14:40:00Z,39.3,39.3,39.2,39.28
2026-04-17T14:45:00Z,39.28,39.39,39.28,39.39
2026-04-17T14:50:00Z,39.31,39.58,39.28,39.53
2026-04-17T14:55:00Z,39.53,39.53,39.36,39.41
2026-04-17T15:00:00Z,39.32,39.325,39.13,39.13
2026-04-17T15:05:00Z,39.26,39.43,39.181,39.43
2026-04-17T15:10:00Z,39.43,39.45,39,39.09
2026-04-17T15:15:00Z,39.3,39.3,39.15,39.22
2026-04-17T15:20:00Z,39.26,39.66,39.26,39.58
2026-04-17T15:25:00Z,39.68,39.769,39.44,39.5
2026-04-17T15:30:00Z,39.67,39.68,39.63,39.63
2026-04-17T15:35:00Z,39.73,39.84,39.71,39.77
2026-04-17T15:40:00Z,39.675,39.69,39.3,39.3
2026-04-17T15:45:00Z,39.2,39.34,39.18,39.22
2026-04-17T15:50:00Z,39.1,39.1,39,39.1
2026-04-17T15:55:00Z,39.25,39.41,39.25,39.41
2026-04-17T16:00:00Z,39.34,39.35,39.21,39.28
2026-04-17T16:05:00Z,39.51,39.55,39.03,39.03
2026-04-17T16:10:00Z,39.08,39.08,39.08,39.08
2026-04-17T16:15:00Z,38.985,38.985,38.791,38.85
2026-04-17T16:20:00Z,39,39,39,39
2026-04-17T16:25:00Z,39.11,39.11,39.11,39.11
2026-04-17T16:30:00Z,39.13,39.25,39.13,39.25
2026-04-17T16:35:00Z,39.21,39.21,39.21,39.21
2026-04-17T16:40:00Z,39.11,39.11,39.11,39.11
2026-04-17T16:45:00Z,38.89,38.89,38.89,38.89
2026-04-17T16:50:00Z,38.83,38.94,38.83,38.93
2026-04-17T16:55:00Z,38.9,38.97,38.9,38.97
2026-04-17T17:00:00Z,39.07,39.2,39.02,39.15
2026-04-17T17:05:00Z,39,39,38.82,38.82
2026-04-17T17:10:00Z,38.82,38.82,38.715,38.8
2026-04-17T17:15:00Z,38.795,38.84,38.61,38.61
2026-04-17T17:20:00Z,38.5,38.5,38.25,38.33
2026-04-17T17:25:00Z,38.42,38.46,38.4,38.4
2026-04-17T17:30:00Z,38.47,38.47,38.47,38.47
2026-04-17T17:35:00Z,38.45,38.7,38.45,38.7
2026-04-17T17:40:00Z,38.7,38.71,38.65,38.65
2026-04-17T17:45:00Z,38.7,38.89,38.7,38.89
2026-04-17T17:50:00Z,38.75,38.76,38.72,38.72
2026-04-17T17:55:00Z,38.72,38.72,38.72,38.72
2026-04-17T18:05:00Z,38.51,38.56,37.97,38.47
2026-04-17T18:10:00Z,38.37,38.43,38.36,38.43
2026-04-17T18:15:00Z,38.55,38.55,38.55,38.55
2026-04-17T18:20:00Z,38.4,38.47,38.4,38.47
2026-04-17T18:25:00Z,38.4,38.4,38.39,38.39
2026-04-17T18:30:00Z,38.365,38.48,38.365,38.48
2026-04-17T18:35:00Z,38.56,38.56,38.56,38.56
2026-04-17T18:40:00Z,38.55,38.6,38.5,38.5
2026-04-17T18:45:00Z,38.46,38.5,38.46,38.5
2026-04-17T18:50:00Z,38.46,38.46,38.4,38.4
2026-04-17T18:55:00Z,38.41,38.48,38.34,38.37
2026-04-17T19:00:00Z,38.38,38.38,38.38,38.38
2026-04-17T19:05:00Z,38.4,38.46,38.37,38.37
2026-04-17T19:10:00Z,38.43,38.43,38.43,38.43
2026-04-17T19:15:00Z,38.575,38.59,38.49,38.59
2026-04-17T19:20:00Z,38.66,38.68,38.45,38.45
2026-04-17T19:25:00Z,38.55,38.58,38.55,38.58
2026-04-17T19:30:00Z,38.57,38.6,38.57,38.58
2026-04-17T19:35:00Z,38.45,38.5,38.45,38.5
2026-04-17T19:40:00Z,38.43,38.43,38.4,38.4
2026-04-17T19:45:00Z,38.445,38.445,38.35,38.36
2026-04-17T19:50:00Z,38.5,38.56,38.25,38.56
2026-04-17T19:55:00Z,38.33,38.34,38.15,38.25
2026-04-20T13:30:00Z,37.355,38,36.53,38
2026-04-20T13:35:00Z,38.18,38.19,37.51,37.51
2026-04-20T13:40:00Z,37.6,38.319,37.42,38.31
2026-04-20T13:45:00Z,38.34,39.1,38.34,39.07
2026-04-20T13:50:00Z,38.97,40.08,38.77,39.93
2026-04-20T13:55:00Z,39.91,40.48,39.77,39.77
2026-04-20T14:00:00Z,39.77,39.795,39,39.19
2026-04-20T14:05:00Z,39.16,39.38,39.03,39.38
2026-04-20T14:10:00Z,39.5,39.5,38.89,38.89
2026-04-20T14:15:00Z,38.8,38.8,38.15,38.15
2026-04-20T14:20:00Z,38.31,38.6,38.28,38.6
2026-04-20T14:25:00Z,38.73,38.85,38.31,38.31
2026-04-20T14:30:00Z,38.36,38.51,38.23,38.51
2026-04-20T14:35:00Z,38.67,38.71,38.62,38.62
2026-04-20T14:40:00Z,38.87,38.87,38.5,38.52
2026-04-20T14:45:00Z,38.49,38.49,38.17,38.17
2026-04-20T14:50:00Z,38.29,38.29,38,38.12
2026-04-20T14:55:00Z,37.98,37.98,37.82,37.82
2026-04-20T15:00:00Z,37.8,37.8,37.72,37.72
2026-04-20T15:05:00Z,37.79,37.79,37.62,37.68
2026-04-20T15:10:00Z,37.88,38.05,37.87,37.98
2026-04-20T15:15:00Z,37.97,37.99,37.82,37.96
2026-04-20T15:20:00Z,38.06,38.31,37.975,38.3
2026-04-20T15:25:00Z,38.3,38.32,38.3,38.32
2026-04-20T15:30:00Z,38.36,38.36,38.13,38.13
2026-04-20T15:35:00Z,38.3,38.31,38.16,38.28
2026-04-20T15:40:00Z,38.4,38.5,38.37,38.37
2026-04-20T15:45:00Z,38.46,38.58,38.46,38.58
2026-04-20T15:50:00Z,38.62,38.76,38.62,38.76
2026-04-20T15:55:00Z,38.75,38.77,38.75,38.77
2026-04-20T16:00:00Z,38.95,39,38.93,39
2026-04-20T16:05:00Z,38.9,39,38.9,39
2026-04-20T16:10:00Z,38.88,39.1,38.88,39.1
2026-04-20T16:15:00Z,39.14,39.25,39.08,39.25
2026-04-20T16:20:00Z,39.32,39.32,39.3,39.3
2026-04-20T16:25:00Z,39,39,39,39
2026-04-20T16:30:00Z,39.09,39.26,39.09,39.22
2026-04-20T16:35:00Z,39.3,39.43,39.26,39.43
2026-04-20T16:40:00Z,39.44,39.44,39.44,39.44
2026-04-20T16:45:00Z,39.47,39.5,39.47,39.5
2026-04-20T16:50:00Z,39.48,39.48,39.37,39.37
2026-04-20T16:55:00Z,39.29,39.38,39.26,39.38
2026-04-20T17:00:00Z,39.39,39.51,39.21,39.35
2026-04-20T17:05:00Z,39.69,39.7,39.69,39.7
2026-04-20T17:10:00Z,39.61,39.61,39.61,39.61
2026-04-20T17:20:00Z,39.64,39.75,39.64,39.75
2026-04-20T17:25:00Z,39.76,39.76,39.66,39.73
2026-04-20T17:30:00Z,39.65,39.67,39.62,39.66
2026-04-20T17:35:00Z,39.7,39.73,39.7,39.73
2026-04-20T17:40:00Z,39.76,39.76,39.63,39.63
2026-04-20T17:45:00Z,39.8,39.87,39.8,39.87
2026-04-20T17:50:00Z,39.88,39.99,39.88,39.9
2026-04-20T17:55:00Z,39.8,39.8,39.8,39.8
2026-04-20T18:00:00Z,39.81,39.83,39.81,39.83
2026-04-20T18:05:00Z,39.74,39.75,39.63,39.64
2026-04-20T18:10:00Z,39.62,39.62,39.62,39.62
2026-04-20T18:20:00Z,39.8,39.8,39.8,39.8
2026-04-20T18:25:00Z,39.92,40.02,39.92,40.02
2026-04-20T18:30:00Z,40.05,40.17,40.05,40.07
2026-04-20T18:35:00Z,40.19,40.19,40.1,40.1
2026-04-20T18:40:00Z,40.18,40.2,40.15,40.2
2026-04-20T18:45:00Z,40.17,40.17,40.17,40.17
2026-04-20T18:50:00Z,40.28,40.34,40.2,40.34
2026-04-20T18:55:00Z,40.25,40.25,40.25,40.25
2026-04-20T19:00:00Z,40.2,40.22,40.1,40.1
2026-04-20T19:05:00Z,40.17,40.24,40.17,40.23
2026-04-20T19:10:00Z,40.25,40.25,40.25,40.25
2026-04-20T19:15:00Z,40.4,40.58,40.4,40.58
2026-04-20T19:20:00Z,40.56,40.61,40.44,40.44
2026-04-20T19:25:00Z,40.34,40.35,40.3,40.3
2026-04-20T19:35:00Z,40.5,40.5,40.5,40.5
2026-04-20T19:40:00Z,40.38,40.43,40.38,40.43
2026-04-20T19:45:00Z,40.51,40.58,40.44,40.58
2026-04-20T19:50:00Z,40.47,40.55,40.445,40.55
2026-04-20T19:55:00Z,40.54,40.56,40.54,40.54
2026-04-21T13:30:00Z,40.32,40.32,39,39.51
2026-04-21T13:35:00Z,40.05,40.16,39.1,39.22
2026-04-21T13:40:00Z,39,39.56,38.68,39.4
2026-04-21T13:45:00Z,39.24,40.04,39.24,39.75
2026-04-21T13:50:00Z,39.74,40.2,39.5,40.1
2026-04-21T13:55:00Z,40.1,40.5,40.1,40.3
2026-04-21T14:00:00Z,40.26,40.27,39.62,39.68
2026-04-21T14:05:00Z,39.71,40.28,39.71,40.28
2026-04-21T14:10:00Z,40.34,40.35,40.2,40.2
2026-04-21T14:15:00Z,40.05,40.05,39.905,39.99
2026-04-21T14:20:00Z,39.89,39.89,39.6,39.6
2026-04-21T14:25:00Z,39.55,39.63,39.5,39.61
2026-04-21T14:30:00Z,39.45,39.61,39.45,39.55
2026-04-21T14:35:00Z,40.21,40.21,39.8,39.81
2026-04-21T14:40:00Z,39.91,40.09,39.87,40.01
2026-04-21T14:45:00Z,39.92,39.92,39.5,39.5
2026-04-21T14:50:00Z,39.5,39.93,39.4,39.93
2026-04-21T14:55:00Z,39.87,39.89,39.49,39.49
2026-04-21T15:00:00Z,39.3,39.3,38.8,38.84
2026-04-21T15:05:00Z,38.86,39.7,38.71,39.58
2026-04-21T15:10:00Z,39.58,39.87,39.58,39.87
2026-04-21T15:15:00Z,39.7,40,39.6,39.99
2026-04-21T15:20:00Z,40.08,40.11,39.75,39.76
2026-04-21T15:25:00Z,39.58,39.58,39.41,39.5
2026-04-21T15:30:00Z,39.5,39.76,39.5,39.76
2026-04-21T15:35:00Z,39.64,39.64,39.33,39.48
2026-04-21T15:40:00Z,39.35,39.45,39.35,39.45
2026-04-21T15:45:00Z,39.26,39.26,39.22,39.22
2026-04-21T15:50:00Z,39.28,39.28,39.28,39.28
2026-04-21T15:55:00Z,39.25,39.55,39.25,39.55
2026-04-21T16:00:00Z,39.63,39.72,39.63,39.72
2026-04-21T16:05:00Z,39.45,39.45,39.45,39.45
2026-04-21T16:10:00Z,39.33,39.33,39.11,39.11
2026-04-21T16:15:00Z,39.11,39.11,39.11,39.11
2026-04-21T16:20:00Z,39.12,39.12,39,39
2026-04-21T16:25:00Z,38.91,38.91,38.91,38.91
2026-04-21T16:30:00Z,39.2,39.2,39.2,39.2
2026-04-21T16:35:00Z,39.15,39.15,39.03,39.03
2026-04-21T16:40:00Z,39,39,38.76,38.82
2026-04-21T16:45:00Z,38.84,38.91,38.84,38.91
2026-04-21T16:50:00Z,39,39,38.85,38.85
2026-04-21T16:55:00Z,38.86,38.86,38.7,38.71
2026-04-21T17:00:00Z,38.915,38.93,38.915,38.93
2026-04-21T17:05:00Z,38.76,38.76,38.5,38.5
2026-04-21T17:10:00Z,38.2,38.2,37.97,37.97
2026-04-21T17:15:00Z,38.06,38.06,37.69,37.72
2026-04-21T17:20:00Z,37.7,37.735,37.6,37.6
2026-04-21T17:25:00Z,37.66,37.66,37.35,37.35
2026-04-21T17:30:00Z,37.47,37.56,37.47,37.52
2026-04-21T17:35:00Z,37.3,37.3,37.3,37.3
2026-04-21T17:40:00Z,37.98,38.2,37.98,38.2
2026-04-21T17:45:00Z,38.17,38.17,38.17,38.17
2026-04-21T17:50:00Z,38.16,38.16,38.16,38.16
2026-04-21T18:10:00Z,38,38.27,38,38.27
2026-04-21T18:25:00Z,38.05,38.05,38.05,38.05
2026-04-21T18:30:00Z,37.8,37.8,37.8,37.8
2026-04-21T18:35:00Z,38,38,37.62,37.62
2026-04-21T18:40:00Z,37.6,37.63,37.6,37.63
2026-04-21T18:45:00Z,37.63,37.63,37.5,37.5
2026-04-21T18:50:00Z,37.38,37.38,37.25,37.275
2026-04-21T18:55:00Z,37.51,37.51,37.5,37.5
2026-04-21T19:00:00Z,37.64,37.81,37.64,37.81
2026-04-21T19:10:00Z,38,38.03,37.93,38.03
2026-04-21T19:15:00Z,38.04,38.08,38.04,38.08
2026-04-21T19:20:00Z,38.19,38.19,38.19,38.19
2026-04-21T19:25:00Z,38.25,38.59,38.25,38.59
2026-04-21T19:30:00Z,38.75,38.99,38.75,38.88
2026-04-21T19:35:00Z,38.74,38.74,38.42,38.42
2026-04-21T19:40:00Z,38.48,38.51,37.52,37.56
2026-04-21T19:45:00Z,37.57,37.62,37.57,37.6
2026-04-21T19:50:00Z,37.68,37.7,37.5,37.5
2026-04-21T19:55:00Z,37.45,37.51,37.45,37.51
2026-04-22T13:30:00Z,39.08,39.08,37.1,37.18
2026-04-22T13:35:00Z,37.19,38.55,37,38.475
2026-04-22T13:40:00Z,38.59,38.75,38.49,38.67
2026-04-22T13:45:00Z,38.57,38.78,38.37,38.37
2026-04-22T13:50:00Z,38.22,38.23,38.2,38.2
2026-04-22T13:55:00Z,38.42,38.6,38.35,38.6
2026-04-22T14:00:00Z,38.37,38.8,38.32,38.68
2026-04-22T14:05:00Z,38.5,38.77,38.5,38.77
2026-04-22T14:10:00Z,38.6,38.7,38.45,38.7
2026-04-22T14:15:00Z,38.78,38.78,38.56,38.56
2026-04-22T14:20:00Z,38.45,38.45,38.45,38.45
2026-04-22T14:25:00Z,38.505,39.39,38.505,39.37
2026-04-22T14:30:00Z,39.39,39.39,38.905,38.95
2026-04-22T14:35:00Z,38.96,39.07,38.68,38.72
2026-04-22T14:45:00Z,38.47,38.685,38.47,38.685
2026-04-22T14:50:00Z,38.6,38.6,38.28,38.28
2026-04-22T14:55:00Z,38.425,38.705,38.425,38.705
2026-04-22T15:00:00Z,38.7,38.7,38.29,38.29
2026-04-22T15:05:00Z,38.26,38.66,38.26,38.63
2026-04-22T15:15:00Z,38.5,38.5,38.5,38.5
2026-04-22T15:20:00Z,38.83,38.85,38.83,38.85
2026-04-22T15:25:00Z,38.6,38.61,38.6,38.61
2026-04-22T15:30:00Z,38.4,38.4,38.36,38.36
2026-04-22T15:35:00Z,38.22,38.28,38.19,38.19
2026-04-22T15:40:00Z,38.45,38.45,38.16,38.17
2026-04-22T15:50:00Z,38.4,38.4,38.4,38.4
2026-04-22T15:55:00Z,38.4,38.4,38.4,38.4
2026-04-22T16:00:00Z,38.4,38.4,38.4,38.4
2026-04-22T16:05:00Z,38.65,38.65,38.65,38.65
2026-04-22T16:10:00Z,38.65,38.65,38.51,38.58
2026-04-22T16:15:00Z,38.63,38.74,38.63,38.65
2026-04-22T16:20:00Z,38.73,38.73,38.73,38.73
2026-04-22T16:25:00Z,38.71,38.71,38.53,38.7
2026-04-22T16:30:00Z,38.56,38.68,38.56,38.68
2026-04-22T16:35:00Z,38.48,38.48,38.48,38.48
2026-04-22T16:40:00Z,38.25,38.25,38.25,38.25
2026-04-22T16:45:00Z,38.71,38.71,38.71,38.71
2026-04-22T16:55:00Z,38.47,38.47,38.47,38.47
2026-04-22T17:00:00Z,38.8,38.81,38.8,38.81
2026-04-22T17:05:00Z,38.755,38.755,38.5,38.5
2026-04-22T17:20:00Z,38.62,38.62,38.62,38.62
2026-04-22T17:25:00Z,38.59,38.59,38.55,38.55
2026-04-22T17:30:00Z,38.48,38.52,38.48,38.52
2026-04-22T17:35:00Z,38.4,38.4,38.38,38.38
2026-04-22T17:40:00Z,38.36,38.4,38.25,38.25
2026-04-22T17:50:00Z,38.42,38.42,38.42,38.42
2026-04-22T18:05:00Z,38.34,38.34,38.34,38.34
2026-04-22T18:10:00Z,38.23,38.23,38.23,38.23
2026-04-22T18:25:00Z,38.29,38.29,38.24,38.24
2026-04-22T18:40:00Z,38.4,38.53,38.4,38.53
2026-04-22T18:50:00Z,38.68,38.96,38.68,38.88
2026-04-22T18:55:00Z,38.82,38.82,38.81,38.81
2026-04-22T19:05:00Z,38.78,38.9,38.78,38.9
2026-04-22T19:10:00Z,39,39.02,38.81,38.81
2026-04-22T19:15:00Z,38.5,38.5,38.5,38.5
2026-04-22T19:20:00Z,38.4,38.4,38.4,38.4
2026-04-22T19:25:00Z,38.31,38.31,38.31,38.31
2026-04-22T19:40:00Z,38.45,38.53,38.45,38.53
2026-04-22T19:45:00Z,38.48,38.48,38.48,38.48
2026-04-22T19:50:00Z,38.62,39.06,38.53,39.06
2026-04-22T19:55:00Z,39.08,39.28,39.07,39.26
2026-04-23T13:30:00Z,37.065,37.08,35,35.55
2026-04-23T13:35:00Z,35.72,36.49,35.72,36.2
2026-04-23T13:40:00Z,36,36.2,35.9,36.15
2026-04-23T13:45:00Z,36,36.14,35.56,36.14
2026-04-23T13:50:00Z,36.02,36.02,35.31,35.31
2026-04-23T13:55:00Z,35.37,35.42,35.08,35.18
2026-04-23T14:00:00Z,35.06,35.06,34.77,34.91
2026-04-23T14:05:00Z,34.91,34.92,34.4,34.4
2026-04-23T14:10:00Z,34.49,34.5,34.1,34.175
2026-04-23T14:15:00Z,34.62,34.62,34.2,34.2
2026-04-23T14:20:00Z,34.34,34.49,34.19,34.3
2026-04-23T14:25:00Z,34.27,34.55,34.27,34.53
2026-04-23T14:30:00Z,34.6,34.64,34.5,34.63
2026-04-23T14:35:00Z,34.65,34.73,34.39,34.39
2026-04-23T14:40:00Z,34.59,34.9,34.59,34.9
2026-04-23T14:45:00Z,35.1,35.25,35.04,35.1
2026-04-23T14:50:00Z,35,35.26,35,35.24
2026-04-23T14:55:00Z,35.46,35.625,35.46,35.6
2026-04-23T15:00:00Z,35.7,35.76,35.58,35.58
2026-04-23T15:05:00Z,35.5,35.5,35.49,35.49
2026-04-23T15:10:00Z,35.68,35.77,35.54,35.54
2026-04-23T15:15:00Z,35.47,35.77,35.47,35.75
2026-04-23T15:20:00Z,35.74,35.74,35.48,35.55
2026-04-23T15:25:00Z,35.51,35.51,35.4,35.44
2026-04-23T15:30:00Z,35.3,35.3,35.3,35.3
2026-04-23T15:35:00Z,35.35,35.35,35,35
2026-04-23T15:40:00Z,34.98,35.07,34.95,35
2026-04-23T15:45:00Z,34.9,34.9,34.89,34.89
2026-04-23T15:50:00Z,34.61,34.61,34.2,34.2
2026-04-23T15:55:00Z,34.3,34.6,34.3,34.6
2026-04-23T16:00:00Z,34.79,34.79,34.61,34.61
2026-04-23T16:05:00Z,34.63,34.63,34.63,34.63
2026-04-23T16:15:00Z,34.72,34.72,34.72,34.72
2026-04-23T16:20:00Z,34.55,34.58,34.49,34.56
2026-04-23T16:25:00Z,34.75,34.75,34.59,34.59
2026-04-23T16:30:00Z,34.7,34.7,34.69,34.7
2026-04-23T16:35:00Z,34.68,34.68,34.56,34.58
2026-04-23T16:40:00Z,34.57,34.57,34.57,34.57
2026-04-23T16:45:00Z,34.56,34.57,34.42,34.51
2026-04-23T16:55:00Z,34.5,34.5,34.5,34.5
2026-04-23T17:00:00Z,34.6,34.6,34.17,34.17
2026-04-23T17:05:00Z,34.17,34.2,34.07,34.07
2026-04-23T17:10:00Z,34.04,34.04,33.8,33.8
2026-04-23T17:15:00Z,33.82,33.82,33.5,33.5
2026-04-23T17:20:00Z,33.5,33.61,33.5,33.58
2026-04-23T17:25:00Z,33.57,33.75,33.55,33.61
2026-04-23T17:35:00Z,33.54,33.54,33.4,33.43
2026-04-23T17:40:00Z,33.26,33.26,33,33
2026-04-23T17:45:00Z,32.8,33.04,32.77,33.04
2026-04-23T17:50:00Z,32.88,32.88,32.88,32.88
2026-04-23T17:55:00Z,33.58,33.58,33.55,33.55
2026-04-23T18:00:00Z,33.49,33.69,33.49,33.69
2026-04-23T18:05:00Z,33.88,33.88,33.88,33.88
2026-04-23T18:10:00Z,33.81,33.9,33.8,33.86
2026-04-23T18:15:00Z,33.98,34,33.98,34
2026-04-23T18:20:00Z,33.78,34.04,33.78,34.04
2026-04-23T18:25:00Z,34.11,34.15,34.05,34.05
2026-04-23T18:30:00Z,34.3,34.3,34.3,34.3
2026-04-23T18:35:00Z,34.3,34.3,34.19,34.19
2026-04-23T18:40:00Z,34.12,34.12,34.12,34.12
2026-04-23T18:45:00Z,34.15,34.15,34.15,34.15
2026-04-23T18:50:00Z,34,34,34,34
2026-04-23T18:55:00Z,34,34.04,34,34
2026-04-23T19:00:00Z,33.99,34.06,33.93,34.06
2026-04-23T19:05:00Z,34.15,34.15,34.15,34.15
2026-04-23T19:10:00Z,34.25,34.25,34.25,34.25
2026-04-23T19:15:00Z,34.325,34.35,34.25,34.3
2026-04-23T19:30:00Z,34.39,34.39,34.39,34.39
2026-04-23T19:35:00Z,34.15,34.15,34.15,34.15
2026-04-23T19:40:00Z,34.25,34.25,34.2,34.2
2026-04-23T19:50:00Z,33.99,34.3,33.99,34.3
2026-04-23T19:55:00Z,34.18,34.52,34.18,34.5
2026-04-24T13:30:00Z,34.5,34.86,33.98,34.06
2026-04-24T13:35:00Z,33.85,34.35,33.82,34.35
2026-04-24T13:40:00Z,34.2,34.2,34,34
2026-04-24T13:45:00Z,34.23,34.23,34.2,34.2
2026-04-24T13:50:00Z,34.18,34.18,34.18,34.18
2026-04-24T13:55:00Z,34,34,33.74,33.88
2026-04-24T14:00:00Z,33.7,33.7,33.42,33.42
2026-04-24T14:05:00Z,33.545,33.545,33.18,33.18
2026-04-24T14:10:00Z,33.34,33.5,33.34,33.4
2026-04-24T14:15:00Z,33.37,33.37,32.84,32.96
2026-04-24T14:20:00Z,33,33,32.44,32.44
2026-04-24T14:25:00Z,32.4,32.4,31.96,32.19
2026-04-24T14:30:00Z,32.2,32.2,31.87,32
2026-04-24T14:35:00Z,32.07,32.07,31.8,31.8
2026-04-24T14:40:00Z,31.7,31.8,31.6,31.76
2026-04-24T14:45:00Z,31.82,31.82,31.5,31.7
2026-04-24T14:50:00Z,31.7,32.03,31.7,32.02
2026-04-24T14:55:00Z,32.25,32.5,32.25,32.42
2026-04-24T15:00:00Z,32.33,32.33,31.95,31.95
2026-04-24T15:05:00Z,31.91,31.91,31.55,31.59
2026-04-24T15:10:00Z,31.62,31.72,31.55,31.7
2026-04-24T15:15:00Z,31.7,31.78,31.49,31.49
2026-04-24T15:20:00Z,31.655,31.655,31.6,31.655
2026-04-24T15:25:00Z,31.62,31.73,31.41,31.72
2026-04-24T15:30:00Z,31.79,31.79,31.67,31.67
2026-04-24T15:35:00Z,31.65,31.65,31.52,31.52
2026-04-24T15:40:00Z,31.695,32,31.695,32
2026-04-24T15:45:00Z,32.13,32.2,31.98,32.15
2026-04-24T15:50:00Z,32.3,32.3,32.3,32.3
2026-04-24T15:55:00Z,32.12,32.12,31.82,31.82
2026-04-24T16:00:00Z,31.78,31.78,31.455,31.47
2026-04-24T16:05:00Z,31.43,31.49,31.25,31.25
2026-04-24T16:10:00Z,31.2,31.38,31.2,31.34
2026-04-24T16:15:00Z,31.3,31.3,31.2,31.21
2026-04-24T16:20:00Z,31.2,31.28,31.09,31.2
2026-04-24T16:25:00Z,31.25,31.58,31.25,31.58
2026-04-24T16:30:00Z,31.84,31.91,31.84,31.91
2026-04-24T16:35:00Z,31.98,32.26,31.98,32.26
2026-04-24T16:40:00Z,32.2,32.21,32.11,32.11
2026-04-24T16:45:00Z,32.36,32.5,32.355,32.5
2026-04-24T16:50:00Z,32.62,32.76,32.62,32.75
2026-04-24T16:55:00Z,32.89,33.215,32.89,33.18
2026-04-24T17:00:00Z,33.35,33.5,33.35,33.415
2026-04-24T17:05:00Z,33.3,33.5,33.26,33.5
2026-04-24T17:10:00Z,33.57,33.67,33.56,33.56
2026-04-24T17:15:00Z,33.54,33.54,33.43,33.43
2026-04-24T17:20:00Z,33.44,33.44,33.151,33.151
2026-04-24T17:25:00Z,33.11,33.11,33.11,33.11
2026-04-24T17:30:00Z,33.14,33.22,33.14,33.22
2026-04-24T17:35:00Z,33.28,33.3,33.28,33.3
2026-04-24T17:40:00Z,33.35,33.35,33.35,33.35
2026-04-24T17:45:00Z,33.38,33.45,33.38,33.45
2026-04-24T17:50:00Z,33.54,33.54,33.54,33.54
2026-04-24T18:00:00Z,33.35,33.45,33.35,33.45
2026-04-24T18:05:00Z,33.35,33.35,33.34,33.34
2026-04-24T18:10:00Z,33.46,33.49,33.46,33.49
2026-04-24T18:15:00Z,33.49,33.5,33.48,33.5
2026-04-24T18:20:00Z,33.62,33.68,33.62,33.68
2026-04-24T18:25:00Z,33.62,33.62,33.62,33.62
2026-04-24T18:30:00Z,33.6,33.6,33.6,33.6
2026-04-24T18:45:00Z,33.7,33.7,33.7,33.7
2026-04-24T18:55:00Z,33.55,33.55,33.5,33.5
2026-04-24T19:00:00Z,33.55,33.55,33.55,33.55
2026-04-24T19:05:00Z,33.68,33.8,33.68,33.8
2026-04-24T19:10:00Z,33.8,34,33.8,34
2026-04-24T19:15:00Z,33.92,34,33.92,34
2026-04-24T19:20:00Z,33.97,34.05,33.97,33.97
2026-04-24T19:25:00Z,33.9,33.9,33.9,33.9
2026-04-24T19:30:00Z,33.93,33.93,33.75,33.75
2026-04-24T19:35:00Z,33.7,33.7,33.63,33.7
2026-04-24T19:40:00Z,33.8,33.8,33.8,33.8
2026-04-24T19:45:00Z,33.84,33.88,33.84,33.88
2026-04-24T19:50:00Z,33.84,33.89,33.83,33.89
2026-04-24T19:55:00Z,33.47,33.53,33.43,33.53
2026-04-27T13:30:00Z,32.9,33.75,32.9,33.17
2026-04-27T13:35:00Z,33.3,33.88,33.3,33.79
2026-04-27T13:40:00Z,33.99,34.15,33.65,33.87
2026-04-27T13:45:00Z,33.74,34.49,33.74,34.13
2026-04-27T13:50:00Z,34,34.46,33.9,34.42
2026-04-27T13:55:00Z,34.49,34.49,33.97,33.97
2026-04-27T14:00:00Z,34.08,34.17,34.08,34.17
2026-04-27T14:05:00Z,34.08,34.08,34.08,34.08
2026-04-27T14:10:00Z,33.94,34.06,33.94,34.04
2026-04-27T14:15:00Z,33.95,34.6,33.95,34.51
2026-04-27T14:20:00Z,34.52,34.6,34.44,34.6
2026-04-27T14:25:00Z,34.65,34.68,34.59,34.62
2026-04-27T14:30:00Z,34.57,34.57,34.45,34.45
2026-04-27T14:35:00Z,34.45,34.5,34.45,34.5
2026-04-27T14:40:00Z,34.66,34.7,34.62,34.67
2026-04-27T14:45:00Z,34.665,34.77,34.665,34.77
2026-04-27T14:50:00Z,34.75,34.84,34.7,34.7
2026-04-27T14:55:00Z,34.7,34.7,34.58,34.58
2026-04-27T15:00:00Z,34.75,34.75,34.6,34.735
2026-04-27T15:05:00Z,34.8,34.8,34.67,34.67
2026-04-27T15:10:00Z,34.74,34.85,34.74,34.85
2026-04-27T15:15:00Z,34.88,34.88,34.77,34.85
2026-04-27T15:20:00Z,34.85,34.85,34.74,34.78
2026-04-27T15:25:00Z,34.85,35.19,34.85,35.19
2026-04-27T15:30:00Z,35.18,35.25,35.11,35.12
2026-04-27T15:35:00Z,34.99,35.1,34.99,35.1
2026-04-27T15:40:00Z,35.18,35.18,35.05,35.05
2026-04-27T15:45:00Z,34.97,34.98,34.86,34.9
2026-04-27T15:50:00Z,34.9,35,34.87,35
2026-04-27T15:55:00Z,35.03,35.12,35.03,35.12
2026-04-27T16:00:00Z,35.15,35.2,35.15,35.15
2026-04-27T16:05:00Z,35.31,35.31,34.99,35
2026-04-27T16:10:00Z,34.9,35.04,34.89,34.95
2026-04-27T16:15:00Z,35.02,35.14,35.02,35.1
2026-04-27T16:20:00Z,34.99,34.99,34.81,34.81
2026-04-27T16:30:00Z,35,35.02,35,35.02
2026-04-27T16:35:00Z,35,35,34.9,34.9
2026-04-27T16:40:00Z,34.73,34.73,34.73,34.73
2026-04-27T16:50:00Z,34.7,34.82,34.7,34.82
2026-04-27T17:00:00Z,34.64,34.64,34.64,34.64
2026-04-27T17:05:00Z,34.55,34.55,34.55,34.55
2026-04-27T17:20:00Z,34.95,34.99,34.95,34.99
2026-04-27T17:25:00Z,35,35,35,35
2026-04-27T17:35:00Z,34.85,34.85,34.85,34.85
2026-04-27T17:45:00Z,34.85,34.85,34.71,34.71
2026-04-27T17:50:00Z,34.6,34.6,34.6,34.6
2026-04-27T17:55:00Z,34.71,34.75,34.71,34.75
2026-04-27T18:05:00Z,34.68,34.7,34.68,34.7
2026-04-27T18:15:00Z,34.95,34.95,34.94,34.94
2026-04-27T18:20:00Z,34.99,34.99,34.99,34.99
2026-04-27T18:25:00Z,34.85,34.85,34.85,34.85
2026-04-27T18:30:00Z,34.55,34.55,34.4,34.4
2026-04-27T18:50:00Z,34.87,34.87,34.87,34.87
2026-04-27T18:55:00Z,34.8,34.8,34.8,34.8
2026-04-27T19:00:00Z,34.77,34.77,34.77,34.77
2026-04-27T19:05:00Z,34.6,34.6,34.55,34.55
2026-04-27T19:15:00Z,34.72,34.72,34.72,34.72
2026-04-27T19:30:00Z,34.51,34.51,34.51,34.51
2026-04-27T19:40:00Z,34.55,34.85,34.55,34.85
2026-04-27T19:45:00Z,35,35.25,35,35.25
2026-04-27T19:50:00Z,35.28,35.53,35.19,35.43
2026-04-27T19:55:00Z,35.33,35.33,35.33,35.33
2026-04-28T13:30:00Z,34.22,34.66,33.57,33.96
2026-04-28T13:40:00Z,34.62,34.75,34.62,34.71
2026-04-28T13:45:00Z,34.8,35.61,34.8,35.25
2026-04-28T13:50:00Z,35.46,35.61,35.16,35.16
2026-04-28T13:55:00Z,34.78,34.9,34.695,34.695
2026-04-28T14:00:00Z,34.22,34.63,34.22,34.63
2026-04-28T14:10:00Z,34.21,34.21,33.97,33.97
2026-04-28T14:15:00Z,33.96,34.21,33.74,33.74
2026-04-28T14:20:00Z,33.58,33.58,33.33,33.34
2026-04-28T14:25:00Z,33.25,33.57,33.25,33.57
2026-04-28T14:30:00Z,33.53,33.53,33.45,33.45
2026-04-28T14:35:00Z,33.415,33.415,33.09,33.09
2026-04-28T14:40:00Z,33.07,33.35,33.01,33.33
2026-04-28T14:45:00Z,33.49,33.49,32.88,32.88
2026-04-28T14:50:00Z,32.8,32.8,32.51,32.57
2026-04-28T14:55:00Z,32.5,32.63,32.5,32.59
2026-04-28T15:00:00Z,32.75,32.95,32.75,32.95
2026-04-28T15:05:00Z,32.75,32.8,32.7,32.8
2026-04-28T15:10:00Z,32.93,33.165,32.93,33.15
2026-04-28T15:15:00Z,33.14,33.2,33.14,33.2
2026-04-28T15:20:00Z,33.1,33.1,33.1,33.1
2026-04-28T15:25:00Z,33.1,33.1,33.1,33.1
2026-04-28T15:30:00Z,33.05,33.05,33,33
2026-04-28T15:40:00Z,32.87,32.87,32.7,32.7
2026-04-28T15:45:00Z,32.65,32.65,32.65,32.65
2026-04-28T15:50:00Z,32.85,32.86,32.85,32.86
2026-04-28T15:55:00Z,32.845,32.9,32.84,32.9
2026-04-28T16:10:00Z,32.96,32.96,32.91,32.91
2026-04-28T16:15:00Z,32.9,32.9,32.9,32.9
2026-04-28T16:20:00Z,32.95,32.95,32.85,32.85
2026-04-28T16:30:00Z,32.89,32.89,32.89,32.89
2026-04-28T16:35:00Z,32.82,32.97,32.82,32.95
2026-04-28T16:40:00Z,32.94,32.94,32.94,32.94
2026-04-28T16:45:00Z,33,33,32.98,32.99
2026-04-28T16:50:00Z,33,33.11,33,33.11
2026-04-28T16:55:00Z,33.22,33.22,33.22,33.22
2026-04-28T17:00:00Z,33.1,33.1,32.99,32.99
2026-04-28T17:05:00Z,33.05,33.05,33.05,33.05
2026-04-28T17:15:00Z,32.95,32.95,32.95,32.95
2026-04-28T17:20:00Z,33,33,33,33
2026-04-28T17:25:00Z,32.97,33,32.97,33
2026-04-28T17:35:00Z,33.21,33.21,33.21,33.21
2026-04-28T17:50:00Z,33.33,33.33,33.33,33.33
2026-04-28T18:00:00Z,33.4,33.4,33.4,33.4
2026-04-28T18:05:00Z,33.49,33.49,33.49,33.49
2026-04-28T18:15:00Z,33.46,33.46,33.46,33.46
2026-04-28T18:20:00Z,33.58,33.58,33.58,33.58
2026-04-28T18:25:00Z,33.62,33.62,33.62,33.62
2026-04-28T18:30:00Z,33.7,33.79,33.7,33.79
2026-04-28T18:35:00Z,33.86,33.88,33.86,33.88
2026-04-28T18:40:00Z,33.85,33.85,33.85,33.85
2026-04-28T18:45:00Z,33.59,33.59,33.59,33.59
2026-04-28T19:00:00Z,33.52,33.52,33.52,33.52
2026-04-28T19:05:00Z,33.43,33.43,33.43,33.43
2026-04-28T19:25:00Z,33.61,33.65,33.61,33.65
2026-04-28T19:30:00Z,33.58,33.58,33.58,33.58
2026-04-28T19:40:00Z,33.7,33.7,33.7,33.7
2026-04-28T19:50:00Z,33.7,33.76,33.7,33.76
2026-04-28T19:55:00Z,33.5,33.69,33.5,33.69
2026-04-29T13:30:00Z,33.44,33.5,31.76,31.8
2026-04-29T13:35:00Z,31.65,32.04,31.58,31.9
2026-04-29T13:40:00Z,31.92,31.92,31.3,31.3
2026-04-29T13:50:00Z,32.01,32.06,31.88,31.88
2026-04-29T13:55:00Z,31.86,32.1,31.73,31.73
2026-04-29T14:00:00Z,31.65,31.65,31.34,31.34
2026-04-29T14:05:00Z,31.41,31.41,31.1,31.1
2026-04-29T14:10:00Z,31.05,31.05,30.89,31
2026-04-29T14:15:00Z,31.1,31.1,31,31
2026-04-29T14:20:00Z,30.995,31.2,30.921,31.2
2026-04-29T14:25:00Z,31.32,31.585,31.32,31.585
2026-04-29T14:30:00Z,31.49,31.51,31.35,31.35
2026-04-29T14:35:00Z,31.3,31.3,31.3,31.3
2026-04-29T14:40:00Z,31.22,31.22,31.22,31.22
2026-04-29T14:45:00Z,31.4,31.4,31.4,31.4
2026-04-29T14:50:00Z,31.43,31.43,31.43,31.43
2026-04-29T14:55:00Z,31.63,31.63,31.63,31.63
2026-04-29T15:00:00Z,31.73,31.73,31.73,31.73
2026-04-29T15:05:00Z,31.72,31.805,31.4,31.4
2026-04-29T15:10:00Z,31.22,31.22,31.2,31.2
2026-04-29T15:15:00Z,31.1,31.37,31.07,31.37
2026-04-29T15:30:00Z,31.7,31.7,31.57,31.7
2026-04-29T15:35:00Z,31.53,31.53,31.53,31.53
2026-04-29T15:45:00Z,31.7,31.7,31.7,31.7
2026-04-29T15:50:00Z,31.66,31.66,31.4,31.4
2026-04-29T15:55:00Z,31.07,31.135,31.05,31.05
2026-04-29T16:05:00Z,31.59,31.59,31.59,31.59
2026-04-29T16:10:00Z,31.8,31.8,31.8,31.8
2026-04-29T16:15:00Z,31.67,31.67,31.67,31.67
2026-04-29T16:25:00Z,31.49,31.51,31.49,31.51
2026-04-29T16:45:00Z,31.3,31.3,31.3,31.3
2026-04-29T16:55:00Z,31.35,31.35,31.35,31.35
2026-04-29T17:20:00Z,31.64,31.64,31.55,31.575
2026-04-29T17:35:00Z,31.6,31.6,31.6,31.6
2026-04-29T17:40:00Z,31.6,31.6,31.6,31.6
2026-04-29T17:45:00Z,31.65,31.65,31.6,31.6
2026-04-29T18:10:00Z,31.61,31.63,31.61,31.63
2026-04-29T18:15:00Z,31.82,31.82,31.82,31.82
2026-04-29T18:20:00Z,31.73,31.73,31.73,31.73
2026-04-29T18:35:00Z,32,32.18,32,32.18
2026-04-29T18:50:00Z,32.355,32.41,32.355,32.41
2026-04-29T18:55:00Z,32.33,32.33,32.33,32.33
2026-04-29T19:00:00Z,32.46,32.62,32.46,32.54
2026-04-29T19:10:00Z,32.57,32.57,32.57,32.57
2026-04-29T19:20:00Z,32.56,32.56,32.56,32.56
2026-04-29T19:25:00Z,32.53,32.53,32.53,32.53
2026-04-29T19:30:00Z,32.4,32.4,32.4,32.4
2026-04-29T19:40:00Z,32.2,32.2,32.18,32.18
2026-04-29T19:45:00Z,32.26,32.29,32.26,32.28
2026-04-29T19:50:00Z,32.42,32.42,32.42,32.42
2026-04-29T19:55:00Z,32.65,32.695,32.57,32.695
2026-04-30T13:30:00Z,33.33,33.33,33.33,33.33
2026-04-30T13:35:00Z,33,33,32.99,32.99
2026-04-30T13:45:00Z,32.01,32.09,32.01,32.03
2026-04-30T13:50:00Z,31.87,31.87,31.75,31.83
2026-04-30T13:55:00Z,31.65,32.09,31.65,32.09
2026-04-30T14:05:00Z,32.2,32.2,31.9,31.9
2026-04-30T14:10:00Z,31.8,31.8,31.8,31.8
2026-04-30T14:15:00Z,31.8,31.8,31.4,31.48
2026-04-30T14:20:00Z,31.77,31.77,31.6,31.6
2026-04-30T14:40:00Z,32.19,32.19,32.15,32.19
2026-04-30T14:45:00Z,32.44,32.44,32.44,32.44
2026-04-30T14:50:00Z,32.59,32.59,32.48,32.48
2026-04-30T14:55:00Z,32.49,32.49,32.49,32.49
2026-04-30T15:00:00Z,32.6,32.65,32.6,32.62
2026-04-30T15:05:00Z,32.42,32.42,32.42,32.42
2026-04-30T15:10:00Z,32.56,32.63,32.42,32.43
2026-04-30T15:15:00Z,32.33,32.33,32.32,32.32
2026-04-30T15:30:00Z,32.5,32.5,32.35,32.35
2026-04-30T15:35:00Z,32.01,32.01,32,32
2026-04-30T15:40:00Z,31.92,32.1,31.92,32.1
2026-04-30T16:05:00Z,32.3,32.3,32.265,32.3
2026-04-30T16:15:00Z,32.12,32.12,32.12,32.12
2026-04-30T16:20:00Z,32.04,32.04,32.01,32.01
2026-04-30T16:25:00Z,31.92,31.92,31.9,31.9
2026-04-30T16:30:00Z,31.8,31.8,31.8,31.8
2026-04-30T16:55:00Z,31.9,31.9,31.9,31.9
2026-04-30T17:10:00Z,32.03,32.03,32.03,32.03
2026-04-30T17:30:00Z,32.35,32.35,32.35,32.35
2026-04-30T17:50:00Z,32.3,32.3,32.3,32.3
2026-04-30T18:05:00Z,32.8,32.85,32.8,32.85
2026-04-30T18:20:00Z,32.77,32.9,32.77,32.9
2026-04-30T18:25:00Z,33,33,33,33
2026-04-30T18:30:00Z,33.19,33.2,33.19,33.2
2026-04-30T18:35:00Z,33.33,33.38,33.33,33.38
2026-04-30T18:40:00Z,33.5,33.57,33.5,33.57
2026-04-30T18:45:00Z,33.52,33.6,33.5,33.5
2026-04-30T18:50:00Z,33.41,33.41,33.41,33.41
2026-04-30T18:55:00Z,33.41,33.41,33.41,33.41
2026-04-30T19:00:00Z,33.38,33.41,33.38,33.41
2026-04-30T19:05:00Z,33.45,33.45,33.45,33.45
2026-04-30T19:10:00Z,33.37,33.37,33.37,33.37
2026-04-30T19:25:00Z,33.36,33.36,33.3,33.3
2026-04-30T19:50:00Z,33.03,33.03,33.03,33.03
2026-04-30T19:55:00Z,33,33.13,33,33.12
2026-05-01T13:30:00Z,35.05,36.59,35.05,36.05
2026-05-01T13:35:00Z,36.23,36.54,35.45,35.45
2026-05-01T13:40:00Z,35.65,35.79,35.57,35.6
2026-05-01T13:45:00Z,35.5,35.5,35.25,35.25
2026-05-01T13:50:00Z,35.01,35.1,35,35.1
2026-05-01T13:55:00Z,35.04,35.16,34.84,34.84
2026-05-01T14:00:00Z,34.65,34.66,34.25,34.25
2026-05-01T14:05:00Z,34.09,34.245,34.08,34.245
2026-05-01T14:10:00Z,34.3,34.3,33.95,34.27
2026-05-01T14:15:00Z,34.2,34.44,34.05,34.44
2026-05-01T14:20:00Z,34.5,34.96,34.5,34.96
2026-05-01T14:25:00Z,35.08,35.3,35.08,35.3
2026-05-01T14:30:00Z,35,35.12,35,35.12
2026-05-01T14:35:00Z,35,35.02,34.59,34.59
2026-05-01T14:40:00Z,34.82,35,34.82,35
2026-05-01T14:45:00Z,34.99,35,34.99,35
2026-05-01T14:50:00Z,34.85,34.85,34.85,34.85
2026-05-01T14:55:00Z,35.15,35.35,35.15,35.35
2026-05-01T15:00:00Z,35.09,35.09,34.89,34.98
2026-05-01T15:10:00Z,34.83,35.05,34.83,35.05
2026-05-01T15:15:00Z,35,35,35,35
2026-05-01T15:20:00Z,34.97,34.97,34.95,34.95
2026-05-01T15:25:00Z,35,35,35,35
2026-05-01T15:30:00Z,35.1,35.2,35.1,35.2
2026-05-01T15:45:00Z,35.28,35.5,35.28,35.5
2026-05-01T15:50:00Z,35.4,35.4,35.06,35.06
2026-05-01T15:55:00Z,34.97,34.99,34.97,34.99
2026-05-01T16:00:00Z,34.84,34.84,34.84,34.84
2026-05-01T16:05:00Z,34.9,34.9,34.9,34.9
2026-05-01T16:10:00Z,34.83,34.83,34.83,34.83
2026-05-01T16:20:00Z,34.85,34.85,34.85,34.85
2026-05-01T16:25:00Z,34.75,34.75,34.62,34.62
2026-05-01T16:30:00Z,34.66,34.66,34.66,34.66
2026-05-01T16:35:00Z,34.8,34.8,34.8,34.8
2026-05-01T16:45:00Z,34.7,34.83,34.7,34.83
2026-05-01T16:50:00Z,35,35,35,35
2026-05-01T16:55:00Z,35.09,35.09,35,35
2026-05-01T17:00:00Z,35,35.045,35,35.045
2026-05-01T17:05:00Z,35.3,35.3,35.3,35.3
2026-05-01T17:15:00Z,35.32,35.32,35.32,35.32
2026-05-01T17:20:00Z,35.34,35.34,35.34,35.34
2026-05-01T17:25:00Z,35.45,35.65,35.45,35.65
2026-05-01T17:30:00Z,35.76,35.76,35.76,35.76
2026-05-01T17:35:00Z,35.7,35.74,35.7,35.74
2026-05-01T17:40:00Z,35.76,35.76,35.76,35.76
2026-05-01T17:45:00Z,35.64,35.64,35.4,35.44
2026-05-01T17:50:00Z,35.55,35.55,35.55,35.55
2026-05-01T17:55:00Z,35.5,35.5,35.5,35.5
2026-05-01T18:00:00Z,35.6,35.6,35.6,35.6
2026-05-01T18:05:00Z,35.33,35.36,35.3,35.36
2026-05-01T18:10:00Z,35.32,35.32,35.32,35.32
2026-05-01T18:25:00Z,35.47,35.47,35.47,35.47
2026-05-01T18:30:00Z,35.5,35.5,35.49,35.49
2026-05-01T18:35:00Z,35.3,35.3,35.3,35.3
2026-05-01T18:40:00Z,35.25,35.28,35.21,35.25
2026-05-01T18:45:00Z,35.2,35.2,35.2,35.2
2026-05-01T18:50:00Z,35.19,35.19,35.19,35.19
2026-05-01T18:55:00Z,35.15,35.15,35.15,35.15
2026-05-01T19:00:00Z,35.24,35.24,35.24,35.24
2026-05-01T19:10:00Z,35.4,35.4,35.4,35.4
2026-05-01T19:25:00Z,35.38,35.38,35.38,35.38
2026-05-01T19:30:00Z,35.34,35.34,35.34,35.34
2026-05-01T19:35:00Z,35.335,35.335,35.29,35.29
2026-05-01T19:40:00Z,35.25,35.25,35.25,35.25
2026-05-01T19:45:00Z,35.23,35.38,35.23,35.38
2026-05-01T19:50:00Z,35.37,35.41,35.36,35.36
2026-05-01T19:55:00Z,35.36,35.36,35.265,35.265